root	parent_relative	subtree	allocated_bytes	git_commit	git_source	content_sha256	restore_command_template
v04-phase5-warehouse-governance-compact-onoff-4x2-8r-20260613T115956Z-claw	fixed_candidate_replay/rep01_record_only_promoted/replay/materialized/070b6e4eb3046487/on	data	9715712	e1e4c4809bab7c3666229523f3ff04a5fbc93d47	surrogate/data	e39d71899d6b96e6280b4ad0d8207960c6a393f0e0d6e35b5ad77e854d361ea3	git -C {repo} archive {git_commit} {git_source} | tar -x -C {experiment_root}/{root}/{parent_relative} --strip-components=1
v04-phase5-warehouse-governance-compact-onoff-4x2-8r-20260613T115956Z-claw	fixed_candidate_replay/rep01_record_only_promoted/replay/materialized/070b6e4eb3046487/on	cplex-final-20260426	1015808	e1e4c4809bab7c3666229523f3ff04a5fbc93d47	surrogate/cplex-final-20260426	b992f1c84218d64eee1586a0dd33e47569195cac060659bc3fa7231b098fd29f	git -C {repo} archive {git_commit} {git_source} | tar -x -C {experiment_root}/{root}/{parent_relative} --strip-components=1
v04-phase5-warehouse-governance-compact-onoff-4x2-8r-20260613T115956Z-claw	fixed_candidate_replay/rep01_record_only_promoted/replay/materialized/070b6e4eb3046487/on	sprint-f4-milp-results	466944	e1e4c4809bab7c3666229523f3ff04a5fbc93d47	surrogate/sprint-f4-milp-results	2a65d92d3876b297da8a70c215e29c02beb12888a6b0cf5782d5b959139ef521	git -C {repo} archive {git_commit} {git_source} | tar -x -C {experiment_root}/{root}/{parent_relative} --strip-components=1
v04-phase5-warehouse-governance-compact-onoff-4x2-8r-20260613T115956Z-claw	fixed_candidate_replay/rep01_record_only_promoted/replay/materialized/070b6e4eb3046487/on	tests	372736	e1e4c4809bab7c3666229523f3ff04a5fbc93d47	surrogate/tests	6421b91de97dcff6251ebfc4a2c6fac826b3bf9e622f0f3a9a3b51adcbb561a5	git -C {repo} archive {git_commit} {git_source} | tar -x -C {experiment_root}/{root}/{parent_relative} --strip-components=1
v04-phase5-warehouse-governance-compact-onoff-4x2-8r-20260613T115956Z-claw	fixed_candidate_replay/rep01_record_only_promoted/replay/materialized/070b6e4eb3046487/on	milp_bounds	327680	e1e4c4809bab7c3666229523f3ff04a5fbc93d47	surrogate/milp_bounds	c127bcd8e5778b4909edd75c31b2df601f40f512065c23108337dfbaaa1c6808	git -C {repo} archive {git_commit} {git_source} | tar -x -C {experiment_root}/{root}/{parent_relative} --strip-components=1
v04-phase5-warehouse-governance-compact-onoff-4x2-8r-20260613T115956Z-claw	fixed_candidate_replay/rep01_record_only_promoted/replay/materialized/070b6e4eb3046487/on	calibration	8192	e1e4c4809bab7c3666229523f3ff04a5fbc93d47	surrogate/calibration	3c7648f54a6456a5824cc7f18140d3b28226300a12bf3bb4196cde86d8453016	git -C {repo} archive {git_commit} {git_source} | tar -x -C {experiment_root}/{root}/{parent_relative} --strip-components=1
v04-phase5-warehouse-governance-compact-onoff-4x2-8r-20260613T115956Z-claw	fixed_candidate_replay/rep01_record_only_promoted/replay/materialized/070b6e4eb3046487/record_only	data	9715712	e1e4c4809bab7c3666229523f3ff04a5fbc93d47	surrogate/data	e39d71899d6b96e6280b4ad0d8207960c6a393f0e0d6e35b5ad77e854d361ea3	git -C {repo} archive {git_commit} {git_source} | tar -x -C {experiment_root}/{root}/{parent_relative} --strip-components=1
v04-phase5-warehouse-governance-compact-onoff-4x2-8r-20260613T115956Z-claw	fixed_candidate_replay/rep01_record_only_promoted/replay/materialized/070b6e4eb3046487/record_only	cplex-final-20260426	1015808	e1e4c4809bab7c3666229523f3ff04a5fbc93d47	surrogate/cplex-final-20260426	b992f1c84218d64eee1586a0dd33e47569195cac060659bc3fa7231b098fd29f	git -C {repo} archive {git_commit} {git_source} | tar -x -C {experiment_root}/{root}/{parent_relative} --strip-components=1
v04-phase5-warehouse-governance-compact-onoff-4x2-8r-20260613T115956Z-claw	fixed_candidate_replay/rep01_record_only_promoted/replay/materialized/070b6e4eb3046487/record_only	sprint-f4-milp-results	466944	e1e4c4809bab7c3666229523f3ff04a5fbc93d47	surrogate/sprint-f4-milp-results	2a65d92d3876b297da8a70c215e29c02beb12888a6b0cf5782d5b959139ef521	git -C {repo} archive {git_commit} {git_source} | tar -x -C {experiment_root}/{root}/{parent_relative} --strip-components=1
v04-phase5-warehouse-governance-compact-onoff-4x2-8r-20260613T115956Z-claw	fixed_candidate_replay/rep01_record_only_promoted/replay/materialized/070b6e4eb3046487/record_only	tests	372736	e1e4c4809bab7c3666229523f3ff04a5fbc93d47	surrogate/tests	6421b91de97dcff6251ebfc4a2c6fac826b3bf9e622f0f3a9a3b51adcbb561a5	git -C {repo} archive {git_commit} {git_source} | tar -x -C {experiment_root}/{root}/{parent_relative} --strip-components=1
v04-phase5-warehouse-governance-compact-onoff-4x2-8r-20260613T115956Z-claw	fixed_candidate_replay/rep01_record_only_promoted/replay/materialized/070b6e4eb3046487/record_only	milp_bounds	327680	e1e4c4809bab7c3666229523f3ff04a5fbc93d47	surrogate/milp_bounds	c127bcd8e5778b4909edd75c31b2df601f40f512065c23108337dfbaaa1c6808	git -C {repo} archive {git_commit} {git_source} | tar -x -C {experiment_root}/{root}/{parent_relative} --strip-components=1
v04-phase5-warehouse-governance-compact-onoff-4x2-8r-20260613T115956Z-claw	fixed_candidate_replay/rep01_record_only_promoted/replay/materialized/070b6e4eb3046487/record_only	calibration	8192	e1e4c4809bab7c3666229523f3ff04a5fbc93d47	surrogate/calibration	3c7648f54a6456a5824cc7f18140d3b28226300a12bf3bb4196cde86d8453016	git -C {repo} archive {git_commit} {git_source} | tar -x -C {experiment_root}/{root}/{parent_relative} --strip-components=1
v04-phase5-warehouse-governance-compact-onoff-4x2-8r-20260613T115956Z-claw	fixed_candidate_replay/rep01_record_only_promoted/replay_v1/materialized/070b6e4eb3046487/on	data	9715712	e1e4c4809bab7c3666229523f3ff04a5fbc93d47	surrogate/data	e39d71899d6b96e6280b4ad0d8207960c6a393f0e0d6e35b5ad77e854d361ea3	git -C {repo} archive {git_commit} {git_source} | tar -x -C {experiment_root}/{root}/{parent_relative} --strip-components=1
v04-phase5-warehouse-governance-compact-onoff-4x2-8r-20260613T115956Z-claw	fixed_candidate_replay/rep01_record_only_promoted/replay_v1/materialized/070b6e4eb3046487/on	cplex-final-20260426	1015808	e1e4c4809bab7c3666229523f3ff04a5fbc93d47	surrogate/cplex-final-20260426	b992f1c84218d64eee1586a0dd33e47569195cac060659bc3fa7231b098fd29f	git -C {repo} archive {git_commit} {git_source} | tar -x -C {experiment_root}/{root}/{parent_relative} --strip-components=1
v04-phase5-warehouse-governance-compact-onoff-4x2-8r-20260613T115956Z-claw	fixed_candidate_replay/rep01_record_only_promoted/replay_v1/materialized/070b6e4eb3046487/on	sprint-f4-milp-results	466944	e1e4c4809bab7c3666229523f3ff04a5fbc93d47	surrogate/sprint-f4-milp-results	2a65d92d3876b297da8a70c215e29c02beb12888a6b0cf5782d5b959139ef521	git -C {repo} archive {git_commit} {git_source} | tar -x -C {experiment_root}/{root}/{parent_relative} --strip-components=1
v04-phase5-warehouse-governance-compact-onoff-4x2-8r-20260613T115956Z-claw	fixed_candidate_replay/rep01_record_only_promoted/replay_v1/materialized/070b6e4eb3046487/on	tests	372736	e1e4c4809bab7c3666229523f3ff04a5fbc93d47	surrogate/tests	6421b91de97dcff6251ebfc4a2c6fac826b3bf9e622f0f3a9a3b51adcbb561a5	git -C {repo} archive {git_commit} {git_source} | tar -x -C {experiment_root}/{root}/{parent_relative} --strip-components=1
v04-phase5-warehouse-governance-compact-onoff-4x2-8r-20260613T115956Z-claw	fixed_candidate_replay/rep01_record_only_promoted/replay_v1/materialized/070b6e4eb3046487/on	milp_bounds	327680	e1e4c4809bab7c3666229523f3ff04a5fbc93d47	surrogate/milp_bounds	c127bcd8e5778b4909edd75c31b2df601f40f512065c23108337dfbaaa1c6808	git -C {repo} archive {git_commit} {git_source} | tar -x -C {experiment_root}/{root}/{parent_relative} --strip-components=1
v04-phase5-warehouse-governance-compact-onoff-4x2-8r-20260613T115956Z-claw	fixed_candidate_replay/rep01_record_only_promoted/replay_v1/materialized/070b6e4eb3046487/on	calibration	8192	e1e4c4809bab7c3666229523f3ff04a5fbc93d47	surrogate/calibration	3c7648f54a6456a5824cc7f18140d3b28226300a12bf3bb4196cde86d8453016	git -C {repo} archive {git_commit} {git_source} | tar -x -C {experiment_root}/{root}/{parent_relative} --strip-components=1
v04-phase5-warehouse-governance-compact-onoff-4x2-8r-20260613T115956Z-claw	fixed_candidate_replay/rep01_record_only_promoted/replay_v1/materialized/070b6e4eb3046487/record_only	data	9715712	e1e4c4809bab7c3666229523f3ff04a5fbc93d47	surrogate/data	e39d71899d6b96e6280b4ad0d8207960c6a393f0e0d6e35b5ad77e854d361ea3	git -C {repo} archive {git_commit} {git_source} | tar -x -C {experiment_root}/{root}/{parent_relative} --strip-components=1
v04-phase5-warehouse-governance-compact-onoff-4x2-8r-20260613T115956Z-claw	fixed_candidate_replay/rep01_record_only_promoted/replay_v1/materialized/070b6e4eb3046487/record_only	cplex-final-20260426	1015808	e1e4c4809bab7c3666229523f3ff04a5fbc93d47	surrogate/cplex-final-20260426	b992f1c84218d64eee1586a0dd33e47569195cac060659bc3fa7231b098fd29f	git -C {repo} archive {git_commit} {git_source} | tar -x -C {experiment_root}/{root}/{parent_relative} --strip-components=1
v04-phase5-warehouse-governance-compact-onoff-4x2-8r-20260613T115956Z-claw	fixed_candidate_replay/rep01_record_only_promoted/replay_v1/materialized/070b6e4eb3046487/record_only	sprint-f4-milp-results	466944	e1e4c4809bab7c3666229523f3ff04a5fbc93d47	surrogate/sprint-f4-milp-results	2a65d92d3876b297da8a70c215e29c02beb12888a6b0cf5782d5b959139ef521	git -C {repo} archive {git_commit} {git_source} | tar -x -C {experiment_root}/{root}/{parent_relative} --strip-components=1
v04-phase5-warehouse-governance-compact-onoff-4x2-8r-20260613T115956Z-claw	fixed_candidate_replay/rep01_record_only_promoted/replay_v1/materialized/070b6e4eb3046487/record_only	tests	372736	e1e4c4809bab7c3666229523f3ff04a5fbc93d47	surrogate/tests	6421b91de97dcff6251ebfc4a2c6fac826b3bf9e622f0f3a9a3b51adcbb561a5	git -C {repo} archive {git_commit} {git_source} | tar -x -C {experiment_root}/{root}/{parent_relative} --strip-components=1
v04-phase5-warehouse-governance-compact-onoff-4x2-8r-20260613T115956Z-claw	fixed_candidate_replay/rep01_record_only_promoted/replay_v1/materialized/070b6e4eb3046487/record_only	milp_bounds	327680	e1e4c4809bab7c3666229523f3ff04a5fbc93d47	surrogate/milp_bounds	c127bcd8e5778b4909edd75c31b2df601f40f512065c23108337dfbaaa1c6808	git -C {repo} archive {git_commit} {git_source} | tar -x -C {experiment_root}/{root}/{parent_relative} --strip-components=1
v04-phase5-warehouse-governance-compact-onoff-4x2-8r-20260613T115956Z-claw	fixed_candidate_replay/rep01_record_only_promoted/replay_v1/materialized/070b6e4eb3046487/record_only	calibration	8192	e1e4c4809bab7c3666229523f3ff04a5fbc93d47	surrogate/calibration	3c7648f54a6456a5824cc7f18140d3b28226300a12bf3bb4196cde86d8453016	git -C {repo} archive {git_commit} {git_source} | tar -x -C {experiment_root}/{root}/{parent_relative} --strip-components=1
v04-phase5-warehouse-governance-compact-onoff-4x2-8r-20260613T115956Z-claw	fixed_candidate_replay/rep02_on_strong/replay/materialized/d31c53b19d23ca4f/on	data	9715712	e1e4c4809bab7c3666229523f3ff04a5fbc93d47	surrogate/data	e39d71899d6b96e6280b4ad0d8207960c6a393f0e0d6e35b5ad77e854d361ea3	git -C {repo} archive {git_commit} {git_source} | tar -x -C {experiment_root}/{root}/{parent_relative} --strip-components=1
v04-phase5-warehouse-governance-compact-onoff-4x2-8r-20260613T115956Z-claw	fixed_candidate_replay/rep02_on_strong/replay/materialized/d31c53b19d23ca4f/on	cplex-final-20260426	1015808	e1e4c4809bab7c3666229523f3ff04a5fbc93d47	surrogate/cplex-final-20260426	b992f1c84218d64eee1586a0dd33e47569195cac060659bc3fa7231b098fd29f	git -C {repo} archive {git_commit} {git_source} | tar -x -C {experiment_root}/{root}/{parent_relative} --strip-components=1
v04-phase5-warehouse-governance-compact-onoff-4x2-8r-20260613T115956Z-claw	fixed_candidate_replay/rep02_on_strong/replay/materialized/d31c53b19d23ca4f/on	sprint-f4-milp-results	466944	e1e4c4809bab7c3666229523f3ff04a5fbc93d47	surrogate/sprint-f4-milp-results	2a65d92d3876b297da8a70c215e29c02beb12888a6b0cf5782d5b959139ef521	git -C {repo} archive {git_commit} {git_source} | tar -x -C {experiment_root}/{root}/{parent_relative} --strip-components=1
v04-phase5-warehouse-governance-compact-onoff-4x2-8r-20260613T115956Z-claw	fixed_candidate_replay/rep02_on_strong/replay/materialized/d31c53b19d23ca4f/on	tests	372736	e1e4c4809bab7c3666229523f3ff04a5fbc93d47	surrogate/tests	6421b91de97dcff6251ebfc4a2c6fac826b3bf9e622f0f3a9a3b51adcbb561a5	git -C {repo} archive {git_commit} {git_source} | tar -x -C {experiment_root}/{root}/{parent_relative} --strip-components=1
v04-phase5-warehouse-governance-compact-onoff-4x2-8r-20260613T115956Z-claw	fixed_candidate_replay/rep02_on_strong/replay/materialized/d31c53b19d23ca4f/on	milp_bounds	327680	e1e4c4809bab7c3666229523f3ff04a5fbc93d47	surrogate/milp_bounds	c127bcd8e5778b4909edd75c31b2df601f40f512065c23108337dfbaaa1c6808	git -C {repo} archive {git_commit} {git_source} | tar -x -C {experiment_root}/{root}/{parent_relative} --strip-components=1
v04-phase5-warehouse-governance-compact-onoff-4x2-8r-20260613T115956Z-claw	fixed_candidate_replay/rep02_on_strong/replay/materialized/d31c53b19d23ca4f/on	calibration	8192	e1e4c4809bab7c3666229523f3ff04a5fbc93d47	surrogate/calibration	3c7648f54a6456a5824cc7f18140d3b28226300a12bf3bb4196cde86d8453016	git -C {repo} archive {git_commit} {git_source} | tar -x -C {experiment_root}/{root}/{parent_relative} --strip-components=1
v04-phase5-warehouse-governance-compact-onoff-4x2-8r-20260613T115956Z-claw	fixed_candidate_replay/rep02_on_strong/replay/materialized/d31c53b19d23ca4f/record_only	data	9715712	e1e4c4809bab7c3666229523f3ff04a5fbc93d47	surrogate/data	e39d71899d6b96e6280b4ad0d8207960c6a393f0e0d6e35b5ad77e854d361ea3	git -C {repo} archive {git_commit} {git_source} | tar -x -C {experiment_root}/{root}/{parent_relative} --strip-components=1
v04-phase5-warehouse-governance-compact-onoff-4x2-8r-20260613T115956Z-claw	fixed_candidate_replay/rep02_on_strong/replay/materialized/d31c53b19d23ca4f/record_only	cplex-final-20260426	1015808	e1e4c4809bab7c3666229523f3ff04a5fbc93d47	surrogate/cplex-final-20260426	b992f1c84218d64eee1586a0dd33e47569195cac060659bc3fa7231b098fd29f	git -C {repo} archive {git_commit} {git_source} | tar -x -C {experiment_root}/{root}/{parent_relative} --strip-components=1
v04-phase5-warehouse-governance-compact-onoff-4x2-8r-20260613T115956Z-claw	fixed_candidate_replay/rep02_on_strong/replay/materialized/d31c53b19d23ca4f/record_only	sprint-f4-milp-results	466944	e1e4c4809bab7c3666229523f3ff04a5fbc93d47	surrogate/sprint-f4-milp-results	2a65d92d3876b297da8a70c215e29c02beb12888a6b0cf5782d5b959139ef521	git -C {repo} archive {git_commit} {git_source} | tar -x -C {experiment_root}/{root}/{parent_relative} --strip-components=1
v04-phase5-warehouse-governance-compact-onoff-4x2-8r-20260613T115956Z-claw	fixed_candidate_replay/rep02_on_strong/replay/materialized/d31c53b19d23ca4f/record_only	tests	372736	e1e4c4809bab7c3666229523f3ff04a5fbc93d47	surrogate/tests	6421b91de97dcff6251ebfc4a2c6fac826b3bf9e622f0f3a9a3b51adcbb561a5	git -C {repo} archive {git_commit} {git_source} | tar -x -C {experiment_root}/{root}/{parent_relative} --strip-components=1
v04-phase5-warehouse-governance-compact-onoff-4x2-8r-20260613T115956Z-claw	fixed_candidate_replay/rep02_on_strong/replay/materialized/d31c53b19d23ca4f/record_only	milp_bounds	327680	e1e4c4809bab7c3666229523f3ff04a5fbc93d47	surrogate/milp_bounds	c127bcd8e5778b4909edd75c31b2df601f40f512065c23108337dfbaaa1c6808	git -C {repo} archive {git_commit} {git_source} | tar -x -C {experiment_root}/{root}/{parent_relative} --strip-components=1
v04-phase5-warehouse-governance-compact-onoff-4x2-8r-20260613T115956Z-claw	fixed_candidate_replay/rep02_on_strong/replay/materialized/d31c53b19d23ca4f/record_only	calibration	8192	e1e4c4809bab7c3666229523f3ff04a5fbc93d47	surrogate/calibration	3c7648f54a6456a5824cc7f18140d3b28226300a12bf3bb4196cde86d8453016	git -C {repo} archive {git_commit} {git_source} | tar -x -C {experiment_root}/{root}/{parent_relative} --strip-components=1
v04-phase5-warehouse-governance-compact-onoff-4x2-8r-20260613T115956Z-claw	fixed_candidate_replay/rep02_on_strong/replay_v1/materialized/d31c53b19d23ca4f/on	data	9715712	e1e4c4809bab7c3666229523f3ff04a5fbc93d47	surrogate/data	e39d71899d6b96e6280b4ad0d8207960c6a393f0e0d6e35b5ad77e854d361ea3	git -C {repo} archive {git_commit} {git_source} | tar -x -C {experiment_root}/{root}/{parent_relative} --strip-components=1
v04-phase5-warehouse-governance-compact-onoff-4x2-8r-20260613T115956Z-claw	fixed_candidate_replay/rep02_on_strong/replay_v1/materialized/d31c53b19d23ca4f/on	cplex-final-20260426	1015808	e1e4c4809bab7c3666229523f3ff04a5fbc93d47	surrogate/cplex-final-20260426	b992f1c84218d64eee1586a0dd33e47569195cac060659bc3fa7231b098fd29f	git -C {repo} archive {git_commit} {git_source} | tar -x -C {experiment_root}/{root}/{parent_relative} --strip-components=1
v04-phase5-warehouse-governance-compact-onoff-4x2-8r-20260613T115956Z-claw	fixed_candidate_replay/rep02_on_strong/replay_v1/materialized/d31c53b19d23ca4f/on	sprint-f4-milp-results	466944	e1e4c4809bab7c3666229523f3ff04a5fbc93d47	surrogate/sprint-f4-milp-results	2a65d92d3876b297da8a70c215e29c02beb12888a6b0cf5782d5b959139ef521	git -C {repo} archive {git_commit} {git_source} | tar -x -C {experiment_root}/{root}/{parent_relative} --strip-components=1
v04-phase5-warehouse-governance-compact-onoff-4x2-8r-20260613T115956Z-claw	fixed_candidate_replay/rep02_on_strong/replay_v1/materialized/d31c53b19d23ca4f/on	tests	372736	e1e4c4809bab7c3666229523f3ff04a5fbc93d47	surrogate/tests	6421b91de97dcff6251ebfc4a2c6fac826b3bf9e622f0f3a9a3b51adcbb561a5	git -C {repo} archive {git_commit} {git_source} | tar -x -C {experiment_root}/{root}/{parent_relative} --strip-components=1
v04-phase5-warehouse-governance-compact-onoff-4x2-8r-20260613T115956Z-claw	fixed_candidate_replay/rep02_on_strong/replay_v1/materialized/d31c53b19d23ca4f/on	milp_bounds	327680	e1e4c4809bab7c3666229523f3ff04a5fbc93d47	surrogate/milp_bounds	c127bcd8e5778b4909edd75c31b2df601f40f512065c23108337dfbaaa1c6808	git -C {repo} archive {git_commit} {git_source} | tar -x -C {experiment_root}/{root}/{parent_relative} --strip-components=1
v04-phase5-warehouse-governance-compact-onoff-4x2-8r-20260613T115956Z-claw	fixed_candidate_replay/rep02_on_strong/replay_v1/materialized/d31c53b19d23ca4f/on	calibration	8192	e1e4c4809bab7c3666229523f3ff04a5fbc93d47	surrogate/calibration	3c7648f54a6456a5824cc7f18140d3b28226300a12bf3bb4196cde86d8453016	git -C {repo} archive {git_commit} {git_source} | tar -x -C {experiment_root}/{root}/{parent_relative} --strip-components=1
v04-phase5-warehouse-governance-compact-onoff-4x2-8r-20260613T115956Z-claw	fixed_candidate_replay/rep02_on_strong/replay_v1/materialized/d31c53b19d23ca4f/record_only	data	9715712	e1e4c4809bab7c3666229523f3ff04a5fbc93d47	surrogate/data	e39d71899d6b96e6280b4ad0d8207960c6a393f0e0d6e35b5ad77e854d361ea3	git -C {repo} archive {git_commit} {git_source} | tar -x -C {experiment_root}/{root}/{parent_relative} --strip-components=1
v04-phase5-warehouse-governance-compact-onoff-4x2-8r-20260613T115956Z-claw	fixed_candidate_replay/rep02_on_strong/replay_v1/materialized/d31c53b19d23ca4f/record_only	cplex-final-20260426	1015808	e1e4c4809bab7c3666229523f3ff04a5fbc93d47	surrogate/cplex-final-20260426	b992f1c84218d64eee1586a0dd33e47569195cac060659bc3fa7231b098fd29f	git -C {repo} archive {git_commit} {git_source} | tar -x -C {experiment_root}/{root}/{parent_relative} --strip-components=1
v04-phase5-warehouse-governance-compact-onoff-4x2-8r-20260613T115956Z-claw	fixed_candidate_replay/rep02_on_strong/replay_v1/materialized/d31c53b19d23ca4f/record_only	sprint-f4-milp-results	466944	e1e4c4809bab7c3666229523f3ff04a5fbc93d47	surrogate/sprint-f4-milp-results	2a65d92d3876b297da8a70c215e29c02beb12888a6b0cf5782d5b959139ef521	git -C {repo} archive {git_commit} {git_source} | tar -x -C {experiment_root}/{root}/{parent_relative} --strip-components=1
v04-phase5-warehouse-governance-compact-onoff-4x2-8r-20260613T115956Z-claw	fixed_candidate_replay/rep02_on_strong/replay_v1/materialized/d31c53b19d23ca4f/record_only	tests	372736	e1e4c4809bab7c3666229523f3ff04a5fbc93d47	surrogate/tests	6421b91de97dcff6251ebfc4a2c6fac826b3bf9e622f0f3a9a3b51adcbb561a5	git -C {repo} archive {git_commit} {git_source} | tar -x -C {experiment_root}/{root}/{parent_relative} --strip-components=1
v04-phase5-warehouse-governance-compact-onoff-4x2-8r-20260613T115956Z-claw	fixed_candidate_replay/rep02_on_strong/replay_v1/materialized/d31c53b19d23ca4f/record_only	milp_bounds	327680	e1e4c4809bab7c3666229523f3ff04a5fbc93d47	surrogate/milp_bounds	c127bcd8e5778b4909edd75c31b2df601f40f512065c23108337dfbaaa1c6808	git -C {repo} archive {git_commit} {git_source} | tar -x -C {experiment_root}/{root}/{parent_relative} --strip-components=1
v04-phase5-warehouse-governance-compact-onoff-4x2-8r-20260613T115956Z-claw	fixed_candidate_replay/rep02_on_strong/replay_v1/materialized/d31c53b19d23ca4f/record_only	calibration	8192	e1e4c4809bab7c3666229523f3ff04a5fbc93d47	surrogate/calibration	3c7648f54a6456a5824cc7f18140d3b28226300a12bf3bb4196cde86d8453016	git -C {repo} archive {git_commit} {git_source} | tar -x -C {experiment_root}/{root}/{parent_relative} --strip-components=1
v04-phase5-warehouse-governance-compact-onoff-4x2-8r-20260613T115956Z-claw	rep01/on_compact/campaign/champions/champion_v1	data	9715712	e1e4c4809bab7c3666229523f3ff04a5fbc93d47	surrogate/data	e39d71899d6b96e6280b4ad0d8207960c6a393f0e0d6e35b5ad77e854d361ea3	git -C {repo} archive {git_commit} {git_source} | tar -x -C {experiment_root}/{root}/{parent_relative} --strip-components=1
v04-phase5-warehouse-governance-compact-onoff-4x2-8r-20260613T115956Z-claw	rep01/on_compact/campaign/champions/champion_v1	cplex-final-20260426	1015808	e1e4c4809bab7c3666229523f3ff04a5fbc93d47	surrogate/cplex-final-20260426	b992f1c84218d64eee1586a0dd33e47569195cac060659bc3fa7231b098fd29f	git -C {repo} archive {git_commit} {git_source} | tar -x -C {experiment_root}/{root}/{parent_relative} --strip-components=1
v04-phase5-warehouse-governance-compact-onoff-4x2-8r-20260613T115956Z-claw	rep01/on_compact/campaign/champions/champion_v1	sprint-f4-milp-results	466944	e1e4c4809bab7c3666229523f3ff04a5fbc93d47	surrogate/sprint-f4-milp-results	2a65d92d3876b297da8a70c215e29c02beb12888a6b0cf5782d5b959139ef521	git -C {repo} archive {git_commit} {git_source} | tar -x -C {experiment_root}/{root}/{parent_relative} --strip-components=1
v04-phase5-warehouse-governance-compact-onoff-4x2-8r-20260613T115956Z-claw	rep01/on_compact/campaign/champions/champion_v1	tests	372736	e1e4c4809bab7c3666229523f3ff04a5fbc93d47	surrogate/tests	6421b91de97dcff6251ebfc4a2c6fac826b3bf9e622f0f3a9a3b51adcbb561a5	git -C {repo} archive {git_commit} {git_source} | tar -x -C {experiment_root}/{root}/{parent_relative} --strip-components=1
v04-phase5-warehouse-governance-compact-onoff-4x2-8r-20260613T115956Z-claw	rep01/on_compact/campaign/champions/champion_v1	milp_bounds	327680	e1e4c4809bab7c3666229523f3ff04a5fbc93d47	surrogate/milp_bounds	c127bcd8e5778b4909edd75c31b2df601f40f512065c23108337dfbaaa1c6808	git -C {repo} archive {git_commit} {git_source} | tar -x -C {experiment_root}/{root}/{parent_relative} --strip-components=1
v04-phase5-warehouse-governance-compact-onoff-4x2-8r-20260613T115956Z-claw	rep01/on_compact/campaign/champions/champion_v1	calibration	8192	e1e4c4809bab7c3666229523f3ff04a5fbc93d47	surrogate/calibration	3c7648f54a6456a5824cc7f18140d3b28226300a12bf3bb4196cde86d8453016	git -C {repo} archive {git_commit} {git_source} | tar -x -C {experiment_root}/{root}/{parent_relative} --strip-components=1
v04-phase5-warehouse-governance-compact-onoff-4x2-8r-20260613T115956Z-claw	rep01/on_compact/campaign/workspaces/75d1387f-f612-4792-aa8c-da29e2ceeede.checkpoint.97f621f1	data	9715712	e1e4c4809bab7c3666229523f3ff04a5fbc93d47	surrogate/data	e39d71899d6b96e6280b4ad0d8207960c6a393f0e0d6e35b5ad77e854d361ea3	git -C {repo} archive {git_commit} {git_source} | tar -x -C {experiment_root}/{root}/{parent_relative} --strip-components=1
v04-phase5-warehouse-governance-compact-onoff-4x2-8r-20260613T115956Z-claw	rep01/on_compact/campaign/workspaces/75d1387f-f612-4792-aa8c-da29e2ceeede.checkpoint.97f621f1	cplex-final-20260426	1015808	e1e4c4809bab7c3666229523f3ff04a5fbc93d47	surrogate/cplex-final-20260426	b992f1c84218d64eee1586a0dd33e47569195cac060659bc3fa7231b098fd29f	git -C {repo} archive {git_commit} {git_source} | tar -x -C {experiment_root}/{root}/{parent_relative} --strip-components=1
v04-phase5-warehouse-governance-compact-onoff-4x2-8r-20260613T115956Z-claw	rep01/on_compact/campaign/workspaces/75d1387f-f612-4792-aa8c-da29e2ceeede.checkpoint.97f621f1	sprint-f4-milp-results	466944	e1e4c4809bab7c3666229523f3ff04a5fbc93d47	surrogate/sprint-f4-milp-results	2a65d92d3876b297da8a70c215e29c02beb12888a6b0cf5782d5b959139ef521	git -C {repo} archive {git_commit} {git_source} | tar -x -C {experiment_root}/{root}/{parent_relative} --strip-components=1
v04-phase5-warehouse-governance-compact-onoff-4x2-8r-20260613T115956Z-claw	rep01/on_compact/campaign/workspaces/75d1387f-f612-4792-aa8c-da29e2ceeede.checkpoint.97f621f1	tests	372736	e1e4c4809bab7c3666229523f3ff04a5fbc93d47	surrogate/tests	6421b91de97dcff6251ebfc4a2c6fac826b3bf9e622f0f3a9a3b51adcbb561a5	git -C {repo} archive {git_commit} {git_source} | tar -x -C {experiment_root}/{root}/{parent_relative} --strip-components=1
v04-phase5-warehouse-governance-compact-onoff-4x2-8r-20260613T115956Z-claw	rep01/on_compact/campaign/workspaces/75d1387f-f612-4792-aa8c-da29e2ceeede.checkpoint.97f621f1	milp_bounds	327680	e1e4c4809bab7c3666229523f3ff04a5fbc93d47	surrogate/milp_bounds	c127bcd8e5778b4909edd75c31b2df601f40f512065c23108337dfbaaa1c6808	git -C {repo} archive {git_commit} {git_source} | tar -x -C {experiment_root}/{root}/{parent_relative} --strip-components=1
v04-phase5-warehouse-governance-compact-onoff-4x2-8r-20260613T115956Z-claw	rep01/on_compact/campaign/workspaces/75d1387f-f612-4792-aa8c-da29e2ceeede.checkpoint.97f621f1	calibration	8192	e1e4c4809bab7c3666229523f3ff04a5fbc93d47	surrogate/calibration	3c7648f54a6456a5824cc7f18140d3b28226300a12bf3bb4196cde86d8453016	git -C {repo} archive {git_commit} {git_source} | tar -x -C {experiment_root}/{root}/{parent_relative} --strip-components=1
v04-phase5-warehouse-governance-compact-onoff-4x2-8r-20260613T115956Z-claw	rep01/on_compact/campaign/workspaces/75d1387f-f612-4792-aa8c-da29e2ceeede.checkpoint.ff884037	data	9715712	e1e4c4809bab7c3666229523f3ff04a5fbc93d47	surrogate/data	e39d71899d6b96e6280b4ad0d8207960c6a393f0e0d6e35b5ad77e854d361ea3	git -C {repo} archive {git_commit} {git_source} | tar -x -C {experiment_root}/{root}/{parent_relative} --strip-components=1
v04-phase5-warehouse-governance-compact-onoff-4x2-8r-20260613T115956Z-claw	rep01/on_compact/campaign/workspaces/75d1387f-f612-4792-aa8c-da29e2ceeede.checkpoint.ff884037	cplex-final-20260426	1015808	e1e4c4809bab7c3666229523f3ff04a5fbc93d47	surrogate/cplex-final-20260426	b992f1c84218d64eee1586a0dd33e47569195cac060659bc3fa7231b098fd29f	git -C {repo} archive {git_commit} {git_source} | tar -x -C {experiment_root}/{root}/{parent_relative} --strip-components=1
v04-phase5-warehouse-governance-compact-onoff-4x2-8r-20260613T115956Z-claw	rep01/on_compact/campaign/workspaces/75d1387f-f612-4792-aa8c-da29e2ceeede.checkpoint.ff884037	sprint-f4-milp-results	466944	e1e4c4809bab7c3666229523f3ff04a5fbc93d47	surrogate/sprint-f4-milp-results	2a65d92d3876b297da8a70c215e29c02beb12888a6b0cf5782d5b959139ef521	git -C {repo} archive {git_commit} {git_source} | tar -x -C {experiment_root}/{root}/{parent_relative} --strip-components=1
v04-phase5-warehouse-governance-compact-onoff-4x2-8r-20260613T115956Z-claw	rep01/on_compact/campaign/workspaces/75d1387f-f612-4792-aa8c-da29e2ceeede.checkpoint.ff884037	tests	372736	e1e4c4809bab7c3666229523f3ff04a5fbc93d47	surrogate/tests	6421b91de97dcff6251ebfc4a2c6fac826b3bf9e622f0f3a9a3b51adcbb561a5	git -C {repo} archive {git_commit} {git_source} | tar -x -C {experiment_root}/{root}/{parent_relative} --strip-components=1
v04-phase5-warehouse-governance-compact-onoff-4x2-8r-20260613T115956Z-claw	rep01/on_compact/campaign/workspaces/75d1387f-f612-4792-aa8c-da29e2ceeede.checkpoint.ff884037	milp_bounds	327680	e1e4c4809bab7c3666229523f3ff04a5fbc93d47	surrogate/milp_bounds	c127bcd8e5778b4909edd75c31b2df601f40f512065c23108337dfbaaa1c6808	git -C {repo} archive {git_commit} {git_source} | tar -x -C {experiment_root}/{root}/{parent_relative} --strip-components=1
v04-phase5-warehouse-governance-compact-onoff-4x2-8r-20260613T115956Z-claw	rep01/on_compact/campaign/workspaces/75d1387f-f612-4792-aa8c-da29e2ceeede.checkpoint.ff884037	calibration	8192	e1e4c4809bab7c3666229523f3ff04a5fbc93d47	surrogate/calibration	3c7648f54a6456a5824cc7f18140d3b28226300a12bf3bb4196cde86d8453016	git -C {repo} archive {git_commit} {git_source} | tar -x -C {experiment_root}/{root}/{parent_relative} --strip-components=1
v04-phase5-warehouse-governance-compact-onoff-4x2-8r-20260613T115956Z-claw	rep01/on_compact/campaign/workspaces/a3bbda4d-0355-49c2-824f-4021f7be210a.checkpoint.0b569c06	data	9715712	e1e4c4809bab7c3666229523f3ff04a5fbc93d47	surrogate/data	e39d71899d6b96e6280b4ad0d8207960c6a393f0e0d6e35b5ad77e854d361ea3	git -C {repo} archive {git_commit} {git_source} | tar -x -C {experiment_root}/{root}/{parent_relative} --strip-components=1
v04-phase5-warehouse-governance-compact-onoff-4x2-8r-20260613T115956Z-claw	rep01/on_compact/campaign/workspaces/a3bbda4d-0355-49c2-824f-4021f7be210a.checkpoint.0b569c06	cplex-final-20260426	1015808	e1e4c4809bab7c3666229523f3ff04a5fbc93d47	surrogate/cplex-final-20260426	b992f1c84218d64eee1586a0dd33e47569195cac060659bc3fa7231b098fd29f	git -C {repo} archive {git_commit} {git_source} | tar -x -C {experiment_root}/{root}/{parent_relative} --strip-components=1
v04-phase5-warehouse-governance-compact-onoff-4x2-8r-20260613T115956Z-claw	rep01/on_compact/campaign/workspaces/a3bbda4d-0355-49c2-824f-4021f7be210a.checkpoint.0b569c06	sprint-f4-milp-results	466944	e1e4c4809bab7c3666229523f3ff04a5fbc93d47	surrogate/sprint-f4-milp-results	2a65d92d3876b297da8a70c215e29c02beb12888a6b0cf5782d5b959139ef521	git -C {repo} archive {git_commit} {git_source} | tar -x -C {experiment_root}/{root}/{parent_relative} --strip-components=1
v04-phase5-warehouse-governance-compact-onoff-4x2-8r-20260613T115956Z-claw	rep01/on_compact/campaign/workspaces/a3bbda4d-0355-49c2-824f-4021f7be210a.checkpoint.0b569c06	tests	372736	e1e4c4809bab7c3666229523f3ff04a5fbc93d47	surrogate/tests	6421b91de97dcff6251ebfc4a2c6fac826b3bf9e622f0f3a9a3b51adcbb561a5	git -C {repo} archive {git_commit} {git_source} | tar -x -C {experiment_root}/{root}/{parent_relative} --strip-components=1
v04-phase5-warehouse-governance-compact-onoff-4x2-8r-20260613T115956Z-claw	rep01/on_compact/campaign/workspaces/a3bbda4d-0355-49c2-824f-4021f7be210a.checkpoint.0b569c06	milp_bounds	327680	e1e4c4809bab7c3666229523f3ff04a5fbc93d47	surrogate/milp_bounds	c127bcd8e5778b4909edd75c31b2df601f40f512065c23108337dfbaaa1c6808	git -C {repo} archive {git_commit} {git_source} | tar -x -C {experiment_root}/{root}/{parent_relative} --strip-components=1
v04-phase5-warehouse-governance-compact-onoff-4x2-8r-20260613T115956Z-claw	rep01/on_compact/campaign/workspaces/a3bbda4d-0355-49c2-824f-4021f7be210a.checkpoint.0b569c06	calibration	8192	e1e4c4809bab7c3666229523f3ff04a5fbc93d47	surrogate/calibration	3c7648f54a6456a5824cc7f18140d3b28226300a12bf3bb4196cde86d8453016	git -C {repo} archive {git_commit} {git_source} | tar -x -C {experiment_root}/{root}/{parent_relative} --strip-components=1
v04-phase5-warehouse-governance-compact-onoff-4x2-8r-20260613T115956Z-claw	rep01/on_compact/campaign/workspaces/c7967ff9-0428-4864-80cd-da1d3a03f8fd.checkpoint.08b60026	data	9715712	e1e4c4809bab7c3666229523f3ff04a5fbc93d47	surrogate/data	e39d71899d6b96e6280b4ad0d8207960c6a393f0e0d6e35b5ad77e854d361ea3	git -C {repo} archive {git_commit} {git_source} | tar -x -C {experiment_root}/{root}/{parent_relative} --strip-components=1
v04-phase5-warehouse-governance-compact-onoff-4x2-8r-20260613T115956Z-claw	rep01/on_compact/campaign/workspaces/c7967ff9-0428-4864-80cd-da1d3a03f8fd.checkpoint.08b60026	cplex-final-20260426	1015808	e1e4c4809bab7c3666229523f3ff04a5fbc93d47	surrogate/cplex-final-20260426	b992f1c84218d64eee1586a0dd33e47569195cac060659bc3fa7231b098fd29f	git -C {repo} archive {git_commit} {git_source} | tar -x -C {experiment_root}/{root}/{parent_relative} --strip-components=1
v04-phase5-warehouse-governance-compact-onoff-4x2-8r-20260613T115956Z-claw	rep01/on_compact/campaign/workspaces/c7967ff9-0428-4864-80cd-da1d3a03f8fd.checkpoint.08b60026	sprint-f4-milp-results	466944	e1e4c4809bab7c3666229523f3ff04a5fbc93d47	surrogate/sprint-f4-milp-results	2a65d92d3876b297da8a70c215e29c02beb12888a6b0cf5782d5b959139ef521	git -C {repo} archive {git_commit} {git_source} | tar -x -C {experiment_root}/{root}/{parent_relative} --strip-components=1
v04-phase5-warehouse-governance-compact-onoff-4x2-8r-20260613T115956Z-claw	rep01/on_compact/campaign/workspaces/c7967ff9-0428-4864-80cd-da1d3a03f8fd.checkpoint.08b60026	tests	372736	e1e4c4809bab7c3666229523f3ff04a5fbc93d47	surrogate/tests	6421b91de97dcff6251ebfc4a2c6fac826b3bf9e622f0f3a9a3b51adcbb561a5	git -C {repo} archive {git_commit} {git_source} | tar -x -C {experiment_root}/{root}/{parent_relative} --strip-components=1
v04-phase5-warehouse-governance-compact-onoff-4x2-8r-20260613T115956Z-claw	rep01/on_compact/campaign/workspaces/c7967ff9-0428-4864-80cd-da1d3a03f8fd.checkpoint.08b60026	milp_bounds	327680	e1e4c4809bab7c3666229523f3ff04a5fbc93d47	surrogate/milp_bounds	c127bcd8e5778b4909edd75c31b2df601f40f512065c23108337dfbaaa1c6808	git -C {repo} archive {git_commit} {git_source} | tar -x -C {experiment_root}/{root}/{parent_relative} --strip-components=1
v04-phase5-warehouse-governance-compact-onoff-4x2-8r-20260613T115956Z-claw	rep01/on_compact/campaign/workspaces/c7967ff9-0428-4864-80cd-da1d3a03f8fd.checkpoint.08b60026	calibration	8192	e1e4c4809bab7c3666229523f3ff04a5fbc93d47	surrogate/calibration	3c7648f54a6456a5824cc7f18140d3b28226300a12bf3bb4196cde86d8453016	git -C {repo} archive {git_commit} {git_source} | tar -x -C {experiment_root}/{root}/{parent_relative} --strip-components=1
v04-phase5-warehouse-governance-compact-onoff-4x2-8r-20260613T115956Z-claw	rep01/record_only_compact/campaign/champions/champion_v1	data	9715712	e1e4c4809bab7c3666229523f3ff04a5fbc93d47	surrogate/data	e39d71899d6b96e6280b4ad0d8207960c6a393f0e0d6e35b5ad77e854d361ea3	git -C {repo} archive {git_commit} {git_source} | tar -x -C {experiment_root}/{root}/{parent_relative} --strip-components=1
v04-phase5-warehouse-governance-compact-onoff-4x2-8r-20260613T115956Z-claw	rep01/record_only_compact/campaign/champions/champion_v1	cplex-final-20260426	1015808	e1e4c4809bab7c3666229523f3ff04a5fbc93d47	surrogate/cplex-final-20260426	b992f1c84218d64eee1586a0dd33e47569195cac060659bc3fa7231b098fd29f	git -C {repo} archive {git_commit} {git_source} | tar -x -C {experiment_root}/{root}/{parent_relative} --strip-components=1
v04-phase5-warehouse-governance-compact-onoff-4x2-8r-20260613T115956Z-claw	rep01/record_only_compact/campaign/champions/champion_v1	sprint-f4-milp-results	466944	e1e4c4809bab7c3666229523f3ff04a5fbc93d47	surrogate/sprint-f4-milp-results	2a65d92d3876b297da8a70c215e29c02beb12888a6b0cf5782d5b959139ef521	git -C {repo} archive {git_commit} {git_source} | tar -x -C {experiment_root}/{root}/{parent_relative} --strip-components=1
v04-phase5-warehouse-governance-compact-onoff-4x2-8r-20260613T115956Z-claw	rep01/record_only_compact/campaign/champions/champion_v1	tests	372736	e1e4c4809bab7c3666229523f3ff04a5fbc93d47	surrogate/tests	6421b91de97dcff6251ebfc4a2c6fac826b3bf9e622f0f3a9a3b51adcbb561a5	git -C {repo} archive {git_commit} {git_source} | tar -x -C {experiment_root}/{root}/{parent_relative} --strip-components=1
v04-phase5-warehouse-governance-compact-onoff-4x2-8r-20260613T115956Z-claw	rep01/record_only_compact/campaign/champions/champion_v1	milp_bounds	327680	e1e4c4809bab7c3666229523f3ff04a5fbc93d47	surrogate/milp_bounds	c127bcd8e5778b4909edd75c31b2df601f40f512065c23108337dfbaaa1c6808	git -C {repo} archive {git_commit} {git_source} | tar -x -C {experiment_root}/{root}/{parent_relative} --strip-components=1
v04-phase5-warehouse-governance-compact-onoff-4x2-8r-20260613T115956Z-claw	rep01/record_only_compact/campaign/champions/champion_v1	calibration	8192	e1e4c4809bab7c3666229523f3ff04a5fbc93d47	surrogate/calibration	3c7648f54a6456a5824cc7f18140d3b28226300a12bf3bb4196cde86d8453016	git -C {repo} archive {git_commit} {git_source} | tar -x -C {experiment_root}/{root}/{parent_relative} --strip-components=1
v04-phase5-warehouse-governance-compact-onoff-4x2-8r-20260613T115956Z-claw	rep01/record_only_compact/campaign/champions/champion_v2	data	9715712	e1e4c4809bab7c3666229523f3ff04a5fbc93d47	surrogate/data	e39d71899d6b96e6280b4ad0d8207960c6a393f0e0d6e35b5ad77e854d361ea3	git -C {repo} archive {git_commit} {git_source} | tar -x -C {experiment_root}/{root}/{parent_relative} --strip-components=1
v04-phase5-warehouse-governance-compact-onoff-4x2-8r-20260613T115956Z-claw	rep01/record_only_compact/campaign/champions/champion_v2	cplex-final-20260426	1015808	e1e4c4809bab7c3666229523f3ff04a5fbc93d47	surrogate/cplex-final-20260426	b992f1c84218d64eee1586a0dd33e47569195cac060659bc3fa7231b098fd29f	git -C {repo} archive {git_commit} {git_source} | tar -x -C {experiment_root}/{root}/{parent_relative} --strip-components=1
v04-phase5-warehouse-governance-compact-onoff-4x2-8r-20260613T115956Z-claw	rep01/record_only_compact/campaign/champions/champion_v2	sprint-f4-milp-results	466944	e1e4c4809bab7c3666229523f3ff04a5fbc93d47	surrogate/sprint-f4-milp-results	2a65d92d3876b297da8a70c215e29c02beb12888a6b0cf5782d5b959139ef521	git -C {repo} archive {git_commit} {git_source} | tar -x -C {experiment_root}/{root}/{parent_relative} --strip-components=1
v04-phase5-warehouse-governance-compact-onoff-4x2-8r-20260613T115956Z-claw	rep01/record_only_compact/campaign/champions/champion_v2	tests	372736	e1e4c4809bab7c3666229523f3ff04a5fbc93d47	surrogate/tests	6421b91de97dcff6251ebfc4a2c6fac826b3bf9e622f0f3a9a3b51adcbb561a5	git -C {repo} archive {git_commit} {git_source} | tar -x -C {experiment_root}/{root}/{parent_relative} --strip-components=1
v04-phase5-warehouse-governance-compact-onoff-4x2-8r-20260613T115956Z-claw	rep01/record_only_compact/campaign/champions/champion_v2	milp_bounds	327680	e1e4c4809bab7c3666229523f3ff04a5fbc93d47	surrogate/milp_bounds	c127bcd8e5778b4909edd75c31b2df601f40f512065c23108337dfbaaa1c6808	git -C {repo} archive {git_commit} {git_source} | tar -x -C {experiment_root}/{root}/{parent_relative} --strip-components=1
v04-phase5-warehouse-governance-compact-onoff-4x2-8r-20260613T115956Z-claw	rep01/record_only_compact/campaign/champions/champion_v2	calibration	8192	e1e4c4809bab7c3666229523f3ff04a5fbc93d47	surrogate/calibration	3c7648f54a6456a5824cc7f18140d3b28226300a12bf3bb4196cde86d8453016	git -C {repo} archive {git_commit} {git_source} | tar -x -C {experiment_root}/{root}/{parent_relative} --strip-components=1
v04-phase5-warehouse-governance-compact-onoff-4x2-8r-20260613T115956Z-claw	rep01/record_only_compact/campaign/weight_opt_v2	data	9715712	e1e4c4809bab7c3666229523f3ff04a5fbc93d47	surrogate/data	e39d71899d6b96e6280b4ad0d8207960c6a393f0e0d6e35b5ad77e854d361ea3	git -C {repo} archive {git_commit} {git_source} | tar -x -C {experiment_root}/{root}/{parent_relative} --strip-components=1
v04-phase5-warehouse-governance-compact-onoff-4x2-8r-20260613T115956Z-claw	rep01/record_only_compact/campaign/weight_opt_v2	cplex-final-20260426	1015808	e1e4c4809bab7c3666229523f3ff04a5fbc93d47	surrogate/cplex-final-20260426	b992f1c84218d64eee1586a0dd33e47569195cac060659bc3fa7231b098fd29f	git -C {repo} archive {git_commit} {git_source} | tar -x -C {experiment_root}/{root}/{parent_relative} --strip-components=1
v04-phase5-warehouse-governance-compact-onoff-4x2-8r-20260613T115956Z-claw	rep01/record_only_compact/campaign/weight_opt_v2	sprint-f4-milp-results	466944	e1e4c4809bab7c3666229523f3ff04a5fbc93d47	surrogate/sprint-f4-milp-results	2a65d92d3876b297da8a70c215e29c02beb12888a6b0cf5782d5b959139ef521	git -C {repo} archive {git_commit} {git_source} | tar -x -C {experiment_root}/{root}/{parent_relative} --strip-components=1
v04-phase5-warehouse-governance-compact-onoff-4x2-8r-20260613T115956Z-claw	rep01/record_only_compact/campaign/weight_opt_v2	tests	372736	e1e4c4809bab7c3666229523f3ff04a5fbc93d47	surrogate/tests	6421b91de97dcff6251ebfc4a2c6fac826b3bf9e622f0f3a9a3b51adcbb561a5	git -C {repo} archive {git_commit} {git_source} | tar -x -C {experiment_root}/{root}/{parent_relative} --strip-components=1
v04-phase5-warehouse-governance-compact-onoff-4x2-8r-20260613T115956Z-claw	rep01/record_only_compact/campaign/weight_opt_v2	milp_bounds	327680	e1e4c4809bab7c3666229523f3ff04a5fbc93d47	surrogate/milp_bounds	c127bcd8e5778b4909edd75c31b2df601f40f512065c23108337dfbaaa1c6808	git -C {repo} archive {git_commit} {git_source} | tar -x -C {experiment_root}/{root}/{parent_relative} --strip-components=1
v04-phase5-warehouse-governance-compact-onoff-4x2-8r-20260613T115956Z-claw	rep01/record_only_compact/campaign/weight_opt_v2	calibration	8192	e1e4c4809bab7c3666229523f3ff04a5fbc93d47	surrogate/calibration	3c7648f54a6456a5824cc7f18140d3b28226300a12bf3bb4196cde86d8453016	git -C {repo} archive {git_commit} {git_source} | tar -x -C {experiment_root}/{root}/{parent_relative} --strip-components=1
v04-phase5-warehouse-governance-compact-onoff-4x2-8r-20260613T115956Z-claw	rep01/record_only_compact/campaign/workspaces/1daa7ae6-81bf-4698-a012-444e1309be0e	data	9715712	e1e4c4809bab7c3666229523f3ff04a5fbc93d47	surrogate/data	e39d71899d6b96e6280b4ad0d8207960c6a393f0e0d6e35b5ad77e854d361ea3	git -C {repo} archive {git_commit} {git_source} | tar -x -C {experiment_root}/{root}/{parent_relative} --strip-components=1
v04-phase5-warehouse-governance-compact-onoff-4x2-8r-20260613T115956Z-claw	rep01/record_only_compact/campaign/workspaces/1daa7ae6-81bf-4698-a012-444e1309be0e	cplex-final-20260426	1015808	e1e4c4809bab7c3666229523f3ff04a5fbc93d47	surrogate/cplex-final-20260426	b992f1c84218d64eee1586a0dd33e47569195cac060659bc3fa7231b098fd29f	git -C {repo} archive {git_commit} {git_source} | tar -x -C {experiment_root}/{root}/{parent_relative} --strip-components=1
v04-phase5-warehouse-governance-compact-onoff-4x2-8r-20260613T115956Z-claw	rep01/record_only_compact/campaign/workspaces/1daa7ae6-81bf-4698-a012-444e1309be0e	sprint-f4-milp-results	466944	e1e4c4809bab7c3666229523f3ff04a5fbc93d47	surrogate/sprint-f4-milp-results	2a65d92d3876b297da8a70c215e29c02beb12888a6b0cf5782d5b959139ef521	git -C {repo} archive {git_commit} {git_source} | tar -x -C {experiment_root}/{root}/{parent_relative} --strip-components=1
v04-phase5-warehouse-governance-compact-onoff-4x2-8r-20260613T115956Z-claw	rep01/record_only_compact/campaign/workspaces/1daa7ae6-81bf-4698-a012-444e1309be0e	tests	372736	e1e4c4809bab7c3666229523f3ff04a5fbc93d47	surrogate/tests	6421b91de97dcff6251ebfc4a2c6fac826b3bf9e622f0f3a9a3b51adcbb561a5	git -C {repo} archive {git_commit} {git_source} | tar -x -C {experiment_root}/{root}/{parent_relative} --strip-components=1
v04-phase5-warehouse-governance-compact-onoff-4x2-8r-20260613T115956Z-claw	rep01/record_only_compact/campaign/workspaces/1daa7ae6-81bf-4698-a012-444e1309be0e	milp_bounds	327680	e1e4c4809bab7c3666229523f3ff04a5fbc93d47	surrogate/milp_bounds	c127bcd8e5778b4909edd75c31b2df601f40f512065c23108337dfbaaa1c6808	git -C {repo} archive {git_commit} {git_source} | tar -x -C {experiment_root}/{root}/{parent_relative} --strip-components=1
v04-phase5-warehouse-governance-compact-onoff-4x2-8r-20260613T115956Z-claw	rep01/record_only_compact/campaign/workspaces/1daa7ae6-81bf-4698-a012-444e1309be0e	calibration	8192	e1e4c4809bab7c3666229523f3ff04a5fbc93d47	surrogate/calibration	3c7648f54a6456a5824cc7f18140d3b28226300a12bf3bb4196cde86d8453016	git -C {repo} archive {git_commit} {git_source} | tar -x -C {experiment_root}/{root}/{parent_relative} --strip-components=1
v04-phase5-warehouse-governance-compact-onoff-4x2-8r-20260613T115956Z-claw	rep01/record_only_compact/campaign/workspaces/44090a2f-2007-45a8-9bfb-a71a70dbfcd4	data	9715712	e1e4c4809bab7c3666229523f3ff04a5fbc93d47	surrogate/data	e39d71899d6b96e6280b4ad0d8207960c6a393f0e0d6e35b5ad77e854d361ea3	git -C {repo} archive {git_commit} {git_source} | tar -x -C {experiment_root}/{root}/{parent_relative} --strip-components=1
v04-phase5-warehouse-governance-compact-onoff-4x2-8r-20260613T115956Z-claw	rep01/record_only_compact/campaign/workspaces/44090a2f-2007-45a8-9bfb-a71a70dbfcd4	cplex-final-20260426	1015808	e1e4c4809bab7c3666229523f3ff04a5fbc93d47	surrogate/cplex-final-20260426	b992f1c84218d64eee1586a0dd33e47569195cac060659bc3fa7231b098fd29f	git -C {repo} archive {git_commit} {git_source} | tar -x -C {experiment_root}/{root}/{parent_relative} --strip-components=1
v04-phase5-warehouse-governance-compact-onoff-4x2-8r-20260613T115956Z-claw	rep01/record_only_compact/campaign/workspaces/44090a2f-2007-45a8-9bfb-a71a70dbfcd4	sprint-f4-milp-results	466944	e1e4c4809bab7c3666229523f3ff04a5fbc93d47	surrogate/sprint-f4-milp-results	2a65d92d3876b297da8a70c215e29c02beb12888a6b0cf5782d5b959139ef521	git -C {repo} archive {git_commit} {git_source} | tar -x -C {experiment_root}/{root}/{parent_relative} --strip-components=1
v04-phase5-warehouse-governance-compact-onoff-4x2-8r-20260613T115956Z-claw	rep01/record_only_compact/campaign/workspaces/44090a2f-2007-45a8-9bfb-a71a70dbfcd4	tests	372736	e1e4c4809bab7c3666229523f3ff04a5fbc93d47	surrogate/tests	6421b91de97dcff6251ebfc4a2c6fac826b3bf9e622f0f3a9a3b51adcbb561a5	git -C {repo} archive {git_commit} {git_source} | tar -x -C {experiment_root}/{root}/{parent_relative} --strip-components=1
v04-phase5-warehouse-governance-compact-onoff-4x2-8r-20260613T115956Z-claw	rep01/record_only_compact/campaign/workspaces/44090a2f-2007-45a8-9bfb-a71a70dbfcd4	milp_bounds	327680	e1e4c4809bab7c3666229523f3ff04a5fbc93d47	surrogate/milp_bounds	c127bcd8e5778b4909edd75c31b2df601f40f512065c23108337dfbaaa1c6808	git -C {repo} archive {git_commit} {git_source} | tar -x -C {experiment_root}/{root}/{parent_relative} --strip-components=1
v04-phase5-warehouse-governance-compact-onoff-4x2-8r-20260613T115956Z-claw	rep01/record_only_compact/campaign/workspaces/44090a2f-2007-45a8-9bfb-a71a70dbfcd4	calibration	8192	e1e4c4809bab7c3666229523f3ff04a5fbc93d47	surrogate/calibration	3c7648f54a6456a5824cc7f18140d3b28226300a12bf3bb4196cde86d8453016	git -C {repo} archive {git_commit} {git_source} | tar -x -C {experiment_root}/{root}/{parent_relative} --strip-components=1
v04-phase5-warehouse-governance-compact-onoff-4x2-8r-20260613T115956Z-claw	rep01/record_only_compact/campaign/workspaces/44090a2f-2007-45a8-9bfb-a71a70dbfcd4.checkpoint.185b5dba	data	9715712	e1e4c4809bab7c3666229523f3ff04a5fbc93d47	surrogate/data	e39d71899d6b96e6280b4ad0d8207960c6a393f0e0d6e35b5ad77e854d361ea3	git -C {repo} archive {git_commit} {git_source} | tar -x -C {experiment_root}/{root}/{parent_relative} --strip-components=1
v04-phase5-warehouse-governance-compact-onoff-4x2-8r-20260613T115956Z-claw	rep01/record_only_compact/campaign/workspaces/44090a2f-2007-45a8-9bfb-a71a70dbfcd4.checkpoint.185b5dba	cplex-final-20260426	1015808	e1e4c4809bab7c3666229523f3ff04a5fbc93d47	surrogate/cplex-final-20260426	b992f1c84218d64eee1586a0dd33e47569195cac060659bc3fa7231b098fd29f	git -C {repo} archive {git_commit} {git_source} | tar -x -C {experiment_root}/{root}/{parent_relative} --strip-components=1
v04-phase5-warehouse-governance-compact-onoff-4x2-8r-20260613T115956Z-claw	rep01/record_only_compact/campaign/workspaces/44090a2f-2007-45a8-9bfb-a71a70dbfcd4.checkpoint.185b5dba	sprint-f4-milp-results	466944	e1e4c4809bab7c3666229523f3ff04a5fbc93d47	surrogate/sprint-f4-milp-results	2a65d92d3876b297da8a70c215e29c02beb12888a6b0cf5782d5b959139ef521	git -C {repo} archive {git_commit} {git_source} | tar -x -C {experiment_root}/{root}/{parent_relative} --strip-components=1
v04-phase5-warehouse-governance-compact-onoff-4x2-8r-20260613T115956Z-claw	rep01/record_only_compact/campaign/workspaces/44090a2f-2007-45a8-9bfb-a71a70dbfcd4.checkpoint.185b5dba	tests	372736	e1e4c4809bab7c3666229523f3ff04a5fbc93d47	surrogate/tests	6421b91de97dcff6251ebfc4a2c6fac826b3bf9e622f0f3a9a3b51adcbb561a5	git -C {repo} archive {git_commit} {git_source} | tar -x -C {experiment_root}/{root}/{parent_relative} --strip-components=1
v04-phase5-warehouse-governance-compact-onoff-4x2-8r-20260613T115956Z-claw	rep01/record_only_compact/campaign/workspaces/44090a2f-2007-45a8-9bfb-a71a70dbfcd4.checkpoint.185b5dba	milp_bounds	327680	e1e4c4809bab7c3666229523f3ff04a5fbc93d47	surrogate/milp_bounds	c127bcd8e5778b4909edd75c31b2df601f40f512065c23108337dfbaaa1c6808	git -C {repo} archive {git_commit} {git_source} | tar -x -C {experiment_root}/{root}/{parent_relative} --strip-components=1
v04-phase5-warehouse-governance-compact-onoff-4x2-8r-20260613T115956Z-claw	rep01/record_only_compact/campaign/workspaces/44090a2f-2007-45a8-9bfb-a71a70dbfcd4.checkpoint.185b5dba	calibration	8192	e1e4c4809bab7c3666229523f3ff04a5fbc93d47	surrogate/calibration	3c7648f54a6456a5824cc7f18140d3b28226300a12bf3bb4196cde86d8453016	git -C {repo} archive {git_commit} {git_source} | tar -x -C {experiment_root}/{root}/{parent_relative} --strip-components=1
v04-phase5-warehouse-governance-compact-onoff-4x2-8r-20260613T115956Z-claw	rep01/record_only_compact/campaign/workspaces/44090a2f-2007-45a8-9bfb-a71a70dbfcd4.checkpoint.d191f210	data	9715712	e1e4c4809bab7c3666229523f3ff04a5fbc93d47	surrogate/data	e39d71899d6b96e6280b4ad0d8207960c6a393f0e0d6e35b5ad77e854d361ea3	git -C {repo} archive {git_commit} {git_source} | tar -x -C {experiment_root}/{root}/{parent_relative} --strip-components=1
v04-phase5-warehouse-governance-compact-onoff-4x2-8r-20260613T115956Z-claw	rep01/record_only_compact/campaign/workspaces/44090a2f-2007-45a8-9bfb-a71a70dbfcd4.checkpoint.d191f210	cplex-final-20260426	1015808	e1e4c4809bab7c3666229523f3ff04a5fbc93d47	surrogate/cplex-final-20260426	b992f1c84218d64eee1586a0dd33e47569195cac060659bc3fa7231b098fd29f	git -C {repo} archive {git_commit} {git_source} | tar -x -C {experiment_root}/{root}/{parent_relative} --strip-components=1
v04-phase5-warehouse-governance-compact-onoff-4x2-8r-20260613T115956Z-claw	rep01/record_only_compact/campaign/workspaces/44090a2f-2007-45a8-9bfb-a71a70dbfcd4.checkpoint.d191f210	sprint-f4-milp-results	466944	e1e4c4809bab7c3666229523f3ff04a5fbc93d47	surrogate/sprint-f4-milp-results	2a65d92d3876b297da8a70c215e29c02beb12888a6b0cf5782d5b959139ef521	git -C {repo} archive {git_commit} {git_source} | tar -x -C {experiment_root}/{root}/{parent_relative} --strip-components=1
v04-phase5-warehouse-governance-compact-onoff-4x2-8r-20260613T115956Z-claw	rep01/record_only_compact/campaign/workspaces/44090a2f-2007-45a8-9bfb-a71a70dbfcd4.checkpoint.d191f210	tests	372736	e1e4c4809bab7c3666229523f3ff04a5fbc93d47	surrogate/tests	6421b91de97dcff6251ebfc4a2c6fac826b3bf9e622f0f3a9a3b51adcbb561a5	git -C {repo} archive {git_commit} {git_source} | tar -x -C {experiment_root}/{root}/{parent_relative} --strip-components=1
v04-phase5-warehouse-governance-compact-onoff-4x2-8r-20260613T115956Z-claw	rep01/record_only_compact/campaign/workspaces/44090a2f-2007-45a8-9bfb-a71a70dbfcd4.checkpoint.d191f210	milp_bounds	327680	e1e4c4809bab7c3666229523f3ff04a5fbc93d47	surrogate/milp_bounds	c127bcd8e5778b4909edd75c31b2df601f40f512065c23108337dfbaaa1c6808	git -C {repo} archive {git_commit} {git_source} | tar -x -C {experiment_root}/{root}/{parent_relative} --strip-components=1
v04-phase5-warehouse-governance-compact-onoff-4x2-8r-20260613T115956Z-claw	rep01/record_only_compact/campaign/workspaces/44090a2f-2007-45a8-9bfb-a71a70dbfcd4.checkpoint.d191f210	calibration	8192	e1e4c4809bab7c3666229523f3ff04a5fbc93d47	surrogate/calibration	3c7648f54a6456a5824cc7f18140d3b28226300a12bf3bb4196cde86d8453016	git -C {repo} archive {git_commit} {git_source} | tar -x -C {experiment_root}/{root}/{parent_relative} --strip-components=1
v04-phase5-warehouse-governance-compact-onoff-4x2-8r-20260613T115956Z-claw	rep01/record_only_compact/campaign/workspaces/c18d25db-754b-4a4b-8f6c-a8b482966e4f	data	9715712	e1e4c4809bab7c3666229523f3ff04a5fbc93d47	surrogate/data	e39d71899d6b96e6280b4ad0d8207960c6a393f0e0d6e35b5ad77e854d361ea3	git -C {repo} archive {git_commit} {git_source} | tar -x -C {experiment_root}/{root}/{parent_relative} --strip-components=1
v04-phase5-warehouse-governance-compact-onoff-4x2-8r-20260613T115956Z-claw	rep01/record_only_compact/campaign/workspaces/c18d25db-754b-4a4b-8f6c-a8b482966e4f	cplex-final-20260426	1015808	e1e4c4809bab7c3666229523f3ff04a5fbc93d47	surrogate/cplex-final-20260426	b992f1c84218d64eee1586a0dd33e47569195cac060659bc3fa7231b098fd29f	git -C {repo} archive {git_commit} {git_source} | tar -x -C {experiment_root}/{root}/{parent_relative} --strip-components=1
v04-phase5-warehouse-governance-compact-onoff-4x2-8r-20260613T115956Z-claw	rep01/record_only_compact/campaign/workspaces/c18d25db-754b-4a4b-8f6c-a8b482966e4f	sprint-f4-milp-results	466944	e1e4c4809bab7c3666229523f3ff04a5fbc93d47	surrogate/sprint-f4-milp-results	2a65d92d3876b297da8a70c215e29c02beb12888a6b0cf5782d5b959139ef521	git -C {repo} archive {git_commit} {git_source} | tar -x -C {experiment_root}/{root}/{parent_relative} --strip-components=1
v04-phase5-warehouse-governance-compact-onoff-4x2-8r-20260613T115956Z-claw	rep01/record_only_compact/campaign/workspaces/c18d25db-754b-4a4b-8f6c-a8b482966e4f	tests	372736	e1e4c4809bab7c3666229523f3ff04a5fbc93d47	surrogate/tests	6421b91de97dcff6251ebfc4a2c6fac826b3bf9e622f0f3a9a3b51adcbb561a5	git -C {repo} archive {git_commit} {git_source} | tar -x -C {experiment_root}/{root}/{parent_relative} --strip-components=1
v04-phase5-warehouse-governance-compact-onoff-4x2-8r-20260613T115956Z-claw	rep01/record_only_compact/campaign/workspaces/c18d25db-754b-4a4b-8f6c-a8b482966e4f	milp_bounds	327680	e1e4c4809bab7c3666229523f3ff04a5fbc93d47	surrogate/milp_bounds	c127bcd8e5778b4909edd75c31b2df601f40f512065c23108337dfbaaa1c6808	git -C {repo} archive {git_commit} {git_source} | tar -x -C {experiment_root}/{root}/{parent_relative} --strip-components=1
v04-phase5-warehouse-governance-compact-onoff-4x2-8r-20260613T115956Z-claw	rep01/record_only_compact/campaign/workspaces/c18d25db-754b-4a4b-8f6c-a8b482966e4f	calibration	8192	e1e4c4809bab7c3666229523f3ff04a5fbc93d47	surrogate/calibration	3c7648f54a6456a5824cc7f18140d3b28226300a12bf3bb4196cde86d8453016	git -C {repo} archive {git_commit} {git_source} | tar -x -C {experiment_root}/{root}/{parent_relative} --strip-components=1
v04-phase5-warehouse-governance-compact-onoff-4x2-8r-20260613T115956Z-claw	rep01/record_only_compact/campaign/workspaces/c18d25db-754b-4a4b-8f6c-a8b482966e4f.checkpoint.2c02dd7e	data	9715712	e1e4c4809bab7c3666229523f3ff04a5fbc93d47	surrogate/data	e39d71899d6b96e6280b4ad0d8207960c6a393f0e0d6e35b5ad77e854d361ea3	git -C {repo} archive {git_commit} {git_source} | tar -x -C {experiment_root}/{root}/{parent_relative} --strip-components=1
v04-phase5-warehouse-governance-compact-onoff-4x2-8r-20260613T115956Z-claw	rep01/record_only_compact/campaign/workspaces/c18d25db-754b-4a4b-8f6c-a8b482966e4f.checkpoint.2c02dd7e	cplex-final-20260426	1015808	e1e4c4809bab7c3666229523f3ff04a5fbc93d47	surrogate/cplex-final-20260426	b992f1c84218d64eee1586a0dd33e47569195cac060659bc3fa7231b098fd29f	git -C {repo} archive {git_commit} {git_source} | tar -x -C {experiment_root}/{root}/{parent_relative} --strip-components=1
v04-phase5-warehouse-governance-compact-onoff-4x2-8r-20260613T115956Z-claw	rep01/record_only_compact/campaign/workspaces/c18d25db-754b-4a4b-8f6c-a8b482966e4f.checkpoint.2c02dd7e	sprint-f4-milp-results	466944	e1e4c4809bab7c3666229523f3ff04a5fbc93d47	surrogate/sprint-f4-milp-results	2a65d92d3876b297da8a70c215e29c02beb12888a6b0cf5782d5b959139ef521	git -C {repo} archive {git_commit} {git_source} | tar -x -C {experiment_root}/{root}/{parent_relative} --strip-components=1
v04-phase5-warehouse-governance-compact-onoff-4x2-8r-20260613T115956Z-claw	rep01/record_only_compact/campaign/workspaces/c18d25db-754b-4a4b-8f6c-a8b482966e4f.checkpoint.2c02dd7e	tests	372736	e1e4c4809bab7c3666229523f3ff04a5fbc93d47	surrogate/tests	6421b91de97dcff6251ebfc4a2c6fac826b3bf9e622f0f3a9a3b51adcbb561a5	git -C {repo} archive {git_commit} {git_source} | tar -x -C {experiment_root}/{root}/{parent_relative} --strip-components=1
v04-phase5-warehouse-governance-compact-onoff-4x2-8r-20260613T115956Z-claw	rep01/record_only_compact/campaign/workspaces/c18d25db-754b-4a4b-8f6c-a8b482966e4f.checkpoint.2c02dd7e	milp_bounds	327680	e1e4c4809bab7c3666229523f3ff04a5fbc93d47	surrogate/milp_bounds	c127bcd8e5778b4909edd75c31b2df601f40f512065c23108337dfbaaa1c6808	git -C {repo} archive {git_commit} {git_source} | tar -x -C {experiment_root}/{root}/{parent_relative} --strip-components=1
v04-phase5-warehouse-governance-compact-onoff-4x2-8r-20260613T115956Z-claw	rep01/record_only_compact/campaign/workspaces/c18d25db-754b-4a4b-8f6c-a8b482966e4f.checkpoint.2c02dd7e	calibration	8192	e1e4c4809bab7c3666229523f3ff04a5fbc93d47	surrogate/calibration	3c7648f54a6456a5824cc7f18140d3b28226300a12bf3bb4196cde86d8453016	git -C {repo} archive {git_commit} {git_source} | tar -x -C {experiment_root}/{root}/{parent_relative} --strip-components=1
v04-phase5-warehouse-governance-compact-onoff-4x2-8r-20260613T115956Z-claw	rep02/on_compact/campaign/champions/champion_v1	data	9715712	e1e4c4809bab7c3666229523f3ff04a5fbc93d47	surrogate/data	e39d71899d6b96e6280b4ad0d8207960c6a393f0e0d6e35b5ad77e854d361ea3	git -C {repo} archive {git_commit} {git_source} | tar -x -C {experiment_root}/{root}/{parent_relative} --strip-components=1
v04-phase5-warehouse-governance-compact-onoff-4x2-8r-20260613T115956Z-claw	rep02/on_compact/campaign/champions/champion_v1	cplex-final-20260426	1015808	e1e4c4809bab7c3666229523f3ff04a5fbc93d47	surrogate/cplex-final-20260426	b992f1c84218d64eee1586a0dd33e47569195cac060659bc3fa7231b098fd29f	git -C {repo} archive {git_commit} {git_source} | tar -x -C {experiment_root}/{root}/{parent_relative} --strip-components=1
v04-phase5-warehouse-governance-compact-onoff-4x2-8r-20260613T115956Z-claw	rep02/on_compact/campaign/champions/champion_v1	sprint-f4-milp-results	466944	e1e4c4809bab7c3666229523f3ff04a5fbc93d47	surrogate/sprint-f4-milp-results	2a65d92d3876b297da8a70c215e29c02beb12888a6b0cf5782d5b959139ef521	git -C {repo} archive {git_commit} {git_source} | tar -x -C {experiment_root}/{root}/{parent_relative} --strip-components=1
v04-phase5-warehouse-governance-compact-onoff-4x2-8r-20260613T115956Z-claw	rep02/on_compact/campaign/champions/champion_v1	tests	372736	e1e4c4809bab7c3666229523f3ff04a5fbc93d47	surrogate/tests	6421b91de97dcff6251ebfc4a2c6fac826b3bf9e622f0f3a9a3b51adcbb561a5	git -C {repo} archive {git_commit} {git_source} | tar -x -C {experiment_root}/{root}/{parent_relative} --strip-components=1
v04-phase5-warehouse-governance-compact-onoff-4x2-8r-20260613T115956Z-claw	rep02/on_compact/campaign/champions/champion_v1	milp_bounds	327680	e1e4c4809bab7c3666229523f3ff04a5fbc93d47	surrogate/milp_bounds	c127bcd8e5778b4909edd75c31b2df601f40f512065c23108337dfbaaa1c6808	git -C {repo} archive {git_commit} {git_source} | tar -x -C {experiment_root}/{root}/{parent_relative} --strip-components=1
v04-phase5-warehouse-governance-compact-onoff-4x2-8r-20260613T115956Z-claw	rep02/on_compact/campaign/champions/champion_v1	calibration	8192	e1e4c4809bab7c3666229523f3ff04a5fbc93d47	surrogate/calibration	3c7648f54a6456a5824cc7f18140d3b28226300a12bf3bb4196cde86d8453016	git -C {repo} archive {git_commit} {git_source} | tar -x -C {experiment_root}/{root}/{parent_relative} --strip-components=1
v04-phase5-warehouse-governance-compact-onoff-4x2-8r-20260613T115956Z-claw	rep02/on_compact/campaign/workspaces/5bec56cf-353f-4738-a701-fe54bd811aa5	data	9715712	e1e4c4809bab7c3666229523f3ff04a5fbc93d47	surrogate/data	e39d71899d6b96e6280b4ad0d8207960c6a393f0e0d6e35b5ad77e854d361ea3	git -C {repo} archive {git_commit} {git_source} | tar -x -C {experiment_root}/{root}/{parent_relative} --strip-components=1
v04-phase5-warehouse-governance-compact-onoff-4x2-8r-20260613T115956Z-claw	rep02/on_compact/campaign/workspaces/5bec56cf-353f-4738-a701-fe54bd811aa5	cplex-final-20260426	1015808	e1e4c4809bab7c3666229523f3ff04a5fbc93d47	surrogate/cplex-final-20260426	b992f1c84218d64eee1586a0dd33e47569195cac060659bc3fa7231b098fd29f	git -C {repo} archive {git_commit} {git_source} | tar -x -C {experiment_root}/{root}/{parent_relative} --strip-components=1
v04-phase5-warehouse-governance-compact-onoff-4x2-8r-20260613T115956Z-claw	rep02/on_compact/campaign/workspaces/5bec56cf-353f-4738-a701-fe54bd811aa5	sprint-f4-milp-results	466944	e1e4c4809bab7c3666229523f3ff04a5fbc93d47	surrogate/sprint-f4-milp-results	2a65d92d3876b297da8a70c215e29c02beb12888a6b0cf5782d5b959139ef521	git -C {repo} archive {git_commit} {git_source} | tar -x -C {experiment_root}/{root}/{parent_relative} --strip-components=1
v04-phase5-warehouse-governance-compact-onoff-4x2-8r-20260613T115956Z-claw	rep02/on_compact/campaign/workspaces/5bec56cf-353f-4738-a701-fe54bd811aa5	tests	372736	e1e4c4809bab7c3666229523f3ff04a5fbc93d47	surrogate/tests	6421b91de97dcff6251ebfc4a2c6fac826b3bf9e622f0f3a9a3b51adcbb561a5	git -C {repo} archive {git_commit} {git_source} | tar -x -C {experiment_root}/{root}/{parent_relative} --strip-components=1
v04-phase5-warehouse-governance-compact-onoff-4x2-8r-20260613T115956Z-claw	rep02/on_compact/campaign/workspaces/5bec56cf-353f-4738-a701-fe54bd811aa5	milp_bounds	327680	e1e4c4809bab7c3666229523f3ff04a5fbc93d47	surrogate/milp_bounds	c127bcd8e5778b4909edd75c31b2df601f40f512065c23108337dfbaaa1c6808	git -C {repo} archive {git_commit} {git_source} | tar -x -C {experiment_root}/{root}/{parent_relative} --strip-components=1
v04-phase5-warehouse-governance-compact-onoff-4x2-8r-20260613T115956Z-claw	rep02/on_compact/campaign/workspaces/5bec56cf-353f-4738-a701-fe54bd811aa5	calibration	8192	e1e4c4809bab7c3666229523f3ff04a5fbc93d47	surrogate/calibration	3c7648f54a6456a5824cc7f18140d3b28226300a12bf3bb4196cde86d8453016	git -C {repo} archive {git_commit} {git_source} | tar -x -C {experiment_root}/{root}/{parent_relative} --strip-components=1
v04-phase5-warehouse-governance-compact-onoff-4x2-8r-20260613T115956Z-claw	rep02/on_compact/campaign/workspaces/5bec56cf-353f-4738-a701-fe54bd811aa5.checkpoint.3e097a83	data	9715712	e1e4c4809bab7c3666229523f3ff04a5fbc93d47	surrogate/data	e39d71899d6b96e6280b4ad0d8207960c6a393f0e0d6e35b5ad77e854d361ea3	git -C {repo} archive {git_commit} {git_source} | tar -x -C {experiment_root}/{root}/{parent_relative} --strip-components=1
v04-phase5-warehouse-governance-compact-onoff-4x2-8r-20260613T115956Z-claw	rep02/on_compact/campaign/workspaces/5bec56cf-353f-4738-a701-fe54bd811aa5.checkpoint.3e097a83	cplex-final-20260426	1015808	e1e4c4809bab7c3666229523f3ff04a5fbc93d47	surrogate/cplex-final-20260426	b992f1c84218d64eee1586a0dd33e47569195cac060659bc3fa7231b098fd29f	git -C {repo} archive {git_commit} {git_source} | tar -x -C {experiment_root}/{root}/{parent_relative} --strip-components=1
v04-phase5-warehouse-governance-compact-onoff-4x2-8r-20260613T115956Z-claw	rep02/on_compact/campaign/workspaces/5bec56cf-353f-4738-a701-fe54bd811aa5.checkpoint.3e097a83	sprint-f4-milp-results	466944	e1e4c4809bab7c3666229523f3ff04a5fbc93d47	surrogate/sprint-f4-milp-results	2a65d92d3876b297da8a70c215e29c02beb12888a6b0cf5782d5b959139ef521	git -C {repo} archive {git_commit} {git_source} | tar -x -C {experiment_root}/{root}/{parent_relative} --strip-components=1
v04-phase5-warehouse-governance-compact-onoff-4x2-8r-20260613T115956Z-claw	rep02/on_compact/campaign/workspaces/5bec56cf-353f-4738-a701-fe54bd811aa5.checkpoint.3e097a83	tests	372736	e1e4c4809bab7c3666229523f3ff04a5fbc93d47	surrogate/tests	6421b91de97dcff6251ebfc4a2c6fac826b3bf9e622f0f3a9a3b51adcbb561a5	git -C {repo} archive {git_commit} {git_source} | tar -x -C {experiment_root}/{root}/{parent_relative} --strip-components=1
v04-phase5-warehouse-governance-compact-onoff-4x2-8r-20260613T115956Z-claw	rep02/on_compact/campaign/workspaces/5bec56cf-353f-4738-a701-fe54bd811aa5.checkpoint.3e097a83	milp_bounds	327680	e1e4c4809bab7c3666229523f3ff04a5fbc93d47	surrogate/milp_bounds	c127bcd8e5778b4909edd75c31b2df601f40f512065c23108337dfbaaa1c6808	git -C {repo} archive {git_commit} {git_source} | tar -x -C {experiment_root}/{root}/{parent_relative} --strip-components=1
v04-phase5-warehouse-governance-compact-onoff-4x2-8r-20260613T115956Z-claw	rep02/on_compact/campaign/workspaces/5bec56cf-353f-4738-a701-fe54bd811aa5.checkpoint.3e097a83	calibration	8192	e1e4c4809bab7c3666229523f3ff04a5fbc93d47	surrogate/calibration	3c7648f54a6456a5824cc7f18140d3b28226300a12bf3bb4196cde86d8453016	git -C {repo} archive {git_commit} {git_source} | tar -x -C {experiment_root}/{root}/{parent_relative} --strip-components=1
v04-phase5-warehouse-governance-compact-onoff-4x2-8r-20260613T115956Z-claw	rep02/on_compact/campaign/workspaces/5bec56cf-353f-4738-a701-fe54bd811aa5.checkpoint.52ba570e	data	9715712	e1e4c4809bab7c3666229523f3ff04a5fbc93d47	surrogate/data	e39d71899d6b96e6280b4ad0d8207960c6a393f0e0d6e35b5ad77e854d361ea3	git -C {repo} archive {git_commit} {git_source} | tar -x -C {experiment_root}/{root}/{parent_relative} --strip-components=1
v04-phase5-warehouse-governance-compact-onoff-4x2-8r-20260613T115956Z-claw	rep02/on_compact/campaign/workspaces/5bec56cf-353f-4738-a701-fe54bd811aa5.checkpoint.52ba570e	cplex-final-20260426	1015808	e1e4c4809bab7c3666229523f3ff04a5fbc93d47	surrogate/cplex-final-20260426	b992f1c84218d64eee1586a0dd33e47569195cac060659bc3fa7231b098fd29f	git -C {repo} archive {git_commit} {git_source} | tar -x -C {experiment_root}/{root}/{parent_relative} --strip-components=1
v04-phase5-warehouse-governance-compact-onoff-4x2-8r-20260613T115956Z-claw	rep02/on_compact/campaign/workspaces/5bec56cf-353f-4738-a701-fe54bd811aa5.checkpoint.52ba570e	sprint-f4-milp-results	466944	e1e4c4809bab7c3666229523f3ff04a5fbc93d47	surrogate/sprint-f4-milp-results	2a65d92d3876b297da8a70c215e29c02beb12888a6b0cf5782d5b959139ef521	git -C {repo} archive {git_commit} {git_source} | tar -x -C {experiment_root}/{root}/{parent_relative} --strip-components=1
v04-phase5-warehouse-governance-compact-onoff-4x2-8r-20260613T115956Z-claw	rep02/on_compact/campaign/workspaces/5bec56cf-353f-4738-a701-fe54bd811aa5.checkpoint.52ba570e	tests	372736	e1e4c4809bab7c3666229523f3ff04a5fbc93d47	surrogate/tests	6421b91de97dcff6251ebfc4a2c6fac826b3bf9e622f0f3a9a3b51adcbb561a5	git -C {repo} archive {git_commit} {git_source} | tar -x -C {experiment_root}/{root}/{parent_relative} --strip-components=1
v04-phase5-warehouse-governance-compact-onoff-4x2-8r-20260613T115956Z-claw	rep02/on_compact/campaign/workspaces/5bec56cf-353f-4738-a701-fe54bd811aa5.checkpoint.52ba570e	milp_bounds	327680	e1e4c4809bab7c3666229523f3ff04a5fbc93d47	surrogate/milp_bounds	c127bcd8e5778b4909edd75c31b2df601f40f512065c23108337dfbaaa1c6808	git -C {repo} archive {git_commit} {git_source} | tar -x -C {experiment_root}/{root}/{parent_relative} --strip-components=1
v04-phase5-warehouse-governance-compact-onoff-4x2-8r-20260613T115956Z-claw	rep02/on_compact/campaign/workspaces/5bec56cf-353f-4738-a701-fe54bd811aa5.checkpoint.52ba570e	calibration	8192	e1e4c4809bab7c3666229523f3ff04a5fbc93d47	surrogate/calibration	3c7648f54a6456a5824cc7f18140d3b28226300a12bf3bb4196cde86d8453016	git -C {repo} archive {git_commit} {git_source} | tar -x -C {experiment_root}/{root}/{parent_relative} --strip-components=1
v04-phase5-warehouse-governance-compact-onoff-4x2-8r-20260613T115956Z-claw	rep02/on_compact/campaign/workspaces/81f80767-3aae-43a6-b544-d3ffcbe51ded	data	9715712	e1e4c4809bab7c3666229523f3ff04a5fbc93d47	surrogate/data	e39d71899d6b96e6280b4ad0d8207960c6a393f0e0d6e35b5ad77e854d361ea3	git -C {repo} archive {git_commit} {git_source} | tar -x -C {experiment_root}/{root}/{parent_relative} --strip-components=1
v04-phase5-warehouse-governance-compact-onoff-4x2-8r-20260613T115956Z-claw	rep02/on_compact/campaign/workspaces/81f80767-3aae-43a6-b544-d3ffcbe51ded	cplex-final-20260426	1015808	e1e4c4809bab7c3666229523f3ff04a5fbc93d47	surrogate/cplex-final-20260426	b992f1c84218d64eee1586a0dd33e47569195cac060659bc3fa7231b098fd29f	git -C {repo} archive {git_commit} {git_source} | tar -x -C {experiment_root}/{root}/{parent_relative} --strip-components=1
v04-phase5-warehouse-governance-compact-onoff-4x2-8r-20260613T115956Z-claw	rep02/on_compact/campaign/workspaces/81f80767-3aae-43a6-b544-d3ffcbe51ded	sprint-f4-milp-results	466944	e1e4c4809bab7c3666229523f3ff04a5fbc93d47	surrogate/sprint-f4-milp-results	2a65d92d3876b297da8a70c215e29c02beb12888a6b0cf5782d5b959139ef521	git -C {repo} archive {git_commit} {git_source} | tar -x -C {experiment_root}/{root}/{parent_relative} --strip-components=1
v04-phase5-warehouse-governance-compact-onoff-4x2-8r-20260613T115956Z-claw	rep02/on_compact/campaign/workspaces/81f80767-3aae-43a6-b544-d3ffcbe51ded	tests	372736	e1e4c4809bab7c3666229523f3ff04a5fbc93d47	surrogate/tests	6421b91de97dcff6251ebfc4a2c6fac826b3bf9e622f0f3a9a3b51adcbb561a5	git -C {repo} archive {git_commit} {git_source} | tar -x -C {experiment_root}/{root}/{parent_relative} --strip-components=1
v04-phase5-warehouse-governance-compact-onoff-4x2-8r-20260613T115956Z-claw	rep02/on_compact/campaign/workspaces/81f80767-3aae-43a6-b544-d3ffcbe51ded	milp_bounds	327680	e1e4c4809bab7c3666229523f3ff04a5fbc93d47	surrogate/milp_bounds	c127bcd8e5778b4909edd75c31b2df601f40f512065c23108337dfbaaa1c6808	git -C {repo} archive {git_commit} {git_source} | tar -x -C {experiment_root}/{root}/{parent_relative} --strip-components=1
v04-phase5-warehouse-governance-compact-onoff-4x2-8r-20260613T115956Z-claw	rep02/on_compact/campaign/workspaces/81f80767-3aae-43a6-b544-d3ffcbe51ded	calibration	8192	e1e4c4809bab7c3666229523f3ff04a5fbc93d47	surrogate/calibration	3c7648f54a6456a5824cc7f18140d3b28226300a12bf3bb4196cde86d8453016	git -C {repo} archive {git_commit} {git_source} | tar -x -C {experiment_root}/{root}/{parent_relative} --strip-components=1
v04-phase5-warehouse-governance-compact-onoff-4x2-8r-20260613T115956Z-claw	rep02/on_compact/campaign/workspaces/81f80767-3aae-43a6-b544-d3ffcbe51ded.checkpoint.6af0e7d2	data	9715712	e1e4c4809bab7c3666229523f3ff04a5fbc93d47	surrogate/data	e39d71899d6b96e6280b4ad0d8207960c6a393f0e0d6e35b5ad77e854d361ea3	git -C {repo} archive {git_commit} {git_source} | tar -x -C {experiment_root}/{root}/{parent_relative} --strip-components=1
v04-phase5-warehouse-governance-compact-onoff-4x2-8r-20260613T115956Z-claw	rep02/on_compact/campaign/workspaces/81f80767-3aae-43a6-b544-d3ffcbe51ded.checkpoint.6af0e7d2	cplex-final-20260426	1015808	e1e4c4809bab7c3666229523f3ff04a5fbc93d47	surrogate/cplex-final-20260426	b992f1c84218d64eee1586a0dd33e47569195cac060659bc3fa7231b098fd29f	git -C {repo} archive {git_commit} {git_source} | tar -x -C {experiment_root}/{root}/{parent_relative} --strip-components=1
v04-phase5-warehouse-governance-compact-onoff-4x2-8r-20260613T115956Z-claw	rep02/on_compact/campaign/workspaces/81f80767-3aae-43a6-b544-d3ffcbe51ded.checkpoint.6af0e7d2	sprint-f4-milp-results	466944	e1e4c4809bab7c3666229523f3ff04a5fbc93d47	surrogate/sprint-f4-milp-results	2a65d92d3876b297da8a70c215e29c02beb12888a6b0cf5782d5b959139ef521	git -C {repo} archive {git_commit} {git_source} | tar -x -C {experiment_root}/{root}/{parent_relative} --strip-components=1
v04-phase5-warehouse-governance-compact-onoff-4x2-8r-20260613T115956Z-claw	rep02/on_compact/campaign/workspaces/81f80767-3aae-43a6-b544-d3ffcbe51ded.checkpoint.6af0e7d2	tests	372736	e1e4c4809bab7c3666229523f3ff04a5fbc93d47	surrogate/tests	6421b91de97dcff6251ebfc4a2c6fac826b3bf9e622f0f3a9a3b51adcbb561a5	git -C {repo} archive {git_commit} {git_source} | tar -x -C {experiment_root}/{root}/{parent_relative} --strip-components=1
v04-phase5-warehouse-governance-compact-onoff-4x2-8r-20260613T115956Z-claw	rep02/on_compact/campaign/workspaces/81f80767-3aae-43a6-b544-d3ffcbe51ded.checkpoint.6af0e7d2	milp_bounds	327680	e1e4c4809bab7c3666229523f3ff04a5fbc93d47	surrogate/milp_bounds	c127bcd8e5778b4909edd75c31b2df601f40f512065c23108337dfbaaa1c6808	git -C {repo} archive {git_commit} {git_source} | tar -x -C {experiment_root}/{root}/{parent_relative} --strip-components=1
v04-phase5-warehouse-governance-compact-onoff-4x2-8r-20260613T115956Z-claw	rep02/on_compact/campaign/workspaces/81f80767-3aae-43a6-b544-d3ffcbe51ded.checkpoint.6af0e7d2	calibration	8192	e1e4c4809bab7c3666229523f3ff04a5fbc93d47	surrogate/calibration	3c7648f54a6456a5824cc7f18140d3b28226300a12bf3bb4196cde86d8453016	git -C {repo} archive {git_commit} {git_source} | tar -x -C {experiment_root}/{root}/{parent_relative} --strip-components=1
v04-phase5-warehouse-governance-compact-onoff-4x2-8r-20260613T115956Z-claw	rep02/on_compact/campaign/workspaces/81f80767-3aae-43a6-b544-d3ffcbe51ded.checkpoint.ce21211a	data	9715712	e1e4c4809bab7c3666229523f3ff04a5fbc93d47	surrogate/data	e39d71899d6b96e6280b4ad0d8207960c6a393f0e0d6e35b5ad77e854d361ea3	git -C {repo} archive {git_commit} {git_source} | tar -x -C {experiment_root}/{root}/{parent_relative} --strip-components=1
v04-phase5-warehouse-governance-compact-onoff-4x2-8r-20260613T115956Z-claw	rep02/on_compact/campaign/workspaces/81f80767-3aae-43a6-b544-d3ffcbe51ded.checkpoint.ce21211a	cplex-final-20260426	1015808	e1e4c4809bab7c3666229523f3ff04a5fbc93d47	surrogate/cplex-final-20260426	b992f1c84218d64eee1586a0dd33e47569195cac060659bc3fa7231b098fd29f	git -C {repo} archive {git_commit} {git_source} | tar -x -C {experiment_root}/{root}/{parent_relative} --strip-components=1
v04-phase5-warehouse-governance-compact-onoff-4x2-8r-20260613T115956Z-claw	rep02/on_compact/campaign/workspaces/81f80767-3aae-43a6-b544-d3ffcbe51ded.checkpoint.ce21211a	sprint-f4-milp-results	466944	e1e4c4809bab7c3666229523f3ff04a5fbc93d47	surrogate/sprint-f4-milp-results	2a65d92d3876b297da8a70c215e29c02beb12888a6b0cf5782d5b959139ef521	git -C {repo} archive {git_commit} {git_source} | tar -x -C {experiment_root}/{root}/{parent_relative} --strip-components=1
v04-phase5-warehouse-governance-compact-onoff-4x2-8r-20260613T115956Z-claw	rep02/on_compact/campaign/workspaces/81f80767-3aae-43a6-b544-d3ffcbe51ded.checkpoint.ce21211a	tests	372736	e1e4c4809bab7c3666229523f3ff04a5fbc93d47	surrogate/tests	6421b91de97dcff6251ebfc4a2c6fac826b3bf9e622f0f3a9a3b51adcbb561a5	git -C {repo} archive {git_commit} {git_source} | tar -x -C {experiment_root}/{root}/{parent_relative} --strip-components=1
v04-phase5-warehouse-governance-compact-onoff-4x2-8r-20260613T115956Z-claw	rep02/on_compact/campaign/workspaces/81f80767-3aae-43a6-b544-d3ffcbe51ded.checkpoint.ce21211a	milp_bounds	327680	e1e4c4809bab7c3666229523f3ff04a5fbc93d47	surrogate/milp_bounds	c127bcd8e5778b4909edd75c31b2df601f40f512065c23108337dfbaaa1c6808	git -C {repo} archive {git_commit} {git_source} | tar -x -C {experiment_root}/{root}/{parent_relative} --strip-components=1
v04-phase5-warehouse-governance-compact-onoff-4x2-8r-20260613T115956Z-claw	rep02/on_compact/campaign/workspaces/81f80767-3aae-43a6-b544-d3ffcbe51ded.checkpoint.ce21211a	calibration	8192	e1e4c4809bab7c3666229523f3ff04a5fbc93d47	surrogate/calibration	3c7648f54a6456a5824cc7f18140d3b28226300a12bf3bb4196cde86d8453016	git -C {repo} archive {git_commit} {git_source} | tar -x -C {experiment_root}/{root}/{parent_relative} --strip-components=1
v04-phase5-warehouse-governance-compact-onoff-4x2-8r-20260613T115956Z-claw	rep02/on_compact/campaign/workspaces/c081fc6e-1e5e-4753-9aea-5c6ca083f770	data	9715712	e1e4c4809bab7c3666229523f3ff04a5fbc93d47	surrogate/data	e39d71899d6b96e6280b4ad0d8207960c6a393f0e0d6e35b5ad77e854d361ea3	git -C {repo} archive {git_commit} {git_source} | tar -x -C {experiment_root}/{root}/{parent_relative} --strip-components=1
v04-phase5-warehouse-governance-compact-onoff-4x2-8r-20260613T115956Z-claw	rep02/on_compact/campaign/workspaces/c081fc6e-1e5e-4753-9aea-5c6ca083f770	cplex-final-20260426	1015808	e1e4c4809bab7c3666229523f3ff04a5fbc93d47	surrogate/cplex-final-20260426	b992f1c84218d64eee1586a0dd33e47569195cac060659bc3fa7231b098fd29f	git -C {repo} archive {git_commit} {git_source} | tar -x -C {experiment_root}/{root}/{parent_relative} --strip-components=1
v04-phase5-warehouse-governance-compact-onoff-4x2-8r-20260613T115956Z-claw	rep02/on_compact/campaign/workspaces/c081fc6e-1e5e-4753-9aea-5c6ca083f770	sprint-f4-milp-results	466944	e1e4c4809bab7c3666229523f3ff04a5fbc93d47	surrogate/sprint-f4-milp-results	2a65d92d3876b297da8a70c215e29c02beb12888a6b0cf5782d5b959139ef521	git -C {repo} archive {git_commit} {git_source} | tar -x -C {experiment_root}/{root}/{parent_relative} --strip-components=1
v04-phase5-warehouse-governance-compact-onoff-4x2-8r-20260613T115956Z-claw	rep02/on_compact/campaign/workspaces/c081fc6e-1e5e-4753-9aea-5c6ca083f770	tests	372736	e1e4c4809bab7c3666229523f3ff04a5fbc93d47	surrogate/tests	6421b91de97dcff6251ebfc4a2c6fac826b3bf9e622f0f3a9a3b51adcbb561a5	git -C {repo} archive {git_commit} {git_source} | tar -x -C {experiment_root}/{root}/{parent_relative} --strip-components=1
v04-phase5-warehouse-governance-compact-onoff-4x2-8r-20260613T115956Z-claw	rep02/on_compact/campaign/workspaces/c081fc6e-1e5e-4753-9aea-5c6ca083f770	milp_bounds	327680	e1e4c4809bab7c3666229523f3ff04a5fbc93d47	surrogate/milp_bounds	c127bcd8e5778b4909edd75c31b2df601f40f512065c23108337dfbaaa1c6808	git -C {repo} archive {git_commit} {git_source} | tar -x -C {experiment_root}/{root}/{parent_relative} --strip-components=1
v04-phase5-warehouse-governance-compact-onoff-4x2-8r-20260613T115956Z-claw	rep02/on_compact/campaign/workspaces/c081fc6e-1e5e-4753-9aea-5c6ca083f770	calibration	8192	e1e4c4809bab7c3666229523f3ff04a5fbc93d47	surrogate/calibration	3c7648f54a6456a5824cc7f18140d3b28226300a12bf3bb4196cde86d8453016	git -C {repo} archive {git_commit} {git_source} | tar -x -C {experiment_root}/{root}/{parent_relative} --strip-components=1
v04-phase5-warehouse-governance-compact-onoff-4x2-8r-20260613T115956Z-claw	rep02/record_only_compact/campaign/champions/champion_v1	data	9715712	e1e4c4809bab7c3666229523f3ff04a5fbc93d47	surrogate/data	e39d71899d6b96e6280b4ad0d8207960c6a393f0e0d6e35b5ad77e854d361ea3	git -C {repo} archive {git_commit} {git_source} | tar -x -C {experiment_root}/{root}/{parent_relative} --strip-components=1
v04-phase5-warehouse-governance-compact-onoff-4x2-8r-20260613T115956Z-claw	rep02/record_only_compact/campaign/champions/champion_v1	cplex-final-20260426	1015808	e1e4c4809bab7c3666229523f3ff04a5fbc93d47	surrogate/cplex-final-20260426	b992f1c84218d64eee1586a0dd33e47569195cac060659bc3fa7231b098fd29f	git -C {repo} archive {git_commit} {git_source} | tar -x -C {experiment_root}/{root}/{parent_relative} --strip-components=1
v04-phase5-warehouse-governance-compact-onoff-4x2-8r-20260613T115956Z-claw	rep02/record_only_compact/campaign/champions/champion_v1	sprint-f4-milp-results	466944	e1e4c4809bab7c3666229523f3ff04a5fbc93d47	surrogate/sprint-f4-milp-results	2a65d92d3876b297da8a70c215e29c02beb12888a6b0cf5782d5b959139ef521	git -C {repo} archive {git_commit} {git_source} | tar -x -C {experiment_root}/{root}/{parent_relative} --strip-components=1
v04-phase5-warehouse-governance-compact-onoff-4x2-8r-20260613T115956Z-claw	rep02/record_only_compact/campaign/champions/champion_v1	tests	372736	e1e4c4809bab7c3666229523f3ff04a5fbc93d47	surrogate/tests	6421b91de97dcff6251ebfc4a2c6fac826b3bf9e622f0f3a9a3b51adcbb561a5	git -C {repo} archive {git_commit} {git_source} | tar -x -C {experiment_root}/{root}/{parent_relative} --strip-components=1
v04-phase5-warehouse-governance-compact-onoff-4x2-8r-20260613T115956Z-claw	rep02/record_only_compact/campaign/champions/champion_v1	milp_bounds	327680	e1e4c4809bab7c3666229523f3ff04a5fbc93d47	surrogate/milp_bounds	c127bcd8e5778b4909edd75c31b2df601f40f512065c23108337dfbaaa1c6808	git -C {repo} archive {git_commit} {git_source} | tar -x -C {experiment_root}/{root}/{parent_relative} --strip-components=1
v04-phase5-warehouse-governance-compact-onoff-4x2-8r-20260613T115956Z-claw	rep02/record_only_compact/campaign/champions/champion_v1	calibration	8192	e1e4c4809bab7c3666229523f3ff04a5fbc93d47	surrogate/calibration	3c7648f54a6456a5824cc7f18140d3b28226300a12bf3bb4196cde86d8453016	git -C {repo} archive {git_commit} {git_source} | tar -x -C {experiment_root}/{root}/{parent_relative} --strip-components=1
v04-phase5-warehouse-governance-compact-onoff-4x2-8r-20260613T115956Z-claw	rep02/record_only_compact/campaign/workspaces/40563874-46ab-4b9e-b16b-7b3f2ea018a2.checkpoint.62a306ba	data	9715712	e1e4c4809bab7c3666229523f3ff04a5fbc93d47	surrogate/data	e39d71899d6b96e6280b4ad0d8207960c6a393f0e0d6e35b5ad77e854d361ea3	git -C {repo} archive {git_commit} {git_source} | tar -x -C {experiment_root}/{root}/{parent_relative} --strip-components=1
v04-phase5-warehouse-governance-compact-onoff-4x2-8r-20260613T115956Z-claw	rep02/record_only_compact/campaign/workspaces/40563874-46ab-4b9e-b16b-7b3f2ea018a2.checkpoint.62a306ba	cplex-final-20260426	1015808	e1e4c4809bab7c3666229523f3ff04a5fbc93d47	surrogate/cplex-final-20260426	b992f1c84218d64eee1586a0dd33e47569195cac060659bc3fa7231b098fd29f	git -C {repo} archive {git_commit} {git_source} | tar -x -C {experiment_root}/{root}/{parent_relative} --strip-components=1
v04-phase5-warehouse-governance-compact-onoff-4x2-8r-20260613T115956Z-claw	rep02/record_only_compact/campaign/workspaces/40563874-46ab-4b9e-b16b-7b3f2ea018a2.checkpoint.62a306ba	sprint-f4-milp-results	466944	e1e4c4809bab7c3666229523f3ff04a5fbc93d47	surrogate/sprint-f4-milp-results	2a65d92d3876b297da8a70c215e29c02beb12888a6b0cf5782d5b959139ef521	git -C {repo} archive {git_commit} {git_source} | tar -x -C {experiment_root}/{root}/{parent_relative} --strip-components=1
v04-phase5-warehouse-governance-compact-onoff-4x2-8r-20260613T115956Z-claw	rep02/record_only_compact/campaign/workspaces/40563874-46ab-4b9e-b16b-7b3f2ea018a2.checkpoint.62a306ba	tests	372736	e1e4c4809bab7c3666229523f3ff04a5fbc93d47	surrogate/tests	6421b91de97dcff6251ebfc4a2c6fac826b3bf9e622f0f3a9a3b51adcbb561a5	git -C {repo} archive {git_commit} {git_source} | tar -x -C {experiment_root}/{root}/{parent_relative} --strip-components=1
v04-phase5-warehouse-governance-compact-onoff-4x2-8r-20260613T115956Z-claw	rep02/record_only_compact/campaign/workspaces/40563874-46ab-4b9e-b16b-7b3f2ea018a2.checkpoint.62a306ba	milp_bounds	327680	e1e4c4809bab7c3666229523f3ff04a5fbc93d47	surrogate/milp_bounds	c127bcd8e5778b4909edd75c31b2df601f40f512065c23108337dfbaaa1c6808	git -C {repo} archive {git_commit} {git_source} | tar -x -C {experiment_root}/{root}/{parent_relative} --strip-components=1
v04-phase5-warehouse-governance-compact-onoff-4x2-8r-20260613T115956Z-claw	rep02/record_only_compact/campaign/workspaces/40563874-46ab-4b9e-b16b-7b3f2ea018a2.checkpoint.62a306ba	calibration	8192	e1e4c4809bab7c3666229523f3ff04a5fbc93d47	surrogate/calibration	3c7648f54a6456a5824cc7f18140d3b28226300a12bf3bb4196cde86d8453016	git -C {repo} archive {git_commit} {git_source} | tar -x -C {experiment_root}/{root}/{parent_relative} --strip-components=1
v04-phase5-warehouse-governance-compact-onoff-4x2-8r-20260613T115956Z-claw	rep02/record_only_compact/campaign/workspaces/40563874-46ab-4b9e-b16b-7b3f2ea018a2.checkpoint.6599be37	data	9715712	e1e4c4809bab7c3666229523f3ff04a5fbc93d47	surrogate/data	e39d71899d6b96e6280b4ad0d8207960c6a393f0e0d6e35b5ad77e854d361ea3	git -C {repo} archive {git_commit} {git_source} | tar -x -C {experiment_root}/{root}/{parent_relative} --strip-components=1
v04-phase5-warehouse-governance-compact-onoff-4x2-8r-20260613T115956Z-claw	rep02/record_only_compact/campaign/workspaces/40563874-46ab-4b9e-b16b-7b3f2ea018a2.checkpoint.6599be37	cplex-final-20260426	1015808	e1e4c4809bab7c3666229523f3ff04a5fbc93d47	surrogate/cplex-final-20260426	b992f1c84218d64eee1586a0dd33e47569195cac060659bc3fa7231b098fd29f	git -C {repo} archive {git_commit} {git_source} | tar -x -C {experiment_root}/{root}/{parent_relative} --strip-components=1
v04-phase5-warehouse-governance-compact-onoff-4x2-8r-20260613T115956Z-claw	rep02/record_only_compact/campaign/workspaces/40563874-46ab-4b9e-b16b-7b3f2ea018a2.checkpoint.6599be37	sprint-f4-milp-results	466944	e1e4c4809bab7c3666229523f3ff04a5fbc93d47	surrogate/sprint-f4-milp-results	2a65d92d3876b297da8a70c215e29c02beb12888a6b0cf5782d5b959139ef521	git -C {repo} archive {git_commit} {git_source} | tar -x -C {experiment_root}/{root}/{parent_relative} --strip-components=1
v04-phase5-warehouse-governance-compact-onoff-4x2-8r-20260613T115956Z-claw	rep02/record_only_compact/campaign/workspaces/40563874-46ab-4b9e-b16b-7b3f2ea018a2.checkpoint.6599be37	tests	372736	e1e4c4809bab7c3666229523f3ff04a5fbc93d47	surrogate/tests	6421b91de97dcff6251ebfc4a2c6fac826b3bf9e622f0f3a9a3b51adcbb561a5	git -C {repo} archive {git_commit} {git_source} | tar -x -C {experiment_root}/{root}/{parent_relative} --strip-components=1
v04-phase5-warehouse-governance-compact-onoff-4x2-8r-20260613T115956Z-claw	rep02/record_only_compact/campaign/workspaces/40563874-46ab-4b9e-b16b-7b3f2ea018a2.checkpoint.6599be37	milp_bounds	327680	e1e4c4809bab7c3666229523f3ff04a5fbc93d47	surrogate/milp_bounds	c127bcd8e5778b4909edd75c31b2df601f40f512065c23108337dfbaaa1c6808	git -C {repo} archive {git_commit} {git_source} | tar -x -C {experiment_root}/{root}/{parent_relative} --strip-components=1
v04-phase5-warehouse-governance-compact-onoff-4x2-8r-20260613T115956Z-claw	rep02/record_only_compact/campaign/workspaces/40563874-46ab-4b9e-b16b-7b3f2ea018a2.checkpoint.6599be37	calibration	8192	e1e4c4809bab7c3666229523f3ff04a5fbc93d47	surrogate/calibration	3c7648f54a6456a5824cc7f18140d3b28226300a12bf3bb4196cde86d8453016	git -C {repo} archive {git_commit} {git_source} | tar -x -C {experiment_root}/{root}/{parent_relative} --strip-components=1
v04-phase5-warehouse-governance-compact-onoff-4x2-8r-20260613T115956Z-claw	rep02/record_only_compact/campaign/workspaces/48a88cb0-5902-4f61-a930-d125b00f3d29.checkpoint.1af518ed	data	9715712	e1e4c4809bab7c3666229523f3ff04a5fbc93d47	surrogate/data	e39d71899d6b96e6280b4ad0d8207960c6a393f0e0d6e35b5ad77e854d361ea3	git -C {repo} archive {git_commit} {git_source} | tar -x -C {experiment_root}/{root}/{parent_relative} --strip-components=1
v04-phase5-warehouse-governance-compact-onoff-4x2-8r-20260613T115956Z-claw	rep02/record_only_compact/campaign/workspaces/48a88cb0-5902-4f61-a930-d125b00f3d29.checkpoint.1af518ed	cplex-final-20260426	1015808	e1e4c4809bab7c3666229523f3ff04a5fbc93d47	surrogate/cplex-final-20260426	b992f1c84218d64eee1586a0dd33e47569195cac060659bc3fa7231b098fd29f	git -C {repo} archive {git_commit} {git_source} | tar -x -C {experiment_root}/{root}/{parent_relative} --strip-components=1
v04-phase5-warehouse-governance-compact-onoff-4x2-8r-20260613T115956Z-claw	rep02/record_only_compact/campaign/workspaces/48a88cb0-5902-4f61-a930-d125b00f3d29.checkpoint.1af518ed	sprint-f4-milp-results	466944	e1e4c4809bab7c3666229523f3ff04a5fbc93d47	surrogate/sprint-f4-milp-results	2a65d92d3876b297da8a70c215e29c02beb12888a6b0cf5782d5b959139ef521	git -C {repo} archive {git_commit} {git_source} | tar -x -C {experiment_root}/{root}/{parent_relative} --strip-components=1
v04-phase5-warehouse-governance-compact-onoff-4x2-8r-20260613T115956Z-claw	rep02/record_only_compact/campaign/workspaces/48a88cb0-5902-4f61-a930-d125b00f3d29.checkpoint.1af518ed	tests	372736	e1e4c4809bab7c3666229523f3ff04a5fbc93d47	surrogate/tests	6421b91de97dcff6251ebfc4a2c6fac826b3bf9e622f0f3a9a3b51adcbb561a5	git -C {repo} archive {git_commit} {git_source} | tar -x -C {experiment_root}/{root}/{parent_relative} --strip-components=1
v04-phase5-warehouse-governance-compact-onoff-4x2-8r-20260613T115956Z-claw	rep02/record_only_compact/campaign/workspaces/48a88cb0-5902-4f61-a930-d125b00f3d29.checkpoint.1af518ed	milp_bounds	327680	e1e4c4809bab7c3666229523f3ff04a5fbc93d47	surrogate/milp_bounds	c127bcd8e5778b4909edd75c31b2df601f40f512065c23108337dfbaaa1c6808	git -C {repo} archive {git_commit} {git_source} | tar -x -C {experiment_root}/{root}/{parent_relative} --strip-components=1
v04-phase5-warehouse-governance-compact-onoff-4x2-8r-20260613T115956Z-claw	rep02/record_only_compact/campaign/workspaces/48a88cb0-5902-4f61-a930-d125b00f3d29.checkpoint.1af518ed	calibration	8192	e1e4c4809bab7c3666229523f3ff04a5fbc93d47	surrogate/calibration	3c7648f54a6456a5824cc7f18140d3b28226300a12bf3bb4196cde86d8453016	git -C {repo} archive {git_commit} {git_source} | tar -x -C {experiment_root}/{root}/{parent_relative} --strip-components=1
v04-phase5-warehouse-governance-compact-onoff-4x2-8r-20260613T115956Z-claw	rep02/record_only_compact/campaign/workspaces/48a88cb0-5902-4f61-a930-d125b00f3d29.checkpoint.a028fe1a	data	9715712	e1e4c4809bab7c3666229523f3ff04a5fbc93d47	surrogate/data	e39d71899d6b96e6280b4ad0d8207960c6a393f0e0d6e35b5ad77e854d361ea3	git -C {repo} archive {git_commit} {git_source} | tar -x -C {experiment_root}/{root}/{parent_relative} --strip-components=1
v04-phase5-warehouse-governance-compact-onoff-4x2-8r-20260613T115956Z-claw	rep02/record_only_compact/campaign/workspaces/48a88cb0-5902-4f61-a930-d125b00f3d29.checkpoint.a028fe1a	cplex-final-20260426	1015808	e1e4c4809bab7c3666229523f3ff04a5fbc93d47	surrogate/cplex-final-20260426	b992f1c84218d64eee1586a0dd33e47569195cac060659bc3fa7231b098fd29f	git -C {repo} archive {git_commit} {git_source} | tar -x -C {experiment_root}/{root}/{parent_relative} --strip-components=1
v04-phase5-warehouse-governance-compact-onoff-4x2-8r-20260613T115956Z-claw	rep02/record_only_compact/campaign/workspaces/48a88cb0-5902-4f61-a930-d125b00f3d29.checkpoint.a028fe1a	sprint-f4-milp-results	466944	e1e4c4809bab7c3666229523f3ff04a5fbc93d47	surrogate/sprint-f4-milp-results	2a65d92d3876b297da8a70c215e29c02beb12888a6b0cf5782d5b959139ef521	git -C {repo} archive {git_commit} {git_source} | tar -x -C {experiment_root}/{root}/{parent_relative} --strip-components=1
v04-phase5-warehouse-governance-compact-onoff-4x2-8r-20260613T115956Z-claw	rep02/record_only_compact/campaign/workspaces/48a88cb0-5902-4f61-a930-d125b00f3d29.checkpoint.a028fe1a	tests	372736	e1e4c4809bab7c3666229523f3ff04a5fbc93d47	surrogate/tests	6421b91de97dcff6251ebfc4a2c6fac826b3bf9e622f0f3a9a3b51adcbb561a5	git -C {repo} archive {git_commit} {git_source} | tar -x -C {experiment_root}/{root}/{parent_relative} --strip-components=1
v04-phase5-warehouse-governance-compact-onoff-4x2-8r-20260613T115956Z-claw	rep02/record_only_compact/campaign/workspaces/48a88cb0-5902-4f61-a930-d125b00f3d29.checkpoint.a028fe1a	milp_bounds	327680	e1e4c4809bab7c3666229523f3ff04a5fbc93d47	surrogate/milp_bounds	c127bcd8e5778b4909edd75c31b2df601f40f512065c23108337dfbaaa1c6808	git -C {repo} archive {git_commit} {git_source} | tar -x -C {experiment_root}/{root}/{parent_relative} --strip-components=1
v04-phase5-warehouse-governance-compact-onoff-4x2-8r-20260613T115956Z-claw	rep02/record_only_compact/campaign/workspaces/48a88cb0-5902-4f61-a930-d125b00f3d29.checkpoint.a028fe1a	calibration	8192	e1e4c4809bab7c3666229523f3ff04a5fbc93d47	surrogate/calibration	3c7648f54a6456a5824cc7f18140d3b28226300a12bf3bb4196cde86d8453016	git -C {repo} archive {git_commit} {git_source} | tar -x -C {experiment_root}/{root}/{parent_relative} --strip-components=1
v04-phase5-warehouse-governance-compact-onoff-4x2-8r-20260613T115956Z-claw	rep02/record_only_compact/campaign/workspaces/f44acdbd-5878-4d2d-ade7-b188d389c3b4.checkpoint.0b91a3f4	data	9715712	e1e4c4809bab7c3666229523f3ff04a5fbc93d47	surrogate/data	e39d71899d6b96e6280b4ad0d8207960c6a393f0e0d6e35b5ad77e854d361ea3	git -C {repo} archive {git_commit} {git_source} | tar -x -C {experiment_root}/{root}/{parent_relative} --strip-components=1
v04-phase5-warehouse-governance-compact-onoff-4x2-8r-20260613T115956Z-claw	rep02/record_only_compact/campaign/workspaces/f44acdbd-5878-4d2d-ade7-b188d389c3b4.checkpoint.0b91a3f4	cplex-final-20260426	1015808	e1e4c4809bab7c3666229523f3ff04a5fbc93d47	surrogate/cplex-final-20260426	b992f1c84218d64eee1586a0dd33e47569195cac060659bc3fa7231b098fd29f	git -C {repo} archive {git_commit} {git_source} | tar -x -C {experiment_root}/{root}/{parent_relative} --strip-components=1
v04-phase5-warehouse-governance-compact-onoff-4x2-8r-20260613T115956Z-claw	rep02/record_only_compact/campaign/workspaces/f44acdbd-5878-4d2d-ade7-b188d389c3b4.checkpoint.0b91a3f4	sprint-f4-milp-results	466944	e1e4c4809bab7c3666229523f3ff04a5fbc93d47	surrogate/sprint-f4-milp-results	2a65d92d3876b297da8a70c215e29c02beb12888a6b0cf5782d5b959139ef521	git -C {repo} archive {git_commit} {git_source} | tar -x -C {experiment_root}/{root}/{parent_relative} --strip-components=1
v04-phase5-warehouse-governance-compact-onoff-4x2-8r-20260613T115956Z-claw	rep02/record_only_compact/campaign/workspaces/f44acdbd-5878-4d2d-ade7-b188d389c3b4.checkpoint.0b91a3f4	tests	372736	e1e4c4809bab7c3666229523f3ff04a5fbc93d47	surrogate/tests	6421b91de97dcff6251ebfc4a2c6fac826b3bf9e622f0f3a9a3b51adcbb561a5	git -C {repo} archive {git_commit} {git_source} | tar -x -C {experiment_root}/{root}/{parent_relative} --strip-components=1
v04-phase5-warehouse-governance-compact-onoff-4x2-8r-20260613T115956Z-claw	rep02/record_only_compact/campaign/workspaces/f44acdbd-5878-4d2d-ade7-b188d389c3b4.checkpoint.0b91a3f4	milp_bounds	327680	e1e4c4809bab7c3666229523f3ff04a5fbc93d47	surrogate/milp_bounds	c127bcd8e5778b4909edd75c31b2df601f40f512065c23108337dfbaaa1c6808	git -C {repo} archive {git_commit} {git_source} | tar -x -C {experiment_root}/{root}/{parent_relative} --strip-components=1
v04-phase5-warehouse-governance-compact-onoff-4x2-8r-20260613T115956Z-claw	rep02/record_only_compact/campaign/workspaces/f44acdbd-5878-4d2d-ade7-b188d389c3b4.checkpoint.0b91a3f4	calibration	8192	e1e4c4809bab7c3666229523f3ff04a5fbc93d47	surrogate/calibration	3c7648f54a6456a5824cc7f18140d3b28226300a12bf3bb4196cde86d8453016	git -C {repo} archive {git_commit} {git_source} | tar -x -C {experiment_root}/{root}/{parent_relative} --strip-components=1
v04-phase5-warehouse-governance-compact-onoff-4x2-8r-20260613T115956Z-claw	rep03/on_compact/campaign/champions/champion_v1	data	9715712	e1e4c4809bab7c3666229523f3ff04a5fbc93d47	surrogate/data	e39d71899d6b96e6280b4ad0d8207960c6a393f0e0d6e35b5ad77e854d361ea3	git -C {repo} archive {git_commit} {git_source} | tar -x -C {experiment_root}/{root}/{parent_relative} --strip-components=1
v04-phase5-warehouse-governance-compact-onoff-4x2-8r-20260613T115956Z-claw	rep03/on_compact/campaign/champions/champion_v1	cplex-final-20260426	1015808	e1e4c4809bab7c3666229523f3ff04a5fbc93d47	surrogate/cplex-final-20260426	b992f1c84218d64eee1586a0dd33e47569195cac060659bc3fa7231b098fd29f	git -C {repo} archive {git_commit} {git_source} | tar -x -C {experiment_root}/{root}/{parent_relative} --strip-components=1
v04-phase5-warehouse-governance-compact-onoff-4x2-8r-20260613T115956Z-claw	rep03/on_compact/campaign/champions/champion_v1	sprint-f4-milp-results	466944	e1e4c4809bab7c3666229523f3ff04a5fbc93d47	surrogate/sprint-f4-milp-results	2a65d92d3876b297da8a70c215e29c02beb12888a6b0cf5782d5b959139ef521	git -C {repo} archive {git_commit} {git_source} | tar -x -C {experiment_root}/{root}/{parent_relative} --strip-components=1
v04-phase5-warehouse-governance-compact-onoff-4x2-8r-20260613T115956Z-claw	rep03/on_compact/campaign/champions/champion_v1	tests	372736	e1e4c4809bab7c3666229523f3ff04a5fbc93d47	surrogate/tests	6421b91de97dcff6251ebfc4a2c6fac826b3bf9e622f0f3a9a3b51adcbb561a5	git -C {repo} archive {git_commit} {git_source} | tar -x -C {experiment_root}/{root}/{parent_relative} --strip-components=1
v04-phase5-warehouse-governance-compact-onoff-4x2-8r-20260613T115956Z-claw	rep03/on_compact/campaign/champions/champion_v1	milp_bounds	327680	e1e4c4809bab7c3666229523f3ff04a5fbc93d47	surrogate/milp_bounds	c127bcd8e5778b4909edd75c31b2df601f40f512065c23108337dfbaaa1c6808	git -C {repo} archive {git_commit} {git_source} | tar -x -C {experiment_root}/{root}/{parent_relative} --strip-components=1
v04-phase5-warehouse-governance-compact-onoff-4x2-8r-20260613T115956Z-claw	rep03/on_compact/campaign/champions/champion_v1	calibration	8192	e1e4c4809bab7c3666229523f3ff04a5fbc93d47	surrogate/calibration	3c7648f54a6456a5824cc7f18140d3b28226300a12bf3bb4196cde86d8453016	git -C {repo} archive {git_commit} {git_source} | tar -x -C {experiment_root}/{root}/{parent_relative} --strip-components=1
v04-phase5-warehouse-governance-compact-onoff-4x2-8r-20260613T115956Z-claw	rep03/on_compact/campaign/workspaces/1a20229b-ac10-4eef-a28f-ac0286d3ac53.checkpoint.96beb5b2	data	9715712	e1e4c4809bab7c3666229523f3ff04a5fbc93d47	surrogate/data	e39d71899d6b96e6280b4ad0d8207960c6a393f0e0d6e35b5ad77e854d361ea3	git -C {repo} archive {git_commit} {git_source} | tar -x -C {experiment_root}/{root}/{parent_relative} --strip-components=1
v04-phase5-warehouse-governance-compact-onoff-4x2-8r-20260613T115956Z-claw	rep03/on_compact/campaign/workspaces/1a20229b-ac10-4eef-a28f-ac0286d3ac53.checkpoint.96beb5b2	cplex-final-20260426	1015808	e1e4c4809bab7c3666229523f3ff04a5fbc93d47	surrogate/cplex-final-20260426	b992f1c84218d64eee1586a0dd33e47569195cac060659bc3fa7231b098fd29f	git -C {repo} archive {git_commit} {git_source} | tar -x -C {experiment_root}/{root}/{parent_relative} --strip-components=1
v04-phase5-warehouse-governance-compact-onoff-4x2-8r-20260613T115956Z-claw	rep03/on_compact/campaign/workspaces/1a20229b-ac10-4eef-a28f-ac0286d3ac53.checkpoint.96beb5b2	sprint-f4-milp-results	466944	e1e4c4809bab7c3666229523f3ff04a5fbc93d47	surrogate/sprint-f4-milp-results	2a65d92d3876b297da8a70c215e29c02beb12888a6b0cf5782d5b959139ef521	git -C {repo} archive {git_commit} {git_source} | tar -x -C {experiment_root}/{root}/{parent_relative} --strip-components=1
v04-phase5-warehouse-governance-compact-onoff-4x2-8r-20260613T115956Z-claw	rep03/on_compact/campaign/workspaces/1a20229b-ac10-4eef-a28f-ac0286d3ac53.checkpoint.96beb5b2	tests	372736	e1e4c4809bab7c3666229523f3ff04a5fbc93d47	surrogate/tests	6421b91de97dcff6251ebfc4a2c6fac826b3bf9e622f0f3a9a3b51adcbb561a5	git -C {repo} archive {git_commit} {git_source} | tar -x -C {experiment_root}/{root}/{parent_relative} --strip-components=1
v04-phase5-warehouse-governance-compact-onoff-4x2-8r-20260613T115956Z-claw	rep03/on_compact/campaign/workspaces/1a20229b-ac10-4eef-a28f-ac0286d3ac53.checkpoint.96beb5b2	milp_bounds	327680	e1e4c4809bab7c3666229523f3ff04a5fbc93d47	surrogate/milp_bounds	c127bcd8e5778b4909edd75c31b2df601f40f512065c23108337dfbaaa1c6808	git -C {repo} archive {git_commit} {git_source} | tar -x -C {experiment_root}/{root}/{parent_relative} --strip-components=1
v04-phase5-warehouse-governance-compact-onoff-4x2-8r-20260613T115956Z-claw	rep03/on_compact/campaign/workspaces/1a20229b-ac10-4eef-a28f-ac0286d3ac53.checkpoint.96beb5b2	calibration	8192	e1e4c4809bab7c3666229523f3ff04a5fbc93d47	surrogate/calibration	3c7648f54a6456a5824cc7f18140d3b28226300a12bf3bb4196cde86d8453016	git -C {repo} archive {git_commit} {git_source} | tar -x -C {experiment_root}/{root}/{parent_relative} --strip-components=1
v04-phase5-warehouse-governance-compact-onoff-4x2-8r-20260613T115956Z-claw	rep03/on_compact/campaign/workspaces/1a20229b-ac10-4eef-a28f-ac0286d3ac53.checkpoint.f2cf8189	data	9715712	e1e4c4809bab7c3666229523f3ff04a5fbc93d47	surrogate/data	e39d71899d6b96e6280b4ad0d8207960c6a393f0e0d6e35b5ad77e854d361ea3	git -C {repo} archive {git_commit} {git_source} | tar -x -C {experiment_root}/{root}/{parent_relative} --strip-components=1
v04-phase5-warehouse-governance-compact-onoff-4x2-8r-20260613T115956Z-claw	rep03/on_compact/campaign/workspaces/1a20229b-ac10-4eef-a28f-ac0286d3ac53.checkpoint.f2cf8189	cplex-final-20260426	1015808	e1e4c4809bab7c3666229523f3ff04a5fbc93d47	surrogate/cplex-final-20260426	b992f1c84218d64eee1586a0dd33e47569195cac060659bc3fa7231b098fd29f	git -C {repo} archive {git_commit} {git_source} | tar -x -C {experiment_root}/{root}/{parent_relative} --strip-components=1
v04-phase5-warehouse-governance-compact-onoff-4x2-8r-20260613T115956Z-claw	rep03/on_compact/campaign/workspaces/1a20229b-ac10-4eef-a28f-ac0286d3ac53.checkpoint.f2cf8189	sprint-f4-milp-results	466944	e1e4c4809bab7c3666229523f3ff04a5fbc93d47	surrogate/sprint-f4-milp-results	2a65d92d3876b297da8a70c215e29c02beb12888a6b0cf5782d5b959139ef521	git -C {repo} archive {git_commit} {git_source} | tar -x -C {experiment_root}/{root}/{parent_relative} --strip-components=1
v04-phase5-warehouse-governance-compact-onoff-4x2-8r-20260613T115956Z-claw	rep03/on_compact/campaign/workspaces/1a20229b-ac10-4eef-a28f-ac0286d3ac53.checkpoint.f2cf8189	tests	372736	e1e4c4809bab7c3666229523f3ff04a5fbc93d47	surrogate/tests	6421b91de97dcff6251ebfc4a2c6fac826b3bf9e622f0f3a9a3b51adcbb561a5	git -C {repo} archive {git_commit} {git_source} | tar -x -C {experiment_root}/{root}/{parent_relative} --strip-components=1
v04-phase5-warehouse-governance-compact-onoff-4x2-8r-20260613T115956Z-claw	rep03/on_compact/campaign/workspaces/1a20229b-ac10-4eef-a28f-ac0286d3ac53.checkpoint.f2cf8189	milp_bounds	327680	e1e4c4809bab7c3666229523f3ff04a5fbc93d47	surrogate/milp_bounds	c127bcd8e5778b4909edd75c31b2df601f40f512065c23108337dfbaaa1c6808	git -C {repo} archive {git_commit} {git_source} | tar -x -C {experiment_root}/{root}/{parent_relative} --strip-components=1
v04-phase5-warehouse-governance-compact-onoff-4x2-8r-20260613T115956Z-claw	rep03/on_compact/campaign/workspaces/1a20229b-ac10-4eef-a28f-ac0286d3ac53.checkpoint.f2cf8189	calibration	8192	e1e4c4809bab7c3666229523f3ff04a5fbc93d47	surrogate/calibration	3c7648f54a6456a5824cc7f18140d3b28226300a12bf3bb4196cde86d8453016	git -C {repo} archive {git_commit} {git_source} | tar -x -C {experiment_root}/{root}/{parent_relative} --strip-components=1
v04-phase5-warehouse-governance-compact-onoff-4x2-8r-20260613T115956Z-claw	rep03/on_compact/campaign/workspaces/77ba90a6-4651-4202-88b7-28c449cca0b9	data	9715712	e1e4c4809bab7c3666229523f3ff04a5fbc93d47	surrogate/data	e39d71899d6b96e6280b4ad0d8207960c6a393f0e0d6e35b5ad77e854d361ea3	git -C {repo} archive {git_commit} {git_source} | tar -x -C {experiment_root}/{root}/{parent_relative} --strip-components=1
v04-phase5-warehouse-governance-compact-onoff-4x2-8r-20260613T115956Z-claw	rep03/on_compact/campaign/workspaces/77ba90a6-4651-4202-88b7-28c449cca0b9	cplex-final-20260426	1015808	e1e4c4809bab7c3666229523f3ff04a5fbc93d47	surrogate/cplex-final-20260426	b992f1c84218d64eee1586a0dd33e47569195cac060659bc3fa7231b098fd29f	git -C {repo} archive {git_commit} {git_source} | tar -x -C {experiment_root}/{root}/{parent_relative} --strip-components=1
v04-phase5-warehouse-governance-compact-onoff-4x2-8r-20260613T115956Z-claw	rep03/on_compact/campaign/workspaces/77ba90a6-4651-4202-88b7-28c449cca0b9	sprint-f4-milp-results	466944	e1e4c4809bab7c3666229523f3ff04a5fbc93d47	surrogate/sprint-f4-milp-results	2a65d92d3876b297da8a70c215e29c02beb12888a6b0cf5782d5b959139ef521	git -C {repo} archive {git_commit} {git_source} | tar -x -C {experiment_root}/{root}/{parent_relative} --strip-components=1
v04-phase5-warehouse-governance-compact-onoff-4x2-8r-20260613T115956Z-claw	rep03/on_compact/campaign/workspaces/77ba90a6-4651-4202-88b7-28c449cca0b9	tests	372736	e1e4c4809bab7c3666229523f3ff04a5fbc93d47	surrogate/tests	6421b91de97dcff6251ebfc4a2c6fac826b3bf9e622f0f3a9a3b51adcbb561a5	git -C {repo} archive {git_commit} {git_source} | tar -x -C {experiment_root}/{root}/{parent_relative} --strip-components=1
v04-phase5-warehouse-governance-compact-onoff-4x2-8r-20260613T115956Z-claw	rep03/on_compact/campaign/workspaces/77ba90a6-4651-4202-88b7-28c449cca0b9	milp_bounds	327680	e1e4c4809bab7c3666229523f3ff04a5fbc93d47	surrogate/milp_bounds	c127bcd8e5778b4909edd75c31b2df601f40f512065c23108337dfbaaa1c6808	git -C {repo} archive {git_commit} {git_source} | tar -x -C {experiment_root}/{root}/{parent_relative} --strip-components=1
v04-phase5-warehouse-governance-compact-onoff-4x2-8r-20260613T115956Z-claw	rep03/on_compact/campaign/workspaces/77ba90a6-4651-4202-88b7-28c449cca0b9	calibration	8192	e1e4c4809bab7c3666229523f3ff04a5fbc93d47	surrogate/calibration	3c7648f54a6456a5824cc7f18140d3b28226300a12bf3bb4196cde86d8453016	git -C {repo} archive {git_commit} {git_source} | tar -x -C {experiment_root}/{root}/{parent_relative} --strip-components=1
v04-phase5-warehouse-governance-compact-onoff-4x2-8r-20260613T115956Z-claw	rep03/on_compact/campaign/workspaces/77ba90a6-4651-4202-88b7-28c449cca0b9.checkpoint.0ff0308d	data	9715712	e1e4c4809bab7c3666229523f3ff04a5fbc93d47	surrogate/data	e39d71899d6b96e6280b4ad0d8207960c6a393f0e0d6e35b5ad77e854d361ea3	git -C {repo} archive {git_commit} {git_source} | tar -x -C {experiment_root}/{root}/{parent_relative} --strip-components=1
v04-phase5-warehouse-governance-compact-onoff-4x2-8r-20260613T115956Z-claw	rep03/on_compact/campaign/workspaces/77ba90a6-4651-4202-88b7-28c449cca0b9.checkpoint.0ff0308d	cplex-final-20260426	1015808	e1e4c4809bab7c3666229523f3ff04a5fbc93d47	surrogate/cplex-final-20260426	b992f1c84218d64eee1586a0dd33e47569195cac060659bc3fa7231b098fd29f	git -C {repo} archive {git_commit} {git_source} | tar -x -C {experiment_root}/{root}/{parent_relative} --strip-components=1
v04-phase5-warehouse-governance-compact-onoff-4x2-8r-20260613T115956Z-claw	rep03/on_compact/campaign/workspaces/77ba90a6-4651-4202-88b7-28c449cca0b9.checkpoint.0ff0308d	sprint-f4-milp-results	466944	e1e4c4809bab7c3666229523f3ff04a5fbc93d47	surrogate/sprint-f4-milp-results	2a65d92d3876b297da8a70c215e29c02beb12888a6b0cf5782d5b959139ef521	git -C {repo} archive {git_commit} {git_source} | tar -x -C {experiment_root}/{root}/{parent_relative} --strip-components=1
v04-phase5-warehouse-governance-compact-onoff-4x2-8r-20260613T115956Z-claw	rep03/on_compact/campaign/workspaces/77ba90a6-4651-4202-88b7-28c449cca0b9.checkpoint.0ff0308d	tests	372736	e1e4c4809bab7c3666229523f3ff04a5fbc93d47	surrogate/tests	6421b91de97dcff6251ebfc4a2c6fac826b3bf9e622f0f3a9a3b51adcbb561a5	git -C {repo} archive {git_commit} {git_source} | tar -x -C {experiment_root}/{root}/{parent_relative} --strip-components=1
v04-phase5-warehouse-governance-compact-onoff-4x2-8r-20260613T115956Z-claw	rep03/on_compact/campaign/workspaces/77ba90a6-4651-4202-88b7-28c449cca0b9.checkpoint.0ff0308d	milp_bounds	327680	e1e4c4809bab7c3666229523f3ff04a5fbc93d47	surrogate/milp_bounds	c127bcd8e5778b4909edd75c31b2df601f40f512065c23108337dfbaaa1c6808	git -C {repo} archive {git_commit} {git_source} | tar -x -C {experiment_root}/{root}/{parent_relative} --strip-components=1
v04-phase5-warehouse-governance-compact-onoff-4x2-8r-20260613T115956Z-claw	rep03/on_compact/campaign/workspaces/77ba90a6-4651-4202-88b7-28c449cca0b9.checkpoint.0ff0308d	calibration	8192	e1e4c4809bab7c3666229523f3ff04a5fbc93d47	surrogate/calibration	3c7648f54a6456a5824cc7f18140d3b28226300a12bf3bb4196cde86d8453016	git -C {repo} archive {git_commit} {git_source} | tar -x -C {experiment_root}/{root}/{parent_relative} --strip-components=1
v04-phase5-warehouse-governance-compact-onoff-4x2-8r-20260613T115956Z-claw	rep03/on_compact/campaign/workspaces/77ba90a6-4651-4202-88b7-28c449cca0b9.checkpoint.bfc4c073	data	9715712	e1e4c4809bab7c3666229523f3ff04a5fbc93d47	surrogate/data	e39d71899d6b96e6280b4ad0d8207960c6a393f0e0d6e35b5ad77e854d361ea3	git -C {repo} archive {git_commit} {git_source} | tar -x -C {experiment_root}/{root}/{parent_relative} --strip-components=1
v04-phase5-warehouse-governance-compact-onoff-4x2-8r-20260613T115956Z-claw	rep03/on_compact/campaign/workspaces/77ba90a6-4651-4202-88b7-28c449cca0b9.checkpoint.bfc4c073	cplex-final-20260426	1015808	e1e4c4809bab7c3666229523f3ff04a5fbc93d47	surrogate/cplex-final-20260426	b992f1c84218d64eee1586a0dd33e47569195cac060659bc3fa7231b098fd29f	git -C {repo} archive {git_commit} {git_source} | tar -x -C {experiment_root}/{root}/{parent_relative} --strip-components=1
v04-phase5-warehouse-governance-compact-onoff-4x2-8r-20260613T115956Z-claw	rep03/on_compact/campaign/workspaces/77ba90a6-4651-4202-88b7-28c449cca0b9.checkpoint.bfc4c073	sprint-f4-milp-results	466944	e1e4c4809bab7c3666229523f3ff04a5fbc93d47	surrogate/sprint-f4-milp-results	2a65d92d3876b297da8a70c215e29c02beb12888a6b0cf5782d5b959139ef521	git -C {repo} archive {git_commit} {git_source} | tar -x -C {experiment_root}/{root}/{parent_relative} --strip-components=1
v04-phase5-warehouse-governance-compact-onoff-4x2-8r-20260613T115956Z-claw	rep03/on_compact/campaign/workspaces/77ba90a6-4651-4202-88b7-28c449cca0b9.checkpoint.bfc4c073	tests	372736	e1e4c4809bab7c3666229523f3ff04a5fbc93d47	surrogate/tests	6421b91de97dcff6251ebfc4a2c6fac826b3bf9e622f0f3a9a3b51adcbb561a5	git -C {repo} archive {git_commit} {git_source} | tar -x -C {experiment_root}/{root}/{parent_relative} --strip-components=1
v04-phase5-warehouse-governance-compact-onoff-4x2-8r-20260613T115956Z-claw	rep03/on_compact/campaign/workspaces/77ba90a6-4651-4202-88b7-28c449cca0b9.checkpoint.bfc4c073	milp_bounds	327680	e1e4c4809bab7c3666229523f3ff04a5fbc93d47	surrogate/milp_bounds	c127bcd8e5778b4909edd75c31b2df601f40f512065c23108337dfbaaa1c6808	git -C {repo} archive {git_commit} {git_source} | tar -x -C {experiment_root}/{root}/{parent_relative} --strip-components=1
v04-phase5-warehouse-governance-compact-onoff-4x2-8r-20260613T115956Z-claw	rep03/on_compact/campaign/workspaces/77ba90a6-4651-4202-88b7-28c449cca0b9.checkpoint.bfc4c073	calibration	8192	e1e4c4809bab7c3666229523f3ff04a5fbc93d47	surrogate/calibration	3c7648f54a6456a5824cc7f18140d3b28226300a12bf3bb4196cde86d8453016	git -C {repo} archive {git_commit} {git_source} | tar -x -C {experiment_root}/{root}/{parent_relative} --strip-components=1
v04-phase5-warehouse-governance-compact-onoff-4x2-8r-20260613T115956Z-claw	rep03/on_compact/campaign/workspaces/89446763-41ce-4c32-b9cc-1934d55ac2b1	data	9715712	e1e4c4809bab7c3666229523f3ff04a5fbc93d47	surrogate/data	e39d71899d6b96e6280b4ad0d8207960c6a393f0e0d6e35b5ad77e854d361ea3	git -C {repo} archive {git_commit} {git_source} | tar -x -C {experiment_root}/{root}/{parent_relative} --strip-components=1
v04-phase5-warehouse-governance-compact-onoff-4x2-8r-20260613T115956Z-claw	rep03/on_compact/campaign/workspaces/89446763-41ce-4c32-b9cc-1934d55ac2b1	cplex-final-20260426	1015808	e1e4c4809bab7c3666229523f3ff04a5fbc93d47	surrogate/cplex-final-20260426	b992f1c84218d64eee1586a0dd33e47569195cac060659bc3fa7231b098fd29f	git -C {repo} archive {git_commit} {git_source} | tar -x -C {experiment_root}/{root}/{parent_relative} --strip-components=1
v04-phase5-warehouse-governance-compact-onoff-4x2-8r-20260613T115956Z-claw	rep03/on_compact/campaign/workspaces/89446763-41ce-4c32-b9cc-1934d55ac2b1	sprint-f4-milp-results	466944	e1e4c4809bab7c3666229523f3ff04a5fbc93d47	surrogate/sprint-f4-milp-results	2a65d92d3876b297da8a70c215e29c02beb12888a6b0cf5782d5b959139ef521	git -C {repo} archive {git_commit} {git_source} | tar -x -C {experiment_root}/{root}/{parent_relative} --strip-components=1
v04-phase5-warehouse-governance-compact-onoff-4x2-8r-20260613T115956Z-claw	rep03/on_compact/campaign/workspaces/89446763-41ce-4c32-b9cc-1934d55ac2b1	tests	372736	e1e4c4809bab7c3666229523f3ff04a5fbc93d47	surrogate/tests	6421b91de97dcff6251ebfc4a2c6fac826b3bf9e622f0f3a9a3b51adcbb561a5	git -C {repo} archive {git_commit} {git_source} | tar -x -C {experiment_root}/{root}/{parent_relative} --strip-components=1
v04-phase5-warehouse-governance-compact-onoff-4x2-8r-20260613T115956Z-claw	rep03/on_compact/campaign/workspaces/89446763-41ce-4c32-b9cc-1934d55ac2b1	milp_bounds	327680	e1e4c4809bab7c3666229523f3ff04a5fbc93d47	surrogate/milp_bounds	c127bcd8e5778b4909edd75c31b2df601f40f512065c23108337dfbaaa1c6808	git -C {repo} archive {git_commit} {git_source} | tar -x -C {experiment_root}/{root}/{parent_relative} --strip-components=1
v04-phase5-warehouse-governance-compact-onoff-4x2-8r-20260613T115956Z-claw	rep03/on_compact/campaign/workspaces/89446763-41ce-4c32-b9cc-1934d55ac2b1	calibration	8192	e1e4c4809bab7c3666229523f3ff04a5fbc93d47	surrogate/calibration	3c7648f54a6456a5824cc7f18140d3b28226300a12bf3bb4196cde86d8453016	git -C {repo} archive {git_commit} {git_source} | tar -x -C {experiment_root}/{root}/{parent_relative} --strip-components=1
v04-phase5-warehouse-governance-compact-onoff-4x2-8r-20260613T115956Z-claw	rep03/on_compact/campaign/workspaces/89446763-41ce-4c32-b9cc-1934d55ac2b1.checkpoint.a7291ef0	data	9715712	e1e4c4809bab7c3666229523f3ff04a5fbc93d47	surrogate/data	e39d71899d6b96e6280b4ad0d8207960c6a393f0e0d6e35b5ad77e854d361ea3	git -C {repo} archive {git_commit} {git_source} | tar -x -C {experiment_root}/{root}/{parent_relative} --strip-components=1
v04-phase5-warehouse-governance-compact-onoff-4x2-8r-20260613T115956Z-claw	rep03/on_compact/campaign/workspaces/89446763-41ce-4c32-b9cc-1934d55ac2b1.checkpoint.a7291ef0	cplex-final-20260426	1015808	e1e4c4809bab7c3666229523f3ff04a5fbc93d47	surrogate/cplex-final-20260426	b992f1c84218d64eee1586a0dd33e47569195cac060659bc3fa7231b098fd29f	git -C {repo} archive {git_commit} {git_source} | tar -x -C {experiment_root}/{root}/{parent_relative} --strip-components=1
v04-phase5-warehouse-governance-compact-onoff-4x2-8r-20260613T115956Z-claw	rep03/on_compact/campaign/workspaces/89446763-41ce-4c32-b9cc-1934d55ac2b1.checkpoint.a7291ef0	sprint-f4-milp-results	466944	e1e4c4809bab7c3666229523f3ff04a5fbc93d47	surrogate/sprint-f4-milp-results	2a65d92d3876b297da8a70c215e29c02beb12888a6b0cf5782d5b959139ef521	git -C {repo} archive {git_commit} {git_source} | tar -x -C {experiment_root}/{root}/{parent_relative} --strip-components=1
v04-phase5-warehouse-governance-compact-onoff-4x2-8r-20260613T115956Z-claw	rep03/on_compact/campaign/workspaces/89446763-41ce-4c32-b9cc-1934d55ac2b1.checkpoint.a7291ef0	tests	372736	e1e4c4809bab7c3666229523f3ff04a5fbc93d47	surrogate/tests	6421b91de97dcff6251ebfc4a2c6fac826b3bf9e622f0f3a9a3b51adcbb561a5	git -C {repo} archive {git_commit} {git_source} | tar -x -C {experiment_root}/{root}/{parent_relative} --strip-components=1
v04-phase5-warehouse-governance-compact-onoff-4x2-8r-20260613T115956Z-claw	rep03/on_compact/campaign/workspaces/89446763-41ce-4c32-b9cc-1934d55ac2b1.checkpoint.a7291ef0	milp_bounds	327680	e1e4c4809bab7c3666229523f3ff04a5fbc93d47	surrogate/milp_bounds	c127bcd8e5778b4909edd75c31b2df601f40f512065c23108337dfbaaa1c6808	git -C {repo} archive {git_commit} {git_source} | tar -x -C {experiment_root}/{root}/{parent_relative} --strip-components=1
v04-phase5-warehouse-governance-compact-onoff-4x2-8r-20260613T115956Z-claw	rep03/on_compact/campaign/workspaces/89446763-41ce-4c32-b9cc-1934d55ac2b1.checkpoint.a7291ef0	calibration	8192	e1e4c4809bab7c3666229523f3ff04a5fbc93d47	surrogate/calibration	3c7648f54a6456a5824cc7f18140d3b28226300a12bf3bb4196cde86d8453016	git -C {repo} archive {git_commit} {git_source} | tar -x -C {experiment_root}/{root}/{parent_relative} --strip-components=1
v04-phase5-warehouse-governance-compact-onoff-4x2-8r-20260613T115956Z-claw	rep03/on_compact/campaign/workspaces/89446763-41ce-4c32-b9cc-1934d55ac2b1.checkpoint.b8115050	data	9715712	e1e4c4809bab7c3666229523f3ff04a5fbc93d47	surrogate/data	e39d71899d6b96e6280b4ad0d8207960c6a393f0e0d6e35b5ad77e854d361ea3	git -C {repo} archive {git_commit} {git_source} | tar -x -C {experiment_root}/{root}/{parent_relative} --strip-components=1
v04-phase5-warehouse-governance-compact-onoff-4x2-8r-20260613T115956Z-claw	rep03/on_compact/campaign/workspaces/89446763-41ce-4c32-b9cc-1934d55ac2b1.checkpoint.b8115050	cplex-final-20260426	1015808	e1e4c4809bab7c3666229523f3ff04a5fbc93d47	surrogate/cplex-final-20260426	b992f1c84218d64eee1586a0dd33e47569195cac060659bc3fa7231b098fd29f	git -C {repo} archive {git_commit} {git_source} | tar -x -C {experiment_root}/{root}/{parent_relative} --strip-components=1
v04-phase5-warehouse-governance-compact-onoff-4x2-8r-20260613T115956Z-claw	rep03/on_compact/campaign/workspaces/89446763-41ce-4c32-b9cc-1934d55ac2b1.checkpoint.b8115050	sprint-f4-milp-results	466944	e1e4c4809bab7c3666229523f3ff04a5fbc93d47	surrogate/sprint-f4-milp-results	2a65d92d3876b297da8a70c215e29c02beb12888a6b0cf5782d5b959139ef521	git -C {repo} archive {git_commit} {git_source} | tar -x -C {experiment_root}/{root}/{parent_relative} --strip-components=1
v04-phase5-warehouse-governance-compact-onoff-4x2-8r-20260613T115956Z-claw	rep03/on_compact/campaign/workspaces/89446763-41ce-4c32-b9cc-1934d55ac2b1.checkpoint.b8115050	tests	372736	e1e4c4809bab7c3666229523f3ff04a5fbc93d47	surrogate/tests	6421b91de97dcff6251ebfc4a2c6fac826b3bf9e622f0f3a9a3b51adcbb561a5	git -C {repo} archive {git_commit} {git_source} | tar -x -C {experiment_root}/{root}/{parent_relative} --strip-components=1
v04-phase5-warehouse-governance-compact-onoff-4x2-8r-20260613T115956Z-claw	rep03/on_compact/campaign/workspaces/89446763-41ce-4c32-b9cc-1934d55ac2b1.checkpoint.b8115050	milp_bounds	327680	e1e4c4809bab7c3666229523f3ff04a5fbc93d47	surrogate/milp_bounds	c127bcd8e5778b4909edd75c31b2df601f40f512065c23108337dfbaaa1c6808	git -C {repo} archive {git_commit} {git_source} | tar -x -C {experiment_root}/{root}/{parent_relative} --strip-components=1
v04-phase5-warehouse-governance-compact-onoff-4x2-8r-20260613T115956Z-claw	rep03/on_compact/campaign/workspaces/89446763-41ce-4c32-b9cc-1934d55ac2b1.checkpoint.b8115050	calibration	8192	e1e4c4809bab7c3666229523f3ff04a5fbc93d47	surrogate/calibration	3c7648f54a6456a5824cc7f18140d3b28226300a12bf3bb4196cde86d8453016	git -C {repo} archive {git_commit} {git_source} | tar -x -C {experiment_root}/{root}/{parent_relative} --strip-components=1
v04-phase5-warehouse-governance-compact-onoff-4x2-8r-20260613T115956Z-claw	rep03/record_only_compact/campaign/champions/champion_v1	data	9715712	e1e4c4809bab7c3666229523f3ff04a5fbc93d47	surrogate/data	e39d71899d6b96e6280b4ad0d8207960c6a393f0e0d6e35b5ad77e854d361ea3	git -C {repo} archive {git_commit} {git_source} | tar -x -C {experiment_root}/{root}/{parent_relative} --strip-components=1
v04-phase5-warehouse-governance-compact-onoff-4x2-8r-20260613T115956Z-claw	rep03/record_only_compact/campaign/champions/champion_v1	cplex-final-20260426	1015808	e1e4c4809bab7c3666229523f3ff04a5fbc93d47	surrogate/cplex-final-20260426	b992f1c84218d64eee1586a0dd33e47569195cac060659bc3fa7231b098fd29f	git -C {repo} archive {git_commit} {git_source} | tar -x -C {experiment_root}/{root}/{parent_relative} --strip-components=1
v04-phase5-warehouse-governance-compact-onoff-4x2-8r-20260613T115956Z-claw	rep03/record_only_compact/campaign/champions/champion_v1	sprint-f4-milp-results	466944	e1e4c4809bab7c3666229523f3ff04a5fbc93d47	surrogate/sprint-f4-milp-results	2a65d92d3876b297da8a70c215e29c02beb12888a6b0cf5782d5b959139ef521	git -C {repo} archive {git_commit} {git_source} | tar -x -C {experiment_root}/{root}/{parent_relative} --strip-components=1
v04-phase5-warehouse-governance-compact-onoff-4x2-8r-20260613T115956Z-claw	rep03/record_only_compact/campaign/champions/champion_v1	tests	372736	e1e4c4809bab7c3666229523f3ff04a5fbc93d47	surrogate/tests	6421b91de97dcff6251ebfc4a2c6fac826b3bf9e622f0f3a9a3b51adcbb561a5	git -C {repo} archive {git_commit} {git_source} | tar -x -C {experiment_root}/{root}/{parent_relative} --strip-components=1
v04-phase5-warehouse-governance-compact-onoff-4x2-8r-20260613T115956Z-claw	rep03/record_only_compact/campaign/champions/champion_v1	milp_bounds	327680	e1e4c4809bab7c3666229523f3ff04a5fbc93d47	surrogate/milp_bounds	c127bcd8e5778b4909edd75c31b2df601f40f512065c23108337dfbaaa1c6808	git -C {repo} archive {git_commit} {git_source} | tar -x -C {experiment_root}/{root}/{parent_relative} --strip-components=1
v04-phase5-warehouse-governance-compact-onoff-4x2-8r-20260613T115956Z-claw	rep03/record_only_compact/campaign/champions/champion_v1	calibration	8192	e1e4c4809bab7c3666229523f3ff04a5fbc93d47	surrogate/calibration	3c7648f54a6456a5824cc7f18140d3b28226300a12bf3bb4196cde86d8453016	git -C {repo} archive {git_commit} {git_source} | tar -x -C {experiment_root}/{root}/{parent_relative} --strip-components=1
v04-phase5-warehouse-governance-compact-onoff-4x2-8r-20260613T115956Z-claw	rep03/record_only_compact/campaign/workspaces/356173d8-792c-4371-ba86-551ccce36764	data	9715712	e1e4c4809bab7c3666229523f3ff04a5fbc93d47	surrogate/data	e39d71899d6b96e6280b4ad0d8207960c6a393f0e0d6e35b5ad77e854d361ea3	git -C {repo} archive {git_commit} {git_source} | tar -x -C {experiment_root}/{root}/{parent_relative} --strip-components=1
v04-phase5-warehouse-governance-compact-onoff-4x2-8r-20260613T115956Z-claw	rep03/record_only_compact/campaign/workspaces/356173d8-792c-4371-ba86-551ccce36764	cplex-final-20260426	1015808	e1e4c4809bab7c3666229523f3ff04a5fbc93d47	surrogate/cplex-final-20260426	b992f1c84218d64eee1586a0dd33e47569195cac060659bc3fa7231b098fd29f	git -C {repo} archive {git_commit} {git_source} | tar -x -C {experiment_root}/{root}/{parent_relative} --strip-components=1
v04-phase5-warehouse-governance-compact-onoff-4x2-8r-20260613T115956Z-claw	rep03/record_only_compact/campaign/workspaces/356173d8-792c-4371-ba86-551ccce36764	sprint-f4-milp-results	466944	e1e4c4809bab7c3666229523f3ff04a5fbc93d47	surrogate/sprint-f4-milp-results	2a65d92d3876b297da8a70c215e29c02beb12888a6b0cf5782d5b959139ef521	git -C {repo} archive {git_commit} {git_source} | tar -x -C {experiment_root}/{root}/{parent_relative} --strip-components=1
v04-phase5-warehouse-governance-compact-onoff-4x2-8r-20260613T115956Z-claw	rep03/record_only_compact/campaign/workspaces/356173d8-792c-4371-ba86-551ccce36764	tests	372736	e1e4c4809bab7c3666229523f3ff04a5fbc93d47	surrogate/tests	6421b91de97dcff6251ebfc4a2c6fac826b3bf9e622f0f3a9a3b51adcbb561a5	git -C {repo} archive {git_commit} {git_source} | tar -x -C {experiment_root}/{root}/{parent_relative} --strip-components=1
v04-phase5-warehouse-governance-compact-onoff-4x2-8r-20260613T115956Z-claw	rep03/record_only_compact/campaign/workspaces/356173d8-792c-4371-ba86-551ccce36764	milp_bounds	327680	e1e4c4809bab7c3666229523f3ff04a5fbc93d47	surrogate/milp_bounds	c127bcd8e5778b4909edd75c31b2df601f40f512065c23108337dfbaaa1c6808	git -C {repo} archive {git_commit} {git_source} | tar -x -C {experiment_root}/{root}/{parent_relative} --strip-components=1
v04-phase5-warehouse-governance-compact-onoff-4x2-8r-20260613T115956Z-claw	rep03/record_only_compact/campaign/workspaces/356173d8-792c-4371-ba86-551ccce36764	calibration	8192	e1e4c4809bab7c3666229523f3ff04a5fbc93d47	surrogate/calibration	3c7648f54a6456a5824cc7f18140d3b28226300a12bf3bb4196cde86d8453016	git -C {repo} archive {git_commit} {git_source} | tar -x -C {experiment_root}/{root}/{parent_relative} --strip-components=1
v04-phase5-warehouse-governance-compact-onoff-4x2-8r-20260613T115956Z-claw	rep03/record_only_compact/campaign/workspaces/356173d8-792c-4371-ba86-551ccce36764.checkpoint.6792a1b9	data	9715712	e1e4c4809bab7c3666229523f3ff04a5fbc93d47	surrogate/data	e39d71899d6b96e6280b4ad0d8207960c6a393f0e0d6e35b5ad77e854d361ea3	git -C {repo} archive {git_commit} {git_source} | tar -x -C {experiment_root}/{root}/{parent_relative} --strip-components=1
v04-phase5-warehouse-governance-compact-onoff-4x2-8r-20260613T115956Z-claw	rep03/record_only_compact/campaign/workspaces/356173d8-792c-4371-ba86-551ccce36764.checkpoint.6792a1b9	cplex-final-20260426	1015808	e1e4c4809bab7c3666229523f3ff04a5fbc93d47	surrogate/cplex-final-20260426	b992f1c84218d64eee1586a0dd33e47569195cac060659bc3fa7231b098fd29f	git -C {repo} archive {git_commit} {git_source} | tar -x -C {experiment_root}/{root}/{parent_relative} --strip-components=1
v04-phase5-warehouse-governance-compact-onoff-4x2-8r-20260613T115956Z-claw	rep03/record_only_compact/campaign/workspaces/356173d8-792c-4371-ba86-551ccce36764.checkpoint.6792a1b9	sprint-f4-milp-results	466944	e1e4c4809bab7c3666229523f3ff04a5fbc93d47	surrogate/sprint-f4-milp-results	2a65d92d3876b297da8a70c215e29c02beb12888a6b0cf5782d5b959139ef521	git -C {repo} archive {git_commit} {git_source} | tar -x -C {experiment_root}/{root}/{parent_relative} --strip-components=1
v04-phase5-warehouse-governance-compact-onoff-4x2-8r-20260613T115956Z-claw	rep03/record_only_compact/campaign/workspaces/356173d8-792c-4371-ba86-551ccce36764.checkpoint.6792a1b9	tests	372736	e1e4c4809bab7c3666229523f3ff04a5fbc93d47	surrogate/tests	6421b91de97dcff6251ebfc4a2c6fac826b3bf9e622f0f3a9a3b51adcbb561a5	git -C {repo} archive {git_commit} {git_source} | tar -x -C {experiment_root}/{root}/{parent_relative} --strip-components=1
v04-phase5-warehouse-governance-compact-onoff-4x2-8r-20260613T115956Z-claw	rep03/record_only_compact/campaign/workspaces/356173d8-792c-4371-ba86-551ccce36764.checkpoint.6792a1b9	milp_bounds	327680	e1e4c4809bab7c3666229523f3ff04a5fbc93d47	surrogate/milp_bounds	c127bcd8e5778b4909edd75c31b2df601f40f512065c23108337dfbaaa1c6808	git -C {repo} archive {git_commit} {git_source} | tar -x -C {experiment_root}/{root}/{parent_relative} --strip-components=1
v04-phase5-warehouse-governance-compact-onoff-4x2-8r-20260613T115956Z-claw	rep03/record_only_compact/campaign/workspaces/356173d8-792c-4371-ba86-551ccce36764.checkpoint.6792a1b9	calibration	8192	e1e4c4809bab7c3666229523f3ff04a5fbc93d47	surrogate/calibration	3c7648f54a6456a5824cc7f18140d3b28226300a12bf3bb4196cde86d8453016	git -C {repo} archive {git_commit} {git_source} | tar -x -C {experiment_root}/{root}/{parent_relative} --strip-components=1
v04-phase5-warehouse-governance-compact-onoff-4x2-8r-20260613T115956Z-claw	rep03/record_only_compact/campaign/workspaces/a9860807-6cca-4f3e-85dd-cea1ae1b3457.checkpoint.c9815c2c	data	9715712	e1e4c4809bab7c3666229523f3ff04a5fbc93d47	surrogate/data	e39d71899d6b96e6280b4ad0d8207960c6a393f0e0d6e35b5ad77e854d361ea3	git -C {repo} archive {git_commit} {git_source} | tar -x -C {experiment_root}/{root}/{parent_relative} --strip-components=1
v04-phase5-warehouse-governance-compact-onoff-4x2-8r-20260613T115956Z-claw	rep03/record_only_compact/campaign/workspaces/a9860807-6cca-4f3e-85dd-cea1ae1b3457.checkpoint.c9815c2c	cplex-final-20260426	1015808	e1e4c4809bab7c3666229523f3ff04a5fbc93d47	surrogate/cplex-final-20260426	b992f1c84218d64eee1586a0dd33e47569195cac060659bc3fa7231b098fd29f	git -C {repo} archive {git_commit} {git_source} | tar -x -C {experiment_root}/{root}/{parent_relative} --strip-components=1
v04-phase5-warehouse-governance-compact-onoff-4x2-8r-20260613T115956Z-claw	rep03/record_only_compact/campaign/workspaces/a9860807-6cca-4f3e-85dd-cea1ae1b3457.checkpoint.c9815c2c	sprint-f4-milp-results	466944	e1e4c4809bab7c3666229523f3ff04a5fbc93d47	surrogate/sprint-f4-milp-results	2a65d92d3876b297da8a70c215e29c02beb12888a6b0cf5782d5b959139ef521	git -C {repo} archive {git_commit} {git_source} | tar -x -C {experiment_root}/{root}/{parent_relative} --strip-components=1
v04-phase5-warehouse-governance-compact-onoff-4x2-8r-20260613T115956Z-claw	rep03/record_only_compact/campaign/workspaces/a9860807-6cca-4f3e-85dd-cea1ae1b3457.checkpoint.c9815c2c	tests	372736	e1e4c4809bab7c3666229523f3ff04a5fbc93d47	surrogate/tests	6421b91de97dcff6251ebfc4a2c6fac826b3bf9e622f0f3a9a3b51adcbb561a5	git -C {repo} archive {git_commit} {git_source} | tar -x -C {experiment_root}/{root}/{parent_relative} --strip-components=1
v04-phase5-warehouse-governance-compact-onoff-4x2-8r-20260613T115956Z-claw	rep03/record_only_compact/campaign/workspaces/a9860807-6cca-4f3e-85dd-cea1ae1b3457.checkpoint.c9815c2c	milp_bounds	327680	e1e4c4809bab7c3666229523f3ff04a5fbc93d47	surrogate/milp_bounds	c127bcd8e5778b4909edd75c31b2df601f40f512065c23108337dfbaaa1c6808	git -C {repo} archive {git_commit} {git_source} | tar -x -C {experiment_root}/{root}/{parent_relative} --strip-components=1
v04-phase5-warehouse-governance-compact-onoff-4x2-8r-20260613T115956Z-claw	rep03/record_only_compact/campaign/workspaces/a9860807-6cca-4f3e-85dd-cea1ae1b3457.checkpoint.c9815c2c	calibration	8192	e1e4c4809bab7c3666229523f3ff04a5fbc93d47	surrogate/calibration	3c7648f54a6456a5824cc7f18140d3b28226300a12bf3bb4196cde86d8453016	git -C {repo} archive {git_commit} {git_source} | tar -x -C {experiment_root}/{root}/{parent_relative} --strip-components=1
v04-phase5-warehouse-governance-compact-onoff-4x2-8r-20260613T115956Z-claw	rep04/on_compact/campaign/champions/champion_v1	data	9715712	e1e4c4809bab7c3666229523f3ff04a5fbc93d47	surrogate/data	e39d71899d6b96e6280b4ad0d8207960c6a393f0e0d6e35b5ad77e854d361ea3	git -C {repo} archive {git_commit} {git_source} | tar -x -C {experiment_root}/{root}/{parent_relative} --strip-components=1
v04-phase5-warehouse-governance-compact-onoff-4x2-8r-20260613T115956Z-claw	rep04/on_compact/campaign/champions/champion_v1	cplex-final-20260426	1015808	e1e4c4809bab7c3666229523f3ff04a5fbc93d47	surrogate/cplex-final-20260426	b992f1c84218d64eee1586a0dd33e47569195cac060659bc3fa7231b098fd29f	git -C {repo} archive {git_commit} {git_source} | tar -x -C {experiment_root}/{root}/{parent_relative} --strip-components=1
v04-phase5-warehouse-governance-compact-onoff-4x2-8r-20260613T115956Z-claw	rep04/on_compact/campaign/champions/champion_v1	sprint-f4-milp-results	466944	e1e4c4809bab7c3666229523f3ff04a5fbc93d47	surrogate/sprint-f4-milp-results	2a65d92d3876b297da8a70c215e29c02beb12888a6b0cf5782d5b959139ef521	git -C {repo} archive {git_commit} {git_source} | tar -x -C {experiment_root}/{root}/{parent_relative} --strip-components=1
v04-phase5-warehouse-governance-compact-onoff-4x2-8r-20260613T115956Z-claw	rep04/on_compact/campaign/champions/champion_v1	tests	372736	e1e4c4809bab7c3666229523f3ff04a5fbc93d47	surrogate/tests	6421b91de97dcff6251ebfc4a2c6fac826b3bf9e622f0f3a9a3b51adcbb561a5	git -C {repo} archive {git_commit} {git_source} | tar -x -C {experiment_root}/{root}/{parent_relative} --strip-components=1
v04-phase5-warehouse-governance-compact-onoff-4x2-8r-20260613T115956Z-claw	rep04/on_compact/campaign/champions/champion_v1	milp_bounds	327680	e1e4c4809bab7c3666229523f3ff04a5fbc93d47	surrogate/milp_bounds	c127bcd8e5778b4909edd75c31b2df601f40f512065c23108337dfbaaa1c6808	git -C {repo} archive {git_commit} {git_source} | tar -x -C {experiment_root}/{root}/{parent_relative} --strip-components=1
v04-phase5-warehouse-governance-compact-onoff-4x2-8r-20260613T115956Z-claw	rep04/on_compact/campaign/champions/champion_v1	calibration	8192	e1e4c4809bab7c3666229523f3ff04a5fbc93d47	surrogate/calibration	3c7648f54a6456a5824cc7f18140d3b28226300a12bf3bb4196cde86d8453016	git -C {repo} archive {git_commit} {git_source} | tar -x -C {experiment_root}/{root}/{parent_relative} --strip-components=1
v04-phase5-warehouse-governance-compact-onoff-4x2-8r-20260613T115956Z-claw	rep04/on_compact/campaign/workspaces/7f1cd616-a0da-46db-87fa-12f262652dbb.checkpoint.7ecfb210	data	9715712	e1e4c4809bab7c3666229523f3ff04a5fbc93d47	surrogate/data	e39d71899d6b96e6280b4ad0d8207960c6a393f0e0d6e35b5ad77e854d361ea3	git -C {repo} archive {git_commit} {git_source} | tar -x -C {experiment_root}/{root}/{parent_relative} --strip-components=1
v04-phase5-warehouse-governance-compact-onoff-4x2-8r-20260613T115956Z-claw	rep04/on_compact/campaign/workspaces/7f1cd616-a0da-46db-87fa-12f262652dbb.checkpoint.7ecfb210	cplex-final-20260426	1015808	e1e4c4809bab7c3666229523f3ff04a5fbc93d47	surrogate/cplex-final-20260426	b992f1c84218d64eee1586a0dd33e47569195cac060659bc3fa7231b098fd29f	git -C {repo} archive {git_commit} {git_source} | tar -x -C {experiment_root}/{root}/{parent_relative} --strip-components=1
v04-phase5-warehouse-governance-compact-onoff-4x2-8r-20260613T115956Z-claw	rep04/on_compact/campaign/workspaces/7f1cd616-a0da-46db-87fa-12f262652dbb.checkpoint.7ecfb210	sprint-f4-milp-results	466944	e1e4c4809bab7c3666229523f3ff04a5fbc93d47	surrogate/sprint-f4-milp-results	2a65d92d3876b297da8a70c215e29c02beb12888a6b0cf5782d5b959139ef521	git -C {repo} archive {git_commit} {git_source} | tar -x -C {experiment_root}/{root}/{parent_relative} --strip-components=1
v04-phase5-warehouse-governance-compact-onoff-4x2-8r-20260613T115956Z-claw	rep04/on_compact/campaign/workspaces/7f1cd616-a0da-46db-87fa-12f262652dbb.checkpoint.7ecfb210	tests	372736	e1e4c4809bab7c3666229523f3ff04a5fbc93d47	surrogate/tests	6421b91de97dcff6251ebfc4a2c6fac826b3bf9e622f0f3a9a3b51adcbb561a5	git -C {repo} archive {git_commit} {git_source} | tar -x -C {experiment_root}/{root}/{parent_relative} --strip-components=1
v04-phase5-warehouse-governance-compact-onoff-4x2-8r-20260613T115956Z-claw	rep04/on_compact/campaign/workspaces/7f1cd616-a0da-46db-87fa-12f262652dbb.checkpoint.7ecfb210	milp_bounds	327680	e1e4c4809bab7c3666229523f3ff04a5fbc93d47	surrogate/milp_bounds	c127bcd8e5778b4909edd75c31b2df601f40f512065c23108337dfbaaa1c6808	git -C {repo} archive {git_commit} {git_source} | tar -x -C {experiment_root}/{root}/{parent_relative} --strip-components=1
v04-phase5-warehouse-governance-compact-onoff-4x2-8r-20260613T115956Z-claw	rep04/on_compact/campaign/workspaces/7f1cd616-a0da-46db-87fa-12f262652dbb.checkpoint.7ecfb210	calibration	8192	e1e4c4809bab7c3666229523f3ff04a5fbc93d47	surrogate/calibration	3c7648f54a6456a5824cc7f18140d3b28226300a12bf3bb4196cde86d8453016	git -C {repo} archive {git_commit} {git_source} | tar -x -C {experiment_root}/{root}/{parent_relative} --strip-components=1
v04-phase5-warehouse-governance-compact-onoff-4x2-8r-20260613T115956Z-claw	rep04/on_compact/campaign/workspaces/7f1cd616-a0da-46db-87fa-12f262652dbb.checkpoint.8d2244af	data	9715712	e1e4c4809bab7c3666229523f3ff04a5fbc93d47	surrogate/data	e39d71899d6b96e6280b4ad0d8207960c6a393f0e0d6e35b5ad77e854d361ea3	git -C {repo} archive {git_commit} {git_source} | tar -x -C {experiment_root}/{root}/{parent_relative} --strip-components=1
v04-phase5-warehouse-governance-compact-onoff-4x2-8r-20260613T115956Z-claw	rep04/on_compact/campaign/workspaces/7f1cd616-a0da-46db-87fa-12f262652dbb.checkpoint.8d2244af	cplex-final-20260426	1015808	e1e4c4809bab7c3666229523f3ff04a5fbc93d47	surrogate/cplex-final-20260426	b992f1c84218d64eee1586a0dd33e47569195cac060659bc3fa7231b098fd29f	git -C {repo} archive {git_commit} {git_source} | tar -x -C {experiment_root}/{root}/{parent_relative} --strip-components=1
v04-phase5-warehouse-governance-compact-onoff-4x2-8r-20260613T115956Z-claw	rep04/on_compact/campaign/workspaces/7f1cd616-a0da-46db-87fa-12f262652dbb.checkpoint.8d2244af	sprint-f4-milp-results	466944	e1e4c4809bab7c3666229523f3ff04a5fbc93d47	surrogate/sprint-f4-milp-results	2a65d92d3876b297da8a70c215e29c02beb12888a6b0cf5782d5b959139ef521	git -C {repo} archive {git_commit} {git_source} | tar -x -C {experiment_root}/{root}/{parent_relative} --strip-components=1
v04-phase5-warehouse-governance-compact-onoff-4x2-8r-20260613T115956Z-claw	rep04/on_compact/campaign/workspaces/7f1cd616-a0da-46db-87fa-12f262652dbb.checkpoint.8d2244af	tests	372736	e1e4c4809bab7c3666229523f3ff04a5fbc93d47	surrogate/tests	6421b91de97dcff6251ebfc4a2c6fac826b3bf9e622f0f3a9a3b51adcbb561a5	git -C {repo} archive {git_commit} {git_source} | tar -x -C {experiment_root}/{root}/{parent_relative} --strip-components=1
v04-phase5-warehouse-governance-compact-onoff-4x2-8r-20260613T115956Z-claw	rep04/on_compact/campaign/workspaces/7f1cd616-a0da-46db-87fa-12f262652dbb.checkpoint.8d2244af	milp_bounds	327680	e1e4c4809bab7c3666229523f3ff04a5fbc93d47	surrogate/milp_bounds	c127bcd8e5778b4909edd75c31b2df601f40f512065c23108337dfbaaa1c6808	git -C {repo} archive {git_commit} {git_source} | tar -x -C {experiment_root}/{root}/{parent_relative} --strip-components=1
v04-phase5-warehouse-governance-compact-onoff-4x2-8r-20260613T115956Z-claw	rep04/on_compact/campaign/workspaces/7f1cd616-a0da-46db-87fa-12f262652dbb.checkpoint.8d2244af	calibration	8192	e1e4c4809bab7c3666229523f3ff04a5fbc93d47	surrogate/calibration	3c7648f54a6456a5824cc7f18140d3b28226300a12bf3bb4196cde86d8453016	git -C {repo} archive {git_commit} {git_source} | tar -x -C {experiment_root}/{root}/{parent_relative} --strip-components=1
v04-phase5-warehouse-governance-compact-onoff-4x2-8r-20260613T115956Z-claw	rep04/on_compact/campaign/workspaces/c69f3b37-3227-4452-bf88-28588d9c72fd	data	9715712	e1e4c4809bab7c3666229523f3ff04a5fbc93d47	surrogate/data	e39d71899d6b96e6280b4ad0d8207960c6a393f0e0d6e35b5ad77e854d361ea3	git -C {repo} archive {git_commit} {git_source} | tar -x -C {experiment_root}/{root}/{parent_relative} --strip-components=1
v04-phase5-warehouse-governance-compact-onoff-4x2-8r-20260613T115956Z-claw	rep04/on_compact/campaign/workspaces/c69f3b37-3227-4452-bf88-28588d9c72fd	cplex-final-20260426	1015808	e1e4c4809bab7c3666229523f3ff04a5fbc93d47	surrogate/cplex-final-20260426	b992f1c84218d64eee1586a0dd33e47569195cac060659bc3fa7231b098fd29f	git -C {repo} archive {git_commit} {git_source} | tar -x -C {experiment_root}/{root}/{parent_relative} --strip-components=1
v04-phase5-warehouse-governance-compact-onoff-4x2-8r-20260613T115956Z-claw	rep04/on_compact/campaign/workspaces/c69f3b37-3227-4452-bf88-28588d9c72fd	sprint-f4-milp-results	466944	e1e4c4809bab7c3666229523f3ff04a5fbc93d47	surrogate/sprint-f4-milp-results	2a65d92d3876b297da8a70c215e29c02beb12888a6b0cf5782d5b959139ef521	git -C {repo} archive {git_commit} {git_source} | tar -x -C {experiment_root}/{root}/{parent_relative} --strip-components=1
v04-phase5-warehouse-governance-compact-onoff-4x2-8r-20260613T115956Z-claw	rep04/on_compact/campaign/workspaces/c69f3b37-3227-4452-bf88-28588d9c72fd	tests	372736	e1e4c4809bab7c3666229523f3ff04a5fbc93d47	surrogate/tests	6421b91de97dcff6251ebfc4a2c6fac826b3bf9e622f0f3a9a3b51adcbb561a5	git -C {repo} archive {git_commit} {git_source} | tar -x -C {experiment_root}/{root}/{parent_relative} --strip-components=1
v04-phase5-warehouse-governance-compact-onoff-4x2-8r-20260613T115956Z-claw	rep04/on_compact/campaign/workspaces/c69f3b37-3227-4452-bf88-28588d9c72fd	milp_bounds	327680	e1e4c4809bab7c3666229523f3ff04a5fbc93d47	surrogate/milp_bounds	c127bcd8e5778b4909edd75c31b2df601f40f512065c23108337dfbaaa1c6808	git -C {repo} archive {git_commit} {git_source} | tar -x -C {experiment_root}/{root}/{parent_relative} --strip-components=1
v04-phase5-warehouse-governance-compact-onoff-4x2-8r-20260613T115956Z-claw	rep04/on_compact/campaign/workspaces/c69f3b37-3227-4452-bf88-28588d9c72fd	calibration	8192	e1e4c4809bab7c3666229523f3ff04a5fbc93d47	surrogate/calibration	3c7648f54a6456a5824cc7f18140d3b28226300a12bf3bb4196cde86d8453016	git -C {repo} archive {git_commit} {git_source} | tar -x -C {experiment_root}/{root}/{parent_relative} --strip-components=1
v04-phase5-warehouse-governance-compact-onoff-4x2-8r-20260613T115956Z-claw	rep04/on_compact/campaign/workspaces/c69f3b37-3227-4452-bf88-28588d9c72fd.checkpoint.777537b3	data	9715712	e1e4c4809bab7c3666229523f3ff04a5fbc93d47	surrogate/data	e39d71899d6b96e6280b4ad0d8207960c6a393f0e0d6e35b5ad77e854d361ea3	git -C {repo} archive {git_commit} {git_source} | tar -x -C {experiment_root}/{root}/{parent_relative} --strip-components=1
v04-phase5-warehouse-governance-compact-onoff-4x2-8r-20260613T115956Z-claw	rep04/on_compact/campaign/workspaces/c69f3b37-3227-4452-bf88-28588d9c72fd.checkpoint.777537b3	cplex-final-20260426	1015808	e1e4c4809bab7c3666229523f3ff04a5fbc93d47	surrogate/cplex-final-20260426	b992f1c84218d64eee1586a0dd33e47569195cac060659bc3fa7231b098fd29f	git -C {repo} archive {git_commit} {git_source} | tar -x -C {experiment_root}/{root}/{parent_relative} --strip-components=1
v04-phase5-warehouse-governance-compact-onoff-4x2-8r-20260613T115956Z-claw	rep04/on_compact/campaign/workspaces/c69f3b37-3227-4452-bf88-28588d9c72fd.checkpoint.777537b3	sprint-f4-milp-results	466944	e1e4c4809bab7c3666229523f3ff04a5fbc93d47	surrogate/sprint-f4-milp-results	2a65d92d3876b297da8a70c215e29c02beb12888a6b0cf5782d5b959139ef521	git -C {repo} archive {git_commit} {git_source} | tar -x -C {experiment_root}/{root}/{parent_relative} --strip-components=1
v04-phase5-warehouse-governance-compact-onoff-4x2-8r-20260613T115956Z-claw	rep04/on_compact/campaign/workspaces/c69f3b37-3227-4452-bf88-28588d9c72fd.checkpoint.777537b3	tests	372736	e1e4c4809bab7c3666229523f3ff04a5fbc93d47	surrogate/tests	6421b91de97dcff6251ebfc4a2c6fac826b3bf9e622f0f3a9a3b51adcbb561a5	git -C {repo} archive {git_commit} {git_source} | tar -x -C {experiment_root}/{root}/{parent_relative} --strip-components=1
v04-phase5-warehouse-governance-compact-onoff-4x2-8r-20260613T115956Z-claw	rep04/on_compact/campaign/workspaces/c69f3b37-3227-4452-bf88-28588d9c72fd.checkpoint.777537b3	milp_bounds	327680	e1e4c4809bab7c3666229523f3ff04a5fbc93d47	surrogate/milp_bounds	c127bcd8e5778b4909edd75c31b2df601f40f512065c23108337dfbaaa1c6808	git -C {repo} archive {git_commit} {git_source} | tar -x -C {experiment_root}/{root}/{parent_relative} --strip-components=1
v04-phase5-warehouse-governance-compact-onoff-4x2-8r-20260613T115956Z-claw	rep04/on_compact/campaign/workspaces/c69f3b37-3227-4452-bf88-28588d9c72fd.checkpoint.777537b3	calibration	8192	e1e4c4809bab7c3666229523f3ff04a5fbc93d47	surrogate/calibration	3c7648f54a6456a5824cc7f18140d3b28226300a12bf3bb4196cde86d8453016	git -C {repo} archive {git_commit} {git_source} | tar -x -C {experiment_root}/{root}/{parent_relative} --strip-components=1
v04-phase5-warehouse-governance-compact-onoff-4x2-8r-20260613T115956Z-claw	rep04/on_compact/campaign/workspaces/c69f3b37-3227-4452-bf88-28588d9c72fd.checkpoint.8186834a	data	9715712	e1e4c4809bab7c3666229523f3ff04a5fbc93d47	surrogate/data	e39d71899d6b96e6280b4ad0d8207960c6a393f0e0d6e35b5ad77e854d361ea3	git -C {repo} archive {git_commit} {git_source} | tar -x -C {experiment_root}/{root}/{parent_relative} --strip-components=1
v04-phase5-warehouse-governance-compact-onoff-4x2-8r-20260613T115956Z-claw	rep04/on_compact/campaign/workspaces/c69f3b37-3227-4452-bf88-28588d9c72fd.checkpoint.8186834a	cplex-final-20260426	1015808	e1e4c4809bab7c3666229523f3ff04a5fbc93d47	surrogate/cplex-final-20260426	b992f1c84218d64eee1586a0dd33e47569195cac060659bc3fa7231b098fd29f	git -C {repo} archive {git_commit} {git_source} | tar -x -C {experiment_root}/{root}/{parent_relative} --strip-components=1
v04-phase5-warehouse-governance-compact-onoff-4x2-8r-20260613T115956Z-claw	rep04/on_compact/campaign/workspaces/c69f3b37-3227-4452-bf88-28588d9c72fd.checkpoint.8186834a	sprint-f4-milp-results	466944	e1e4c4809bab7c3666229523f3ff04a5fbc93d47	surrogate/sprint-f4-milp-results	2a65d92d3876b297da8a70c215e29c02beb12888a6b0cf5782d5b959139ef521	git -C {repo} archive {git_commit} {git_source} | tar -x -C {experiment_root}/{root}/{parent_relative} --strip-components=1
v04-phase5-warehouse-governance-compact-onoff-4x2-8r-20260613T115956Z-claw	rep04/on_compact/campaign/workspaces/c69f3b37-3227-4452-bf88-28588d9c72fd.checkpoint.8186834a	tests	372736	e1e4c4809bab7c3666229523f3ff04a5fbc93d47	surrogate/tests	6421b91de97dcff6251ebfc4a2c6fac826b3bf9e622f0f3a9a3b51adcbb561a5	git -C {repo} archive {git_commit} {git_source} | tar -x -C {experiment_root}/{root}/{parent_relative} --strip-components=1
v04-phase5-warehouse-governance-compact-onoff-4x2-8r-20260613T115956Z-claw	rep04/on_compact/campaign/workspaces/c69f3b37-3227-4452-bf88-28588d9c72fd.checkpoint.8186834a	milp_bounds	327680	e1e4c4809bab7c3666229523f3ff04a5fbc93d47	surrogate/milp_bounds	c127bcd8e5778b4909edd75c31b2df601f40f512065c23108337dfbaaa1c6808	git -C {repo} archive {git_commit} {git_source} | tar -x -C {experiment_root}/{root}/{parent_relative} --strip-components=1
v04-phase5-warehouse-governance-compact-onoff-4x2-8r-20260613T115956Z-claw	rep04/on_compact/campaign/workspaces/c69f3b37-3227-4452-bf88-28588d9c72fd.checkpoint.8186834a	calibration	8192	e1e4c4809bab7c3666229523f3ff04a5fbc93d47	surrogate/calibration	3c7648f54a6456a5824cc7f18140d3b28226300a12bf3bb4196cde86d8453016	git -C {repo} archive {git_commit} {git_source} | tar -x -C {experiment_root}/{root}/{parent_relative} --strip-components=1
v04-phase5-warehouse-governance-compact-onoff-4x2-8r-20260613T115956Z-claw	rep04/record_only_compact/campaign/champions/champion_v1	data	9715712	e1e4c4809bab7c3666229523f3ff04a5fbc93d47	surrogate/data	e39d71899d6b96e6280b4ad0d8207960c6a393f0e0d6e35b5ad77e854d361ea3	git -C {repo} archive {git_commit} {git_source} | tar -x -C {experiment_root}/{root}/{parent_relative} --strip-components=1
v04-phase5-warehouse-governance-compact-onoff-4x2-8r-20260613T115956Z-claw	rep04/record_only_compact/campaign/champions/champion_v1	cplex-final-20260426	1015808	e1e4c4809bab7c3666229523f3ff04a5fbc93d47	surrogate/cplex-final-20260426	b992f1c84218d64eee1586a0dd33e47569195cac060659bc3fa7231b098fd29f	git -C {repo} archive {git_commit} {git_source} | tar -x -C {experiment_root}/{root}/{parent_relative} --strip-components=1
v04-phase5-warehouse-governance-compact-onoff-4x2-8r-20260613T115956Z-claw	rep04/record_only_compact/campaign/champions/champion_v1	sprint-f4-milp-results	466944	e1e4c4809bab7c3666229523f3ff04a5fbc93d47	surrogate/sprint-f4-milp-results	2a65d92d3876b297da8a70c215e29c02beb12888a6b0cf5782d5b959139ef521	git -C {repo} archive {git_commit} {git_source} | tar -x -C {experiment_root}/{root}/{parent_relative} --strip-components=1
v04-phase5-warehouse-governance-compact-onoff-4x2-8r-20260613T115956Z-claw	rep04/record_only_compact/campaign/champions/champion_v1	tests	372736	e1e4c4809bab7c3666229523f3ff04a5fbc93d47	surrogate/tests	6421b91de97dcff6251ebfc4a2c6fac826b3bf9e622f0f3a9a3b51adcbb561a5	git -C {repo} archive {git_commit} {git_source} | tar -x -C {experiment_root}/{root}/{parent_relative} --strip-components=1
v04-phase5-warehouse-governance-compact-onoff-4x2-8r-20260613T115956Z-claw	rep04/record_only_compact/campaign/champions/champion_v1	milp_bounds	327680	e1e4c4809bab7c3666229523f3ff04a5fbc93d47	surrogate/milp_bounds	c127bcd8e5778b4909edd75c31b2df601f40f512065c23108337dfbaaa1c6808	git -C {repo} archive {git_commit} {git_source} | tar -x -C {experiment_root}/{root}/{parent_relative} --strip-components=1
v04-phase5-warehouse-governance-compact-onoff-4x2-8r-20260613T115956Z-claw	rep04/record_only_compact/campaign/champions/champion_v1	calibration	8192	e1e4c4809bab7c3666229523f3ff04a5fbc93d47	surrogate/calibration	3c7648f54a6456a5824cc7f18140d3b28226300a12bf3bb4196cde86d8453016	git -C {repo} archive {git_commit} {git_source} | tar -x -C {experiment_root}/{root}/{parent_relative} --strip-components=1
v04-phase5-warehouse-governance-compact-onoff-4x2-8r-20260613T115956Z-claw	rep04/record_only_compact/campaign/workspaces/1a2361fa-4014-4cb9-b98d-a01445cf09d6.checkpoint.4bf3db60	data	9715712	e1e4c4809bab7c3666229523f3ff04a5fbc93d47	surrogate/data	e39d71899d6b96e6280b4ad0d8207960c6a393f0e0d6e35b5ad77e854d361ea3	git -C {repo} archive {git_commit} {git_source} | tar -x -C {experiment_root}/{root}/{parent_relative} --strip-components=1
v04-phase5-warehouse-governance-compact-onoff-4x2-8r-20260613T115956Z-claw	rep04/record_only_compact/campaign/workspaces/1a2361fa-4014-4cb9-b98d-a01445cf09d6.checkpoint.4bf3db60	cplex-final-20260426	1015808	e1e4c4809bab7c3666229523f3ff04a5fbc93d47	surrogate/cplex-final-20260426	b992f1c84218d64eee1586a0dd33e47569195cac060659bc3fa7231b098fd29f	git -C {repo} archive {git_commit} {git_source} | tar -x -C {experiment_root}/{root}/{parent_relative} --strip-components=1
v04-phase5-warehouse-governance-compact-onoff-4x2-8r-20260613T115956Z-claw	rep04/record_only_compact/campaign/workspaces/1a2361fa-4014-4cb9-b98d-a01445cf09d6.checkpoint.4bf3db60	sprint-f4-milp-results	466944	e1e4c4809bab7c3666229523f3ff04a5fbc93d47	surrogate/sprint-f4-milp-results	2a65d92d3876b297da8a70c215e29c02beb12888a6b0cf5782d5b959139ef521	git -C {repo} archive {git_commit} {git_source} | tar -x -C {experiment_root}/{root}/{parent_relative} --strip-components=1
v04-phase5-warehouse-governance-compact-onoff-4x2-8r-20260613T115956Z-claw	rep04/record_only_compact/campaign/workspaces/1a2361fa-4014-4cb9-b98d-a01445cf09d6.checkpoint.4bf3db60	tests	372736	e1e4c4809bab7c3666229523f3ff04a5fbc93d47	surrogate/tests	6421b91de97dcff6251ebfc4a2c6fac826b3bf9e622f0f3a9a3b51adcbb561a5	git -C {repo} archive {git_commit} {git_source} | tar -x -C {experiment_root}/{root}/{parent_relative} --strip-components=1
v04-phase5-warehouse-governance-compact-onoff-4x2-8r-20260613T115956Z-claw	rep04/record_only_compact/campaign/workspaces/1a2361fa-4014-4cb9-b98d-a01445cf09d6.checkpoint.4bf3db60	milp_bounds	327680	e1e4c4809bab7c3666229523f3ff04a5fbc93d47	surrogate/milp_bounds	c127bcd8e5778b4909edd75c31b2df601f40f512065c23108337dfbaaa1c6808	git -C {repo} archive {git_commit} {git_source} | tar -x -C {experiment_root}/{root}/{parent_relative} --strip-components=1
v04-phase5-warehouse-governance-compact-onoff-4x2-8r-20260613T115956Z-claw	rep04/record_only_compact/campaign/workspaces/1a2361fa-4014-4cb9-b98d-a01445cf09d6.checkpoint.4bf3db60	calibration	8192	e1e4c4809bab7c3666229523f3ff04a5fbc93d47	surrogate/calibration	3c7648f54a6456a5824cc7f18140d3b28226300a12bf3bb4196cde86d8453016	git -C {repo} archive {git_commit} {git_source} | tar -x -C {experiment_root}/{root}/{parent_relative} --strip-components=1
v04-phase5-warehouse-governance-compact-onoff-4x2-8r-20260613T115956Z-claw	rep04/record_only_compact/campaign/workspaces/56a4116a-fc7f-435b-aaac-6b40aa9c8df8	data	9715712	e1e4c4809bab7c3666229523f3ff04a5fbc93d47	surrogate/data	e39d71899d6b96e6280b4ad0d8207960c6a393f0e0d6e35b5ad77e854d361ea3	git -C {repo} archive {git_commit} {git_source} | tar -x -C {experiment_root}/{root}/{parent_relative} --strip-components=1
v04-phase5-warehouse-governance-compact-onoff-4x2-8r-20260613T115956Z-claw	rep04/record_only_compact/campaign/workspaces/56a4116a-fc7f-435b-aaac-6b40aa9c8df8	cplex-final-20260426	1015808	e1e4c4809bab7c3666229523f3ff04a5fbc93d47	surrogate/cplex-final-20260426	b992f1c84218d64eee1586a0dd33e47569195cac060659bc3fa7231b098fd29f	git -C {repo} archive {git_commit} {git_source} | tar -x -C {experiment_root}/{root}/{parent_relative} --strip-components=1
v04-phase5-warehouse-governance-compact-onoff-4x2-8r-20260613T115956Z-claw	rep04/record_only_compact/campaign/workspaces/56a4116a-fc7f-435b-aaac-6b40aa9c8df8	sprint-f4-milp-results	466944	e1e4c4809bab7c3666229523f3ff04a5fbc93d47	surrogate/sprint-f4-milp-results	2a65d92d3876b297da8a70c215e29c02beb12888a6b0cf5782d5b959139ef521	git -C {repo} archive {git_commit} {git_source} | tar -x -C {experiment_root}/{root}/{parent_relative} --strip-components=1
v04-phase5-warehouse-governance-compact-onoff-4x2-8r-20260613T115956Z-claw	rep04/record_only_compact/campaign/workspaces/56a4116a-fc7f-435b-aaac-6b40aa9c8df8	tests	372736	e1e4c4809bab7c3666229523f3ff04a5fbc93d47	surrogate/tests	6421b91de97dcff6251ebfc4a2c6fac826b3bf9e622f0f3a9a3b51adcbb561a5	git -C {repo} archive {git_commit} {git_source} | tar -x -C {experiment_root}/{root}/{parent_relative} --strip-components=1
v04-phase5-warehouse-governance-compact-onoff-4x2-8r-20260613T115956Z-claw	rep04/record_only_compact/campaign/workspaces/56a4116a-fc7f-435b-aaac-6b40aa9c8df8	milp_bounds	327680	e1e4c4809bab7c3666229523f3ff04a5fbc93d47	surrogate/milp_bounds	c127bcd8e5778b4909edd75c31b2df601f40f512065c23108337dfbaaa1c6808	git -C {repo} archive {git_commit} {git_source} | tar -x -C {experiment_root}/{root}/{parent_relative} --strip-components=1
v04-phase5-warehouse-governance-compact-onoff-4x2-8r-20260613T115956Z-claw	rep04/record_only_compact/campaign/workspaces/56a4116a-fc7f-435b-aaac-6b40aa9c8df8	calibration	8192	e1e4c4809bab7c3666229523f3ff04a5fbc93d47	surrogate/calibration	3c7648f54a6456a5824cc7f18140d3b28226300a12bf3bb4196cde86d8453016	git -C {repo} archive {git_commit} {git_source} | tar -x -C {experiment_root}/{root}/{parent_relative} --strip-components=1
v04-phase5-warehouse-governance-compact-onoff-4x2-8r-20260613T115956Z-claw	rep04/record_only_compact/campaign/workspaces/85ad848a-07ad-4dc0-8da5-1b379a2f6c07.checkpoint.34265a16	data	9715712	e1e4c4809bab7c3666229523f3ff04a5fbc93d47	surrogate/data	e39d71899d6b96e6280b4ad0d8207960c6a393f0e0d6e35b5ad77e854d361ea3	git -C {repo} archive {git_commit} {git_source} | tar -x -C {experiment_root}/{root}/{parent_relative} --strip-components=1
v04-phase5-warehouse-governance-compact-onoff-4x2-8r-20260613T115956Z-claw	rep04/record_only_compact/campaign/workspaces/85ad848a-07ad-4dc0-8da5-1b379a2f6c07.checkpoint.34265a16	cplex-final-20260426	1015808	e1e4c4809bab7c3666229523f3ff04a5fbc93d47	surrogate/cplex-final-20260426	b992f1c84218d64eee1586a0dd33e47569195cac060659bc3fa7231b098fd29f	git -C {repo} archive {git_commit} {git_source} | tar -x -C {experiment_root}/{root}/{parent_relative} --strip-components=1
v04-phase5-warehouse-governance-compact-onoff-4x2-8r-20260613T115956Z-claw	rep04/record_only_compact/campaign/workspaces/85ad848a-07ad-4dc0-8da5-1b379a2f6c07.checkpoint.34265a16	sprint-f4-milp-results	466944	e1e4c4809bab7c3666229523f3ff04a5fbc93d47	surrogate/sprint-f4-milp-results	2a65d92d3876b297da8a70c215e29c02beb12888a6b0cf5782d5b959139ef521	git -C {repo} archive {git_commit} {git_source} | tar -x -C {experiment_root}/{root}/{parent_relative} --strip-components=1
v04-phase5-warehouse-governance-compact-onoff-4x2-8r-20260613T115956Z-claw	rep04/record_only_compact/campaign/workspaces/85ad848a-07ad-4dc0-8da5-1b379a2f6c07.checkpoint.34265a16	tests	372736	e1e4c4809bab7c3666229523f3ff04a5fbc93d47	surrogate/tests	6421b91de97dcff6251ebfc4a2c6fac826b3bf9e622f0f3a9a3b51adcbb561a5	git -C {repo} archive {git_commit} {git_source} | tar -x -C {experiment_root}/{root}/{parent_relative} --strip-components=1
v04-phase5-warehouse-governance-compact-onoff-4x2-8r-20260613T115956Z-claw	rep04/record_only_compact/campaign/workspaces/85ad848a-07ad-4dc0-8da5-1b379a2f6c07.checkpoint.34265a16	milp_bounds	327680	e1e4c4809bab7c3666229523f3ff04a5fbc93d47	surrogate/milp_bounds	c127bcd8e5778b4909edd75c31b2df601f40f512065c23108337dfbaaa1c6808	git -C {repo} archive {git_commit} {git_source} | tar -x -C {experiment_root}/{root}/{parent_relative} --strip-components=1
v04-phase5-warehouse-governance-compact-onoff-4x2-8r-20260613T115956Z-claw	rep04/record_only_compact/campaign/workspaces/85ad848a-07ad-4dc0-8da5-1b379a2f6c07.checkpoint.34265a16	calibration	8192	e1e4c4809bab7c3666229523f3ff04a5fbc93d47	surrogate/calibration	3c7648f54a6456a5824cc7f18140d3b28226300a12bf3bb4196cde86d8453016	git -C {repo} archive {git_commit} {git_source} | tar -x -C {experiment_root}/{root}/{parent_relative} --strip-components=1
v04-phase5-warehouse-governance-compact-onoff-4x2-8r-20260613T115956Z-claw	rep04/record_only_compact/campaign/workspaces/85ad848a-07ad-4dc0-8da5-1b379a2f6c07.checkpoint.eafdd5e2	data	9715712	e1e4c4809bab7c3666229523f3ff04a5fbc93d47	surrogate/data	e39d71899d6b96e6280b4ad0d8207960c6a393f0e0d6e35b5ad77e854d361ea3	git -C {repo} archive {git_commit} {git_source} | tar -x -C {experiment_root}/{root}/{parent_relative} --strip-components=1
v04-phase5-warehouse-governance-compact-onoff-4x2-8r-20260613T115956Z-claw	rep04/record_only_compact/campaign/workspaces/85ad848a-07ad-4dc0-8da5-1b379a2f6c07.checkpoint.eafdd5e2	cplex-final-20260426	1015808	e1e4c4809bab7c3666229523f3ff04a5fbc93d47	surrogate/cplex-final-20260426	b992f1c84218d64eee1586a0dd33e47569195cac060659bc3fa7231b098fd29f	git -C {repo} archive {git_commit} {git_source} | tar -x -C {experiment_root}/{root}/{parent_relative} --strip-components=1
v04-phase5-warehouse-governance-compact-onoff-4x2-8r-20260613T115956Z-claw	rep04/record_only_compact/campaign/workspaces/85ad848a-07ad-4dc0-8da5-1b379a2f6c07.checkpoint.eafdd5e2	sprint-f4-milp-results	466944	e1e4c4809bab7c3666229523f3ff04a5fbc93d47	surrogate/sprint-f4-milp-results	2a65d92d3876b297da8a70c215e29c02beb12888a6b0cf5782d5b959139ef521	git -C {repo} archive {git_commit} {git_source} | tar -x -C {experiment_root}/{root}/{parent_relative} --strip-components=1
v04-phase5-warehouse-governance-compact-onoff-4x2-8r-20260613T115956Z-claw	rep04/record_only_compact/campaign/workspaces/85ad848a-07ad-4dc0-8da5-1b379a2f6c07.checkpoint.eafdd5e2	tests	372736	e1e4c4809bab7c3666229523f3ff04a5fbc93d47	surrogate/tests	6421b91de97dcff6251ebfc4a2c6fac826b3bf9e622f0f3a9a3b51adcbb561a5	git -C {repo} archive {git_commit} {git_source} | tar -x -C {experiment_root}/{root}/{parent_relative} --strip-components=1
v04-phase5-warehouse-governance-compact-onoff-4x2-8r-20260613T115956Z-claw	rep04/record_only_compact/campaign/workspaces/85ad848a-07ad-4dc0-8da5-1b379a2f6c07.checkpoint.eafdd5e2	milp_bounds	327680	e1e4c4809bab7c3666229523f3ff04a5fbc93d47	surrogate/milp_bounds	c127bcd8e5778b4909edd75c31b2df601f40f512065c23108337dfbaaa1c6808	git -C {repo} archive {git_commit} {git_source} | tar -x -C {experiment_root}/{root}/{parent_relative} --strip-components=1
v04-phase5-warehouse-governance-compact-onoff-4x2-8r-20260613T115956Z-claw	rep04/record_only_compact/campaign/workspaces/85ad848a-07ad-4dc0-8da5-1b379a2f6c07.checkpoint.eafdd5e2	calibration	8192	e1e4c4809bab7c3666229523f3ff04a5fbc93d47	surrogate/calibration	3c7648f54a6456a5824cc7f18140d3b28226300a12bf3bb4196cde86d8453016	git -C {repo} archive {git_commit} {git_source} | tar -x -C {experiment_root}/{root}/{parent_relative} --strip-components=1
v04-phase5-warehouse-governance-compact-onoff-4x2-8r-20260613T115956Z-claw	rep04/record_only_compact/campaign/workspaces/a14c4100-c525-49fe-a01d-47ff37d48c29.checkpoint.3103cfc5	data	9715712	e1e4c4809bab7c3666229523f3ff04a5fbc93d47	surrogate/data	e39d71899d6b96e6280b4ad0d8207960c6a393f0e0d6e35b5ad77e854d361ea3	git -C {repo} archive {git_commit} {git_source} | tar -x -C {experiment_root}/{root}/{parent_relative} --strip-components=1
v04-phase5-warehouse-governance-compact-onoff-4x2-8r-20260613T115956Z-claw	rep04/record_only_compact/campaign/workspaces/a14c4100-c525-49fe-a01d-47ff37d48c29.checkpoint.3103cfc5	cplex-final-20260426	1015808	e1e4c4809bab7c3666229523f3ff04a5fbc93d47	surrogate/cplex-final-20260426	b992f1c84218d64eee1586a0dd33e47569195cac060659bc3fa7231b098fd29f	git -C {repo} archive {git_commit} {git_source} | tar -x -C {experiment_root}/{root}/{parent_relative} --strip-components=1
v04-phase5-warehouse-governance-compact-onoff-4x2-8r-20260613T115956Z-claw	rep04/record_only_compact/campaign/workspaces/a14c4100-c525-49fe-a01d-47ff37d48c29.checkpoint.3103cfc5	sprint-f4-milp-results	466944	e1e4c4809bab7c3666229523f3ff04a5fbc93d47	surrogate/sprint-f4-milp-results	2a65d92d3876b297da8a70c215e29c02beb12888a6b0cf5782d5b959139ef521	git -C {repo} archive {git_commit} {git_source} | tar -x -C {experiment_root}/{root}/{parent_relative} --strip-components=1
v04-phase5-warehouse-governance-compact-onoff-4x2-8r-20260613T115956Z-claw	rep04/record_only_compact/campaign/workspaces/a14c4100-c525-49fe-a01d-47ff37d48c29.checkpoint.3103cfc5	tests	372736	e1e4c4809bab7c3666229523f3ff04a5fbc93d47	surrogate/tests	6421b91de97dcff6251ebfc4a2c6fac826b3bf9e622f0f3a9a3b51adcbb561a5	git -C {repo} archive {git_commit} {git_source} | tar -x -C {experiment_root}/{root}/{parent_relative} --strip-components=1
v04-phase5-warehouse-governance-compact-onoff-4x2-8r-20260613T115956Z-claw	rep04/record_only_compact/campaign/workspaces/a14c4100-c525-49fe-a01d-47ff37d48c29.checkpoint.3103cfc5	milp_bounds	327680	e1e4c4809bab7c3666229523f3ff04a5fbc93d47	surrogate/milp_bounds	c127bcd8e5778b4909edd75c31b2df601f40f512065c23108337dfbaaa1c6808	git -C {repo} archive {git_commit} {git_source} | tar -x -C {experiment_root}/{root}/{parent_relative} --strip-components=1
v04-phase5-warehouse-governance-compact-onoff-4x2-8r-20260613T115956Z-claw	rep04/record_only_compact/campaign/workspaces/a14c4100-c525-49fe-a01d-47ff37d48c29.checkpoint.3103cfc5	calibration	8192	e1e4c4809bab7c3666229523f3ff04a5fbc93d47	surrogate/calibration	3c7648f54a6456a5824cc7f18140d3b28226300a12bf3bb4196cde86d8453016	git -C {repo} archive {git_commit} {git_source} | tar -x -C {experiment_root}/{root}/{parent_relative} --strip-components=1
v04-phase5-warehouse-governance-compact-onoff-4x2-8r-20260613T115956Z-claw	rep04/record_only_compact/campaign/workspaces/a14c4100-c525-49fe-a01d-47ff37d48c29.checkpoint.f76116e2	data	9715712	e1e4c4809bab7c3666229523f3ff04a5fbc93d47	surrogate/data	e39d71899d6b96e6280b4ad0d8207960c6a393f0e0d6e35b5ad77e854d361ea3	git -C {repo} archive {git_commit} {git_source} | tar -x -C {experiment_root}/{root}/{parent_relative} --strip-components=1
v04-phase5-warehouse-governance-compact-onoff-4x2-8r-20260613T115956Z-claw	rep04/record_only_compact/campaign/workspaces/a14c4100-c525-49fe-a01d-47ff37d48c29.checkpoint.f76116e2	cplex-final-20260426	1015808	e1e4c4809bab7c3666229523f3ff04a5fbc93d47	surrogate/cplex-final-20260426	b992f1c84218d64eee1586a0dd33e47569195cac060659bc3fa7231b098fd29f	git -C {repo} archive {git_commit} {git_source} | tar -x -C {experiment_root}/{root}/{parent_relative} --strip-components=1
v04-phase5-warehouse-governance-compact-onoff-4x2-8r-20260613T115956Z-claw	rep04/record_only_compact/campaign/workspaces/a14c4100-c525-49fe-a01d-47ff37d48c29.checkpoint.f76116e2	sprint-f4-milp-results	466944	e1e4c4809bab7c3666229523f3ff04a5fbc93d47	surrogate/sprint-f4-milp-results	2a65d92d3876b297da8a70c215e29c02beb12888a6b0cf5782d5b959139ef521	git -C {repo} archive {git_commit} {git_source} | tar -x -C {experiment_root}/{root}/{parent_relative} --strip-components=1
v04-phase5-warehouse-governance-compact-onoff-4x2-8r-20260613T115956Z-claw	rep04/record_only_compact/campaign/workspaces/a14c4100-c525-49fe-a01d-47ff37d48c29.checkpoint.f76116e2	tests	372736	e1e4c4809bab7c3666229523f3ff04a5fbc93d47	surrogate/tests	6421b91de97dcff6251ebfc4a2c6fac826b3bf9e622f0f3a9a3b51adcbb561a5	git -C {repo} archive {git_commit} {git_source} | tar -x -C {experiment_root}/{root}/{parent_relative} --strip-components=1
v04-phase5-warehouse-governance-compact-onoff-4x2-8r-20260613T115956Z-claw	rep04/record_only_compact/campaign/workspaces/a14c4100-c525-49fe-a01d-47ff37d48c29.checkpoint.f76116e2	milp_bounds	327680	e1e4c4809bab7c3666229523f3ff04a5fbc93d47	surrogate/milp_bounds	c127bcd8e5778b4909edd75c31b2df601f40f512065c23108337dfbaaa1c6808	git -C {repo} archive {git_commit} {git_source} | tar -x -C {experiment_root}/{root}/{parent_relative} --strip-components=1
v04-phase5-warehouse-governance-compact-onoff-4x2-8r-20260613T115956Z-claw	rep04/record_only_compact/campaign/workspaces/a14c4100-c525-49fe-a01d-47ff37d48c29.checkpoint.f76116e2	calibration	8192	e1e4c4809bab7c3666229523f3ff04a5fbc93d47	surrogate/calibration	3c7648f54a6456a5824cc7f18140d3b28226300a12bf3bb4196cde86d8453016	git -C {repo} archive {git_commit} {git_source} | tar -x -C {experiment_root}/{root}/{parent_relative} --strip-components=1
v04-phase5-warehouse-controlpair-full-vs-nomeas-4x2-8r-20260613T011820Z-claw	rep01/full/campaign/champions/champion_v1	data	9715712	bd8bfd8e020be2a51d1268070870c7ee2ff6b2ce	surrogate/data	e39d71899d6b96e6280b4ad0d8207960c6a393f0e0d6e35b5ad77e854d361ea3	git -C {repo} archive {git_commit} {git_source} | tar -x -C {experiment_root}/{root}/{parent_relative} --strip-components=1
v04-phase5-warehouse-controlpair-full-vs-nomeas-4x2-8r-20260613T011820Z-claw	rep01/full/campaign/champions/champion_v1	cplex-final-20260426	1015808	bd8bfd8e020be2a51d1268070870c7ee2ff6b2ce	surrogate/cplex-final-20260426	b992f1c84218d64eee1586a0dd33e47569195cac060659bc3fa7231b098fd29f	git -C {repo} archive {git_commit} {git_source} | tar -x -C {experiment_root}/{root}/{parent_relative} --strip-components=1
v04-phase5-warehouse-controlpair-full-vs-nomeas-4x2-8r-20260613T011820Z-claw	rep01/full/campaign/champions/champion_v1	sprint-f4-milp-results	466944	bd8bfd8e020be2a51d1268070870c7ee2ff6b2ce	surrogate/sprint-f4-milp-results	2a65d92d3876b297da8a70c215e29c02beb12888a6b0cf5782d5b959139ef521	git -C {repo} archive {git_commit} {git_source} | tar -x -C {experiment_root}/{root}/{parent_relative} --strip-components=1
v04-phase5-warehouse-controlpair-full-vs-nomeas-4x2-8r-20260613T011820Z-claw	rep01/full/campaign/champions/champion_v1	tests	372736	bd8bfd8e020be2a51d1268070870c7ee2ff6b2ce	surrogate/tests	6421b91de97dcff6251ebfc4a2c6fac826b3bf9e622f0f3a9a3b51adcbb561a5	git -C {repo} archive {git_commit} {git_source} | tar -x -C {experiment_root}/{root}/{parent_relative} --strip-components=1
v04-phase5-warehouse-controlpair-full-vs-nomeas-4x2-8r-20260613T011820Z-claw	rep01/full/campaign/champions/champion_v1	milp_bounds	327680	bd8bfd8e020be2a51d1268070870c7ee2ff6b2ce	surrogate/milp_bounds	c127bcd8e5778b4909edd75c31b2df601f40f512065c23108337dfbaaa1c6808	git -C {repo} archive {git_commit} {git_source} | tar -x -C {experiment_root}/{root}/{parent_relative} --strip-components=1
v04-phase5-warehouse-controlpair-full-vs-nomeas-4x2-8r-20260613T011820Z-claw	rep01/full/campaign/champions/champion_v1	calibration	8192	bd8bfd8e020be2a51d1268070870c7ee2ff6b2ce	surrogate/calibration	3c7648f54a6456a5824cc7f18140d3b28226300a12bf3bb4196cde86d8453016	git -C {repo} archive {git_commit} {git_source} | tar -x -C {experiment_root}/{root}/{parent_relative} --strip-components=1
v04-phase5-warehouse-controlpair-full-vs-nomeas-4x2-8r-20260613T011820Z-claw	rep01/full/campaign/workspaces/054c0c21-2cb9-46ab-be5c-7a4bf118a701	data	9715712	bd8bfd8e020be2a51d1268070870c7ee2ff6b2ce	surrogate/data	e39d71899d6b96e6280b4ad0d8207960c6a393f0e0d6e35b5ad77e854d361ea3	git -C {repo} archive {git_commit} {git_source} | tar -x -C {experiment_root}/{root}/{parent_relative} --strip-components=1
v04-phase5-warehouse-controlpair-full-vs-nomeas-4x2-8r-20260613T011820Z-claw	rep01/full/campaign/workspaces/054c0c21-2cb9-46ab-be5c-7a4bf118a701	cplex-final-20260426	1015808	bd8bfd8e020be2a51d1268070870c7ee2ff6b2ce	surrogate/cplex-final-20260426	b992f1c84218d64eee1586a0dd33e47569195cac060659bc3fa7231b098fd29f	git -C {repo} archive {git_commit} {git_source} | tar -x -C {experiment_root}/{root}/{parent_relative} --strip-components=1
v04-phase5-warehouse-controlpair-full-vs-nomeas-4x2-8r-20260613T011820Z-claw	rep01/full/campaign/workspaces/054c0c21-2cb9-46ab-be5c-7a4bf118a701	sprint-f4-milp-results	466944	bd8bfd8e020be2a51d1268070870c7ee2ff6b2ce	surrogate/sprint-f4-milp-results	2a65d92d3876b297da8a70c215e29c02beb12888a6b0cf5782d5b959139ef521	git -C {repo} archive {git_commit} {git_source} | tar -x -C {experiment_root}/{root}/{parent_relative} --strip-components=1
v04-phase5-warehouse-controlpair-full-vs-nomeas-4x2-8r-20260613T011820Z-claw	rep01/full/campaign/workspaces/054c0c21-2cb9-46ab-be5c-7a4bf118a701	tests	372736	bd8bfd8e020be2a51d1268070870c7ee2ff6b2ce	surrogate/tests	6421b91de97dcff6251ebfc4a2c6fac826b3bf9e622f0f3a9a3b51adcbb561a5	git -C {repo} archive {git_commit} {git_source} | tar -x -C {experiment_root}/{root}/{parent_relative} --strip-components=1
v04-phase5-warehouse-controlpair-full-vs-nomeas-4x2-8r-20260613T011820Z-claw	rep01/full/campaign/workspaces/054c0c21-2cb9-46ab-be5c-7a4bf118a701	milp_bounds	327680	bd8bfd8e020be2a51d1268070870c7ee2ff6b2ce	surrogate/milp_bounds	c127bcd8e5778b4909edd75c31b2df601f40f512065c23108337dfbaaa1c6808	git -C {repo} archive {git_commit} {git_source} | tar -x -C {experiment_root}/{root}/{parent_relative} --strip-components=1
v04-phase5-warehouse-controlpair-full-vs-nomeas-4x2-8r-20260613T011820Z-claw	rep01/full/campaign/workspaces/054c0c21-2cb9-46ab-be5c-7a4bf118a701	calibration	8192	bd8bfd8e020be2a51d1268070870c7ee2ff6b2ce	surrogate/calibration	3c7648f54a6456a5824cc7f18140d3b28226300a12bf3bb4196cde86d8453016	git -C {repo} archive {git_commit} {git_source} | tar -x -C {experiment_root}/{root}/{parent_relative} --strip-components=1
v04-phase5-warehouse-controlpair-full-vs-nomeas-4x2-8r-20260613T011820Z-claw	rep01/full/campaign/workspaces/054c0c21-2cb9-46ab-be5c-7a4bf118a701.checkpoint.14e39c8d	data	9715712	bd8bfd8e020be2a51d1268070870c7ee2ff6b2ce	surrogate/data	e39d71899d6b96e6280b4ad0d8207960c6a393f0e0d6e35b5ad77e854d361ea3	git -C {repo} archive {git_commit} {git_source} | tar -x -C {experiment_root}/{root}/{parent_relative} --strip-components=1
v04-phase5-warehouse-controlpair-full-vs-nomeas-4x2-8r-20260613T011820Z-claw	rep01/full/campaign/workspaces/054c0c21-2cb9-46ab-be5c-7a4bf118a701.checkpoint.14e39c8d	cplex-final-20260426	1015808	bd8bfd8e020be2a51d1268070870c7ee2ff6b2ce	surrogate/cplex-final-20260426	b992f1c84218d64eee1586a0dd33e47569195cac060659bc3fa7231b098fd29f	git -C {repo} archive {git_commit} {git_source} | tar -x -C {experiment_root}/{root}/{parent_relative} --strip-components=1
v04-phase5-warehouse-controlpair-full-vs-nomeas-4x2-8r-20260613T011820Z-claw	rep01/full/campaign/workspaces/054c0c21-2cb9-46ab-be5c-7a4bf118a701.checkpoint.14e39c8d	sprint-f4-milp-results	466944	bd8bfd8e020be2a51d1268070870c7ee2ff6b2ce	surrogate/sprint-f4-milp-results	2a65d92d3876b297da8a70c215e29c02beb12888a6b0cf5782d5b959139ef521	git -C {repo} archive {git_commit} {git_source} | tar -x -C {experiment_root}/{root}/{parent_relative} --strip-components=1
v04-phase5-warehouse-controlpair-full-vs-nomeas-4x2-8r-20260613T011820Z-claw	rep01/full/campaign/workspaces/054c0c21-2cb9-46ab-be5c-7a4bf118a701.checkpoint.14e39c8d	tests	372736	bd8bfd8e020be2a51d1268070870c7ee2ff6b2ce	surrogate/tests	6421b91de97dcff6251ebfc4a2c6fac826b3bf9e622f0f3a9a3b51adcbb561a5	git -C {repo} archive {git_commit} {git_source} | tar -x -C {experiment_root}/{root}/{parent_relative} --strip-components=1
v04-phase5-warehouse-controlpair-full-vs-nomeas-4x2-8r-20260613T011820Z-claw	rep01/full/campaign/workspaces/054c0c21-2cb9-46ab-be5c-7a4bf118a701.checkpoint.14e39c8d	milp_bounds	327680	bd8bfd8e020be2a51d1268070870c7ee2ff6b2ce	surrogate/milp_bounds	c127bcd8e5778b4909edd75c31b2df601f40f512065c23108337dfbaaa1c6808	git -C {repo} archive {git_commit} {git_source} | tar -x -C {experiment_root}/{root}/{parent_relative} --strip-components=1
v04-phase5-warehouse-controlpair-full-vs-nomeas-4x2-8r-20260613T011820Z-claw	rep01/full/campaign/workspaces/054c0c21-2cb9-46ab-be5c-7a4bf118a701.checkpoint.14e39c8d	calibration	8192	bd8bfd8e020be2a51d1268070870c7ee2ff6b2ce	surrogate/calibration	3c7648f54a6456a5824cc7f18140d3b28226300a12bf3bb4196cde86d8453016	git -C {repo} archive {git_commit} {git_source} | tar -x -C {experiment_root}/{root}/{parent_relative} --strip-components=1
v04-phase5-warehouse-controlpair-full-vs-nomeas-4x2-8r-20260613T011820Z-claw	rep01/full/campaign/workspaces/054c0c21-2cb9-46ab-be5c-7a4bf118a701.checkpoint.f5a741b6	data	9715712	bd8bfd8e020be2a51d1268070870c7ee2ff6b2ce	surrogate/data	e39d71899d6b96e6280b4ad0d8207960c6a393f0e0d6e35b5ad77e854d361ea3	git -C {repo} archive {git_commit} {git_source} | tar -x -C {experiment_root}/{root}/{parent_relative} --strip-components=1
v04-phase5-warehouse-controlpair-full-vs-nomeas-4x2-8r-20260613T011820Z-claw	rep01/full/campaign/workspaces/054c0c21-2cb9-46ab-be5c-7a4bf118a701.checkpoint.f5a741b6	cplex-final-20260426	1015808	bd8bfd8e020be2a51d1268070870c7ee2ff6b2ce	surrogate/cplex-final-20260426	b992f1c84218d64eee1586a0dd33e47569195cac060659bc3fa7231b098fd29f	git -C {repo} archive {git_commit} {git_source} | tar -x -C {experiment_root}/{root}/{parent_relative} --strip-components=1
v04-phase5-warehouse-controlpair-full-vs-nomeas-4x2-8r-20260613T011820Z-claw	rep01/full/campaign/workspaces/054c0c21-2cb9-46ab-be5c-7a4bf118a701.checkpoint.f5a741b6	sprint-f4-milp-results	466944	bd8bfd8e020be2a51d1268070870c7ee2ff6b2ce	surrogate/sprint-f4-milp-results	2a65d92d3876b297da8a70c215e29c02beb12888a6b0cf5782d5b959139ef521	git -C {repo} archive {git_commit} {git_source} | tar -x -C {experiment_root}/{root}/{parent_relative} --strip-components=1
v04-phase5-warehouse-controlpair-full-vs-nomeas-4x2-8r-20260613T011820Z-claw	rep01/full/campaign/workspaces/054c0c21-2cb9-46ab-be5c-7a4bf118a701.checkpoint.f5a741b6	tests	372736	bd8bfd8e020be2a51d1268070870c7ee2ff6b2ce	surrogate/tests	6421b91de97dcff6251ebfc4a2c6fac826b3bf9e622f0f3a9a3b51adcbb561a5	git -C {repo} archive {git_commit} {git_source} | tar -x -C {experiment_root}/{root}/{parent_relative} --strip-components=1
v04-phase5-warehouse-controlpair-full-vs-nomeas-4x2-8r-20260613T011820Z-claw	rep01/full/campaign/workspaces/054c0c21-2cb9-46ab-be5c-7a4bf118a701.checkpoint.f5a741b6	milp_bounds	327680	bd8bfd8e020be2a51d1268070870c7ee2ff6b2ce	surrogate/milp_bounds	c127bcd8e5778b4909edd75c31b2df601f40f512065c23108337dfbaaa1c6808	git -C {repo} archive {git_commit} {git_source} | tar -x -C {experiment_root}/{root}/{parent_relative} --strip-components=1
v04-phase5-warehouse-controlpair-full-vs-nomeas-4x2-8r-20260613T011820Z-claw	rep01/full/campaign/workspaces/054c0c21-2cb9-46ab-be5c-7a4bf118a701.checkpoint.f5a741b6	calibration	8192	bd8bfd8e020be2a51d1268070870c7ee2ff6b2ce	surrogate/calibration	3c7648f54a6456a5824cc7f18140d3b28226300a12bf3bb4196cde86d8453016	git -C {repo} archive {git_commit} {git_source} | tar -x -C {experiment_root}/{root}/{parent_relative} --strip-components=1
v04-phase5-warehouse-controlpair-full-vs-nomeas-4x2-8r-20260613T011820Z-claw	rep01/full/campaign/workspaces/3d87110d-5df4-49e3-b57f-7fc7e47006b5.checkpoint.3ac0db0b	data	9715712	bd8bfd8e020be2a51d1268070870c7ee2ff6b2ce	surrogate/data	e39d71899d6b96e6280b4ad0d8207960c6a393f0e0d6e35b5ad77e854d361ea3	git -C {repo} archive {git_commit} {git_source} | tar -x -C {experiment_root}/{root}/{parent_relative} --strip-components=1
v04-phase5-warehouse-controlpair-full-vs-nomeas-4x2-8r-20260613T011820Z-claw	rep01/full/campaign/workspaces/3d87110d-5df4-49e3-b57f-7fc7e47006b5.checkpoint.3ac0db0b	cplex-final-20260426	1015808	bd8bfd8e020be2a51d1268070870c7ee2ff6b2ce	surrogate/cplex-final-20260426	b992f1c84218d64eee1586a0dd33e47569195cac060659bc3fa7231b098fd29f	git -C {repo} archive {git_commit} {git_source} | tar -x -C {experiment_root}/{root}/{parent_relative} --strip-components=1
v04-phase5-warehouse-controlpair-full-vs-nomeas-4x2-8r-20260613T011820Z-claw	rep01/full/campaign/workspaces/3d87110d-5df4-49e3-b57f-7fc7e47006b5.checkpoint.3ac0db0b	sprint-f4-milp-results	466944	bd8bfd8e020be2a51d1268070870c7ee2ff6b2ce	surrogate/sprint-f4-milp-results	2a65d92d3876b297da8a70c215e29c02beb12888a6b0cf5782d5b959139ef521	git -C {repo} archive {git_commit} {git_source} | tar -x -C {experiment_root}/{root}/{parent_relative} --strip-components=1
v04-phase5-warehouse-controlpair-full-vs-nomeas-4x2-8r-20260613T011820Z-claw	rep01/full/campaign/workspaces/3d87110d-5df4-49e3-b57f-7fc7e47006b5.checkpoint.3ac0db0b	tests	372736	bd8bfd8e020be2a51d1268070870c7ee2ff6b2ce	surrogate/tests	6421b91de97dcff6251ebfc4a2c6fac826b3bf9e622f0f3a9a3b51adcbb561a5	git -C {repo} archive {git_commit} {git_source} | tar -x -C {experiment_root}/{root}/{parent_relative} --strip-components=1
v04-phase5-warehouse-controlpair-full-vs-nomeas-4x2-8r-20260613T011820Z-claw	rep01/full/campaign/workspaces/3d87110d-5df4-49e3-b57f-7fc7e47006b5.checkpoint.3ac0db0b	milp_bounds	327680	bd8bfd8e020be2a51d1268070870c7ee2ff6b2ce	surrogate/milp_bounds	c127bcd8e5778b4909edd75c31b2df601f40f512065c23108337dfbaaa1c6808	git -C {repo} archive {git_commit} {git_source} | tar -x -C {experiment_root}/{root}/{parent_relative} --strip-components=1
v04-phase5-warehouse-controlpair-full-vs-nomeas-4x2-8r-20260613T011820Z-claw	rep01/full/campaign/workspaces/3d87110d-5df4-49e3-b57f-7fc7e47006b5.checkpoint.3ac0db0b	calibration	8192	bd8bfd8e020be2a51d1268070870c7ee2ff6b2ce	surrogate/calibration	3c7648f54a6456a5824cc7f18140d3b28226300a12bf3bb4196cde86d8453016	git -C {repo} archive {git_commit} {git_source} | tar -x -C {experiment_root}/{root}/{parent_relative} --strip-components=1
v04-phase5-warehouse-controlpair-full-vs-nomeas-4x2-8r-20260613T011820Z-claw	rep01/full/campaign/workspaces/3d87110d-5df4-49e3-b57f-7fc7e47006b5.checkpoint.b31ec5d2	data	9715712	bd8bfd8e020be2a51d1268070870c7ee2ff6b2ce	surrogate/data	e39d71899d6b96e6280b4ad0d8207960c6a393f0e0d6e35b5ad77e854d361ea3	git -C {repo} archive {git_commit} {git_source} | tar -x -C {experiment_root}/{root}/{parent_relative} --strip-components=1
v04-phase5-warehouse-controlpair-full-vs-nomeas-4x2-8r-20260613T011820Z-claw	rep01/full/campaign/workspaces/3d87110d-5df4-49e3-b57f-7fc7e47006b5.checkpoint.b31ec5d2	cplex-final-20260426	1015808	bd8bfd8e020be2a51d1268070870c7ee2ff6b2ce	surrogate/cplex-final-20260426	b992f1c84218d64eee1586a0dd33e47569195cac060659bc3fa7231b098fd29f	git -C {repo} archive {git_commit} {git_source} | tar -x -C {experiment_root}/{root}/{parent_relative} --strip-components=1
v04-phase5-warehouse-controlpair-full-vs-nomeas-4x2-8r-20260613T011820Z-claw	rep01/full/campaign/workspaces/3d87110d-5df4-49e3-b57f-7fc7e47006b5.checkpoint.b31ec5d2	sprint-f4-milp-results	466944	bd8bfd8e020be2a51d1268070870c7ee2ff6b2ce	surrogate/sprint-f4-milp-results	2a65d92d3876b297da8a70c215e29c02beb12888a6b0cf5782d5b959139ef521	git -C {repo} archive {git_commit} {git_source} | tar -x -C {experiment_root}/{root}/{parent_relative} --strip-components=1
v04-phase5-warehouse-controlpair-full-vs-nomeas-4x2-8r-20260613T011820Z-claw	rep01/full/campaign/workspaces/3d87110d-5df4-49e3-b57f-7fc7e47006b5.checkpoint.b31ec5d2	tests	372736	bd8bfd8e020be2a51d1268070870c7ee2ff6b2ce	surrogate/tests	6421b91de97dcff6251ebfc4a2c6fac826b3bf9e622f0f3a9a3b51adcbb561a5	git -C {repo} archive {git_commit} {git_source} | tar -x -C {experiment_root}/{root}/{parent_relative} --strip-components=1
v04-phase5-warehouse-controlpair-full-vs-nomeas-4x2-8r-20260613T011820Z-claw	rep01/full/campaign/workspaces/3d87110d-5df4-49e3-b57f-7fc7e47006b5.checkpoint.b31ec5d2	milp_bounds	327680	bd8bfd8e020be2a51d1268070870c7ee2ff6b2ce	surrogate/milp_bounds	c127bcd8e5778b4909edd75c31b2df601f40f512065c23108337dfbaaa1c6808	git -C {repo} archive {git_commit} {git_source} | tar -x -C {experiment_root}/{root}/{parent_relative} --strip-components=1
v04-phase5-warehouse-controlpair-full-vs-nomeas-4x2-8r-20260613T011820Z-claw	rep01/full/campaign/workspaces/3d87110d-5df4-49e3-b57f-7fc7e47006b5.checkpoint.b31ec5d2	calibration	8192	bd8bfd8e020be2a51d1268070870c7ee2ff6b2ce	surrogate/calibration	3c7648f54a6456a5824cc7f18140d3b28226300a12bf3bb4196cde86d8453016	git -C {repo} archive {git_commit} {git_source} | tar -x -C {experiment_root}/{root}/{parent_relative} --strip-components=1
v04-phase5-warehouse-controlpair-full-vs-nomeas-4x2-8r-20260613T011820Z-claw	rep01/full/campaign/workspaces/ed67ac69-df1e-405e-9e6c-b044e8f287e1	data	9715712	bd8bfd8e020be2a51d1268070870c7ee2ff6b2ce	surrogate/data	e39d71899d6b96e6280b4ad0d8207960c6a393f0e0d6e35b5ad77e854d361ea3	git -C {repo} archive {git_commit} {git_source} | tar -x -C {experiment_root}/{root}/{parent_relative} --strip-components=1
v04-phase5-warehouse-controlpair-full-vs-nomeas-4x2-8r-20260613T011820Z-claw	rep01/full/campaign/workspaces/ed67ac69-df1e-405e-9e6c-b044e8f287e1	cplex-final-20260426	1015808	bd8bfd8e020be2a51d1268070870c7ee2ff6b2ce	surrogate/cplex-final-20260426	b992f1c84218d64eee1586a0dd33e47569195cac060659bc3fa7231b098fd29f	git -C {repo} archive {git_commit} {git_source} | tar -x -C {experiment_root}/{root}/{parent_relative} --strip-components=1
v04-phase5-warehouse-controlpair-full-vs-nomeas-4x2-8r-20260613T011820Z-claw	rep01/full/campaign/workspaces/ed67ac69-df1e-405e-9e6c-b044e8f287e1	sprint-f4-milp-results	466944	bd8bfd8e020be2a51d1268070870c7ee2ff6b2ce	surrogate/sprint-f4-milp-results	2a65d92d3876b297da8a70c215e29c02beb12888a6b0cf5782d5b959139ef521	git -C {repo} archive {git_commit} {git_source} | tar -x -C {experiment_root}/{root}/{parent_relative} --strip-components=1
v04-phase5-warehouse-controlpair-full-vs-nomeas-4x2-8r-20260613T011820Z-claw	rep01/full/campaign/workspaces/ed67ac69-df1e-405e-9e6c-b044e8f287e1	tests	372736	bd8bfd8e020be2a51d1268070870c7ee2ff6b2ce	surrogate/tests	6421b91de97dcff6251ebfc4a2c6fac826b3bf9e622f0f3a9a3b51adcbb561a5	git -C {repo} archive {git_commit} {git_source} | tar -x -C {experiment_root}/{root}/{parent_relative} --strip-components=1
v04-phase5-warehouse-controlpair-full-vs-nomeas-4x2-8r-20260613T011820Z-claw	rep01/full/campaign/workspaces/ed67ac69-df1e-405e-9e6c-b044e8f287e1	milp_bounds	327680	bd8bfd8e020be2a51d1268070870c7ee2ff6b2ce	surrogate/milp_bounds	c127bcd8e5778b4909edd75c31b2df601f40f512065c23108337dfbaaa1c6808	git -C {repo} archive {git_commit} {git_source} | tar -x -C {experiment_root}/{root}/{parent_relative} --strip-components=1
v04-phase5-warehouse-controlpair-full-vs-nomeas-4x2-8r-20260613T011820Z-claw	rep01/full/campaign/workspaces/ed67ac69-df1e-405e-9e6c-b044e8f287e1	calibration	8192	bd8bfd8e020be2a51d1268070870c7ee2ff6b2ce	surrogate/calibration	3c7648f54a6456a5824cc7f18140d3b28226300a12bf3bb4196cde86d8453016	git -C {repo} archive {git_commit} {git_source} | tar -x -C {experiment_root}/{root}/{parent_relative} --strip-components=1
v04-phase5-warehouse-controlpair-full-vs-nomeas-4x2-8r-20260613T011820Z-claw	rep01/full/campaign/workspaces/ed67ac69-df1e-405e-9e6c-b044e8f287e1.checkpoint.8f26ea9f	data	9715712	bd8bfd8e020be2a51d1268070870c7ee2ff6b2ce	surrogate/data	e39d71899d6b96e6280b4ad0d8207960c6a393f0e0d6e35b5ad77e854d361ea3	git -C {repo} archive {git_commit} {git_source} | tar -x -C {experiment_root}/{root}/{parent_relative} --strip-components=1
v04-phase5-warehouse-controlpair-full-vs-nomeas-4x2-8r-20260613T011820Z-claw	rep01/full/campaign/workspaces/ed67ac69-df1e-405e-9e6c-b044e8f287e1.checkpoint.8f26ea9f	cplex-final-20260426	1015808	bd8bfd8e020be2a51d1268070870c7ee2ff6b2ce	surrogate/cplex-final-20260426	b992f1c84218d64eee1586a0dd33e47569195cac060659bc3fa7231b098fd29f	git -C {repo} archive {git_commit} {git_source} | tar -x -C {experiment_root}/{root}/{parent_relative} --strip-components=1
v04-phase5-warehouse-controlpair-full-vs-nomeas-4x2-8r-20260613T011820Z-claw	rep01/full/campaign/workspaces/ed67ac69-df1e-405e-9e6c-b044e8f287e1.checkpoint.8f26ea9f	sprint-f4-milp-results	466944	bd8bfd8e020be2a51d1268070870c7ee2ff6b2ce	surrogate/sprint-f4-milp-results	2a65d92d3876b297da8a70c215e29c02beb12888a6b0cf5782d5b959139ef521	git -C {repo} archive {git_commit} {git_source} | tar -x -C {experiment_root}/{root}/{parent_relative} --strip-components=1
v04-phase5-warehouse-controlpair-full-vs-nomeas-4x2-8r-20260613T011820Z-claw	rep01/full/campaign/workspaces/ed67ac69-df1e-405e-9e6c-b044e8f287e1.checkpoint.8f26ea9f	tests	372736	bd8bfd8e020be2a51d1268070870c7ee2ff6b2ce	surrogate/tests	6421b91de97dcff6251ebfc4a2c6fac826b3bf9e622f0f3a9a3b51adcbb561a5	git -C {repo} archive {git_commit} {git_source} | tar -x -C {experiment_root}/{root}/{parent_relative} --strip-components=1
v04-phase5-warehouse-controlpair-full-vs-nomeas-4x2-8r-20260613T011820Z-claw	rep01/full/campaign/workspaces/ed67ac69-df1e-405e-9e6c-b044e8f287e1.checkpoint.8f26ea9f	milp_bounds	327680	bd8bfd8e020be2a51d1268070870c7ee2ff6b2ce	surrogate/milp_bounds	c127bcd8e5778b4909edd75c31b2df601f40f512065c23108337dfbaaa1c6808	git -C {repo} archive {git_commit} {git_source} | tar -x -C {experiment_root}/{root}/{parent_relative} --strip-components=1
v04-phase5-warehouse-controlpair-full-vs-nomeas-4x2-8r-20260613T011820Z-claw	rep01/full/campaign/workspaces/ed67ac69-df1e-405e-9e6c-b044e8f287e1.checkpoint.8f26ea9f	calibration	8192	bd8bfd8e020be2a51d1268070870c7ee2ff6b2ce	surrogate/calibration	3c7648f54a6456a5824cc7f18140d3b28226300a12bf3bb4196cde86d8453016	git -C {repo} archive {git_commit} {git_source} | tar -x -C {experiment_root}/{root}/{parent_relative} --strip-components=1
v04-phase5-warehouse-controlpair-full-vs-nomeas-4x2-8r-20260613T011820Z-claw	rep01/full/campaign/workspaces/ed67ac69-df1e-405e-9e6c-b044e8f287e1.checkpoint.a801a3e3	data	9715712	bd8bfd8e020be2a51d1268070870c7ee2ff6b2ce	surrogate/data	e39d71899d6b96e6280b4ad0d8207960c6a393f0e0d6e35b5ad77e854d361ea3	git -C {repo} archive {git_commit} {git_source} | tar -x -C {experiment_root}/{root}/{parent_relative} --strip-components=1
v04-phase5-warehouse-controlpair-full-vs-nomeas-4x2-8r-20260613T011820Z-claw	rep01/full/campaign/workspaces/ed67ac69-df1e-405e-9e6c-b044e8f287e1.checkpoint.a801a3e3	cplex-final-20260426	1015808	bd8bfd8e020be2a51d1268070870c7ee2ff6b2ce	surrogate/cplex-final-20260426	b992f1c84218d64eee1586a0dd33e47569195cac060659bc3fa7231b098fd29f	git -C {repo} archive {git_commit} {git_source} | tar -x -C {experiment_root}/{root}/{parent_relative} --strip-components=1
v04-phase5-warehouse-controlpair-full-vs-nomeas-4x2-8r-20260613T011820Z-claw	rep01/full/campaign/workspaces/ed67ac69-df1e-405e-9e6c-b044e8f287e1.checkpoint.a801a3e3	sprint-f4-milp-results	466944	bd8bfd8e020be2a51d1268070870c7ee2ff6b2ce	surrogate/sprint-f4-milp-results	2a65d92d3876b297da8a70c215e29c02beb12888a6b0cf5782d5b959139ef521	git -C {repo} archive {git_commit} {git_source} | tar -x -C {experiment_root}/{root}/{parent_relative} --strip-components=1
v04-phase5-warehouse-controlpair-full-vs-nomeas-4x2-8r-20260613T011820Z-claw	rep01/full/campaign/workspaces/ed67ac69-df1e-405e-9e6c-b044e8f287e1.checkpoint.a801a3e3	tests	372736	bd8bfd8e020be2a51d1268070870c7ee2ff6b2ce	surrogate/tests	6421b91de97dcff6251ebfc4a2c6fac826b3bf9e622f0f3a9a3b51adcbb561a5	git -C {repo} archive {git_commit} {git_source} | tar -x -C {experiment_root}/{root}/{parent_relative} --strip-components=1
v04-phase5-warehouse-controlpair-full-vs-nomeas-4x2-8r-20260613T011820Z-claw	rep01/full/campaign/workspaces/ed67ac69-df1e-405e-9e6c-b044e8f287e1.checkpoint.a801a3e3	milp_bounds	327680	bd8bfd8e020be2a51d1268070870c7ee2ff6b2ce	surrogate/milp_bounds	c127bcd8e5778b4909edd75c31b2df601f40f512065c23108337dfbaaa1c6808	git -C {repo} archive {git_commit} {git_source} | tar -x -C {experiment_root}/{root}/{parent_relative} --strip-components=1
v04-phase5-warehouse-controlpair-full-vs-nomeas-4x2-8r-20260613T011820Z-claw	rep01/full/campaign/workspaces/ed67ac69-df1e-405e-9e6c-b044e8f287e1.checkpoint.a801a3e3	calibration	8192	bd8bfd8e020be2a51d1268070870c7ee2ff6b2ce	surrogate/calibration	3c7648f54a6456a5824cc7f18140d3b28226300a12bf3bb4196cde86d8453016	git -C {repo} archive {git_commit} {git_source} | tar -x -C {experiment_root}/{root}/{parent_relative} --strip-components=1
v04-phase5-warehouse-controlpair-full-vs-nomeas-4x2-8r-20260613T011820Z-claw	rep01/no-measurement-diagnostics/campaign/champions/champion_v1	data	9715712	bd8bfd8e020be2a51d1268070870c7ee2ff6b2ce	surrogate/data	e39d71899d6b96e6280b4ad0d8207960c6a393f0e0d6e35b5ad77e854d361ea3	git -C {repo} archive {git_commit} {git_source} | tar -x -C {experiment_root}/{root}/{parent_relative} --strip-components=1
v04-phase5-warehouse-controlpair-full-vs-nomeas-4x2-8r-20260613T011820Z-claw	rep01/no-measurement-diagnostics/campaign/champions/champion_v1	cplex-final-20260426	1015808	bd8bfd8e020be2a51d1268070870c7ee2ff6b2ce	surrogate/cplex-final-20260426	b992f1c84218d64eee1586a0dd33e47569195cac060659bc3fa7231b098fd29f	git -C {repo} archive {git_commit} {git_source} | tar -x -C {experiment_root}/{root}/{parent_relative} --strip-components=1
v04-phase5-warehouse-controlpair-full-vs-nomeas-4x2-8r-20260613T011820Z-claw	rep01/no-measurement-diagnostics/campaign/champions/champion_v1	sprint-f4-milp-results	466944	bd8bfd8e020be2a51d1268070870c7ee2ff6b2ce	surrogate/sprint-f4-milp-results	2a65d92d3876b297da8a70c215e29c02beb12888a6b0cf5782d5b959139ef521	git -C {repo} archive {git_commit} {git_source} | tar -x -C {experiment_root}/{root}/{parent_relative} --strip-components=1
v04-phase5-warehouse-controlpair-full-vs-nomeas-4x2-8r-20260613T011820Z-claw	rep01/no-measurement-diagnostics/campaign/champions/champion_v1	tests	372736	bd8bfd8e020be2a51d1268070870c7ee2ff6b2ce	surrogate/tests	6421b91de97dcff6251ebfc4a2c6fac826b3bf9e622f0f3a9a3b51adcbb561a5	git -C {repo} archive {git_commit} {git_source} | tar -x -C {experiment_root}/{root}/{parent_relative} --strip-components=1
v04-phase5-warehouse-controlpair-full-vs-nomeas-4x2-8r-20260613T011820Z-claw	rep01/no-measurement-diagnostics/campaign/champions/champion_v1	milp_bounds	327680	bd8bfd8e020be2a51d1268070870c7ee2ff6b2ce	surrogate/milp_bounds	c127bcd8e5778b4909edd75c31b2df601f40f512065c23108337dfbaaa1c6808	git -C {repo} archive {git_commit} {git_source} | tar -x -C {experiment_root}/{root}/{parent_relative} --strip-components=1
v04-phase5-warehouse-controlpair-full-vs-nomeas-4x2-8r-20260613T011820Z-claw	rep01/no-measurement-diagnostics/campaign/champions/champion_v1	calibration	8192	bd8bfd8e020be2a51d1268070870c7ee2ff6b2ce	surrogate/calibration	3c7648f54a6456a5824cc7f18140d3b28226300a12bf3bb4196cde86d8453016	git -C {repo} archive {git_commit} {git_source} | tar -x -C {experiment_root}/{root}/{parent_relative} --strip-components=1
v04-phase5-warehouse-controlpair-full-vs-nomeas-4x2-8r-20260613T011820Z-claw	rep01/no-measurement-diagnostics/campaign/champions/champion_v2	data	9715712	bd8bfd8e020be2a51d1268070870c7ee2ff6b2ce	surrogate/data	e39d71899d6b96e6280b4ad0d8207960c6a393f0e0d6e35b5ad77e854d361ea3	git -C {repo} archive {git_commit} {git_source} | tar -x -C {experiment_root}/{root}/{parent_relative} --strip-components=1
v04-phase5-warehouse-controlpair-full-vs-nomeas-4x2-8r-20260613T011820Z-claw	rep01/no-measurement-diagnostics/campaign/champions/champion_v2	cplex-final-20260426	1015808	bd8bfd8e020be2a51d1268070870c7ee2ff6b2ce	surrogate/cplex-final-20260426	b992f1c84218d64eee1586a0dd33e47569195cac060659bc3fa7231b098fd29f	git -C {repo} archive {git_commit} {git_source} | tar -x -C {experiment_root}/{root}/{parent_relative} --strip-components=1
v04-phase5-warehouse-controlpair-full-vs-nomeas-4x2-8r-20260613T011820Z-claw	rep01/no-measurement-diagnostics/campaign/champions/champion_v2	sprint-f4-milp-results	466944	bd8bfd8e020be2a51d1268070870c7ee2ff6b2ce	surrogate/sprint-f4-milp-results	2a65d92d3876b297da8a70c215e29c02beb12888a6b0cf5782d5b959139ef521	git -C {repo} archive {git_commit} {git_source} | tar -x -C {experiment_root}/{root}/{parent_relative} --strip-components=1
v04-phase5-warehouse-controlpair-full-vs-nomeas-4x2-8r-20260613T011820Z-claw	rep01/no-measurement-diagnostics/campaign/champions/champion_v2	tests	372736	bd8bfd8e020be2a51d1268070870c7ee2ff6b2ce	surrogate/tests	6421b91de97dcff6251ebfc4a2c6fac826b3bf9e622f0f3a9a3b51adcbb561a5	git -C {repo} archive {git_commit} {git_source} | tar -x -C {experiment_root}/{root}/{parent_relative} --strip-components=1
v04-phase5-warehouse-controlpair-full-vs-nomeas-4x2-8r-20260613T011820Z-claw	rep01/no-measurement-diagnostics/campaign/champions/champion_v2	milp_bounds	327680	bd8bfd8e020be2a51d1268070870c7ee2ff6b2ce	surrogate/milp_bounds	c127bcd8e5778b4909edd75c31b2df601f40f512065c23108337dfbaaa1c6808	git -C {repo} archive {git_commit} {git_source} | tar -x -C {experiment_root}/{root}/{parent_relative} --strip-components=1
v04-phase5-warehouse-controlpair-full-vs-nomeas-4x2-8r-20260613T011820Z-claw	rep01/no-measurement-diagnostics/campaign/champions/champion_v2	calibration	8192	bd8bfd8e020be2a51d1268070870c7ee2ff6b2ce	surrogate/calibration	3c7648f54a6456a5824cc7f18140d3b28226300a12bf3bb4196cde86d8453016	git -C {repo} archive {git_commit} {git_source} | tar -x -C {experiment_root}/{root}/{parent_relative} --strip-components=1
v04-phase5-warehouse-controlpair-full-vs-nomeas-4x2-8r-20260613T011820Z-claw	rep01/no-measurement-diagnostics/campaign/weight_opt_v2	data	9715712	bd8bfd8e020be2a51d1268070870c7ee2ff6b2ce	surrogate/data	e39d71899d6b96e6280b4ad0d8207960c6a393f0e0d6e35b5ad77e854d361ea3	git -C {repo} archive {git_commit} {git_source} | tar -x -C {experiment_root}/{root}/{parent_relative} --strip-components=1
v04-phase5-warehouse-controlpair-full-vs-nomeas-4x2-8r-20260613T011820Z-claw	rep01/no-measurement-diagnostics/campaign/weight_opt_v2	cplex-final-20260426	1015808	bd8bfd8e020be2a51d1268070870c7ee2ff6b2ce	surrogate/cplex-final-20260426	b992f1c84218d64eee1586a0dd33e47569195cac060659bc3fa7231b098fd29f	git -C {repo} archive {git_commit} {git_source} | tar -x -C {experiment_root}/{root}/{parent_relative} --strip-components=1
v04-phase5-warehouse-controlpair-full-vs-nomeas-4x2-8r-20260613T011820Z-claw	rep01/no-measurement-diagnostics/campaign/weight_opt_v2	sprint-f4-milp-results	466944	bd8bfd8e020be2a51d1268070870c7ee2ff6b2ce	surrogate/sprint-f4-milp-results	2a65d92d3876b297da8a70c215e29c02beb12888a6b0cf5782d5b959139ef521	git -C {repo} archive {git_commit} {git_source} | tar -x -C {experiment_root}/{root}/{parent_relative} --strip-components=1
v04-phase5-warehouse-controlpair-full-vs-nomeas-4x2-8r-20260613T011820Z-claw	rep01/no-measurement-diagnostics/campaign/weight_opt_v2	tests	372736	bd8bfd8e020be2a51d1268070870c7ee2ff6b2ce	surrogate/tests	6421b91de97dcff6251ebfc4a2c6fac826b3bf9e622f0f3a9a3b51adcbb561a5	git -C {repo} archive {git_commit} {git_source} | tar -x -C {experiment_root}/{root}/{parent_relative} --strip-components=1
v04-phase5-warehouse-controlpair-full-vs-nomeas-4x2-8r-20260613T011820Z-claw	rep01/no-measurement-diagnostics/campaign/weight_opt_v2	milp_bounds	327680	bd8bfd8e020be2a51d1268070870c7ee2ff6b2ce	surrogate/milp_bounds	c127bcd8e5778b4909edd75c31b2df601f40f512065c23108337dfbaaa1c6808	git -C {repo} archive {git_commit} {git_source} | tar -x -C {experiment_root}/{root}/{parent_relative} --strip-components=1
v04-phase5-warehouse-controlpair-full-vs-nomeas-4x2-8r-20260613T011820Z-claw	rep01/no-measurement-diagnostics/campaign/weight_opt_v2	calibration	8192	bd8bfd8e020be2a51d1268070870c7ee2ff6b2ce	surrogate/calibration	3c7648f54a6456a5824cc7f18140d3b28226300a12bf3bb4196cde86d8453016	git -C {repo} archive {git_commit} {git_source} | tar -x -C {experiment_root}/{root}/{parent_relative} --strip-components=1
v04-phase5-warehouse-controlpair-full-vs-nomeas-4x2-8r-20260613T011820Z-claw	rep01/no-measurement-diagnostics/campaign/workspaces/0f22b2cb-f6d4-4979-8d3c-718fa16de427.checkpoint.946f5675	data	9715712	bd8bfd8e020be2a51d1268070870c7ee2ff6b2ce	surrogate/data	e39d71899d6b96e6280b4ad0d8207960c6a393f0e0d6e35b5ad77e854d361ea3	git -C {repo} archive {git_commit} {git_source} | tar -x -C {experiment_root}/{root}/{parent_relative} --strip-components=1
v04-phase5-warehouse-controlpair-full-vs-nomeas-4x2-8r-20260613T011820Z-claw	rep01/no-measurement-diagnostics/campaign/workspaces/0f22b2cb-f6d4-4979-8d3c-718fa16de427.checkpoint.946f5675	cplex-final-20260426	1015808	bd8bfd8e020be2a51d1268070870c7ee2ff6b2ce	surrogate/cplex-final-20260426	b992f1c84218d64eee1586a0dd33e47569195cac060659bc3fa7231b098fd29f	git -C {repo} archive {git_commit} {git_source} | tar -x -C {experiment_root}/{root}/{parent_relative} --strip-components=1
v04-phase5-warehouse-controlpair-full-vs-nomeas-4x2-8r-20260613T011820Z-claw	rep01/no-measurement-diagnostics/campaign/workspaces/0f22b2cb-f6d4-4979-8d3c-718fa16de427.checkpoint.946f5675	sprint-f4-milp-results	466944	bd8bfd8e020be2a51d1268070870c7ee2ff6b2ce	surrogate/sprint-f4-milp-results	2a65d92d3876b297da8a70c215e29c02beb12888a6b0cf5782d5b959139ef521	git -C {repo} archive {git_commit} {git_source} | tar -x -C {experiment_root}/{root}/{parent_relative} --strip-components=1
v04-phase5-warehouse-controlpair-full-vs-nomeas-4x2-8r-20260613T011820Z-claw	rep01/no-measurement-diagnostics/campaign/workspaces/0f22b2cb-f6d4-4979-8d3c-718fa16de427.checkpoint.946f5675	tests	372736	bd8bfd8e020be2a51d1268070870c7ee2ff6b2ce	surrogate/tests	6421b91de97dcff6251ebfc4a2c6fac826b3bf9e622f0f3a9a3b51adcbb561a5	git -C {repo} archive {git_commit} {git_source} | tar -x -C {experiment_root}/{root}/{parent_relative} --strip-components=1
v04-phase5-warehouse-controlpair-full-vs-nomeas-4x2-8r-20260613T011820Z-claw	rep01/no-measurement-diagnostics/campaign/workspaces/0f22b2cb-f6d4-4979-8d3c-718fa16de427.checkpoint.946f5675	milp_bounds	327680	bd8bfd8e020be2a51d1268070870c7ee2ff6b2ce	surrogate/milp_bounds	c127bcd8e5778b4909edd75c31b2df601f40f512065c23108337dfbaaa1c6808	git -C {repo} archive {git_commit} {git_source} | tar -x -C {experiment_root}/{root}/{parent_relative} --strip-components=1
v04-phase5-warehouse-controlpair-full-vs-nomeas-4x2-8r-20260613T011820Z-claw	rep01/no-measurement-diagnostics/campaign/workspaces/0f22b2cb-f6d4-4979-8d3c-718fa16de427.checkpoint.946f5675	calibration	8192	bd8bfd8e020be2a51d1268070870c7ee2ff6b2ce	surrogate/calibration	3c7648f54a6456a5824cc7f18140d3b28226300a12bf3bb4196cde86d8453016	git -C {repo} archive {git_commit} {git_source} | tar -x -C {experiment_root}/{root}/{parent_relative} --strip-components=1
v04-phase5-warehouse-controlpair-full-vs-nomeas-4x2-8r-20260613T011820Z-claw	rep01/no-measurement-diagnostics/campaign/workspaces/92e094d8-7a17-4a59-9d11-115c24f4872a	data	9715712	bd8bfd8e020be2a51d1268070870c7ee2ff6b2ce	surrogate/data	e39d71899d6b96e6280b4ad0d8207960c6a393f0e0d6e35b5ad77e854d361ea3	git -C {repo} archive {git_commit} {git_source} | tar -x -C {experiment_root}/{root}/{parent_relative} --strip-components=1
v04-phase5-warehouse-controlpair-full-vs-nomeas-4x2-8r-20260613T011820Z-claw	rep01/no-measurement-diagnostics/campaign/workspaces/92e094d8-7a17-4a59-9d11-115c24f4872a	cplex-final-20260426	1015808	bd8bfd8e020be2a51d1268070870c7ee2ff6b2ce	surrogate/cplex-final-20260426	b992f1c84218d64eee1586a0dd33e47569195cac060659bc3fa7231b098fd29f	git -C {repo} archive {git_commit} {git_source} | tar -x -C {experiment_root}/{root}/{parent_relative} --strip-components=1
v04-phase5-warehouse-controlpair-full-vs-nomeas-4x2-8r-20260613T011820Z-claw	rep01/no-measurement-diagnostics/campaign/workspaces/92e094d8-7a17-4a59-9d11-115c24f4872a	sprint-f4-milp-results	466944	bd8bfd8e020be2a51d1268070870c7ee2ff6b2ce	surrogate/sprint-f4-milp-results	2a65d92d3876b297da8a70c215e29c02beb12888a6b0cf5782d5b959139ef521	git -C {repo} archive {git_commit} {git_source} | tar -x -C {experiment_root}/{root}/{parent_relative} --strip-components=1
v04-phase5-warehouse-controlpair-full-vs-nomeas-4x2-8r-20260613T011820Z-claw	rep01/no-measurement-diagnostics/campaign/workspaces/92e094d8-7a17-4a59-9d11-115c24f4872a	tests	372736	bd8bfd8e020be2a51d1268070870c7ee2ff6b2ce	surrogate/tests	6421b91de97dcff6251ebfc4a2c6fac826b3bf9e622f0f3a9a3b51adcbb561a5	git -C {repo} archive {git_commit} {git_source} | tar -x -C {experiment_root}/{root}/{parent_relative} --strip-components=1
v04-phase5-warehouse-controlpair-full-vs-nomeas-4x2-8r-20260613T011820Z-claw	rep01/no-measurement-diagnostics/campaign/workspaces/92e094d8-7a17-4a59-9d11-115c24f4872a	milp_bounds	327680	bd8bfd8e020be2a51d1268070870c7ee2ff6b2ce	surrogate/milp_bounds	c127bcd8e5778b4909edd75c31b2df601f40f512065c23108337dfbaaa1c6808	git -C {repo} archive {git_commit} {git_source} | tar -x -C {experiment_root}/{root}/{parent_relative} --strip-components=1
v04-phase5-warehouse-controlpair-full-vs-nomeas-4x2-8r-20260613T011820Z-claw	rep01/no-measurement-diagnostics/campaign/workspaces/92e094d8-7a17-4a59-9d11-115c24f4872a	calibration	8192	bd8bfd8e020be2a51d1268070870c7ee2ff6b2ce	surrogate/calibration	3c7648f54a6456a5824cc7f18140d3b28226300a12bf3bb4196cde86d8453016	git -C {repo} archive {git_commit} {git_source} | tar -x -C {experiment_root}/{root}/{parent_relative} --strip-components=1
v04-phase5-warehouse-controlpair-full-vs-nomeas-4x2-8r-20260613T011820Z-claw	rep02/full/campaign/champions/champion_v1	data	9715712	bd8bfd8e020be2a51d1268070870c7ee2ff6b2ce	surrogate/data	e39d71899d6b96e6280b4ad0d8207960c6a393f0e0d6e35b5ad77e854d361ea3	git -C {repo} archive {git_commit} {git_source} | tar -x -C {experiment_root}/{root}/{parent_relative} --strip-components=1
v04-phase5-warehouse-controlpair-full-vs-nomeas-4x2-8r-20260613T011820Z-claw	rep02/full/campaign/champions/champion_v1	cplex-final-20260426	1015808	bd8bfd8e020be2a51d1268070870c7ee2ff6b2ce	surrogate/cplex-final-20260426	b992f1c84218d64eee1586a0dd33e47569195cac060659bc3fa7231b098fd29f	git -C {repo} archive {git_commit} {git_source} | tar -x -C {experiment_root}/{root}/{parent_relative} --strip-components=1
v04-phase5-warehouse-controlpair-full-vs-nomeas-4x2-8r-20260613T011820Z-claw	rep02/full/campaign/champions/champion_v1	sprint-f4-milp-results	466944	bd8bfd8e020be2a51d1268070870c7ee2ff6b2ce	surrogate/sprint-f4-milp-results	2a65d92d3876b297da8a70c215e29c02beb12888a6b0cf5782d5b959139ef521	git -C {repo} archive {git_commit} {git_source} | tar -x -C {experiment_root}/{root}/{parent_relative} --strip-components=1
v04-phase5-warehouse-controlpair-full-vs-nomeas-4x2-8r-20260613T011820Z-claw	rep02/full/campaign/champions/champion_v1	tests	372736	bd8bfd8e020be2a51d1268070870c7ee2ff6b2ce	surrogate/tests	6421b91de97dcff6251ebfc4a2c6fac826b3bf9e622f0f3a9a3b51adcbb561a5	git -C {repo} archive {git_commit} {git_source} | tar -x -C {experiment_root}/{root}/{parent_relative} --strip-components=1
v04-phase5-warehouse-controlpair-full-vs-nomeas-4x2-8r-20260613T011820Z-claw	rep02/full/campaign/champions/champion_v1	milp_bounds	327680	bd8bfd8e020be2a51d1268070870c7ee2ff6b2ce	surrogate/milp_bounds	c127bcd8e5778b4909edd75c31b2df601f40f512065c23108337dfbaaa1c6808	git -C {repo} archive {git_commit} {git_source} | tar -x -C {experiment_root}/{root}/{parent_relative} --strip-components=1
v04-phase5-warehouse-controlpair-full-vs-nomeas-4x2-8r-20260613T011820Z-claw	rep02/full/campaign/champions/champion_v1	calibration	8192	bd8bfd8e020be2a51d1268070870c7ee2ff6b2ce	surrogate/calibration	3c7648f54a6456a5824cc7f18140d3b28226300a12bf3bb4196cde86d8453016	git -C {repo} archive {git_commit} {git_source} | tar -x -C {experiment_root}/{root}/{parent_relative} --strip-components=1
v04-phase5-warehouse-controlpair-full-vs-nomeas-4x2-8r-20260613T011820Z-claw	rep02/full/campaign/workspaces/4e9c9a05-ff16-4ac9-bdbb-2c12eb4580d9	data	9715712	bd8bfd8e020be2a51d1268070870c7ee2ff6b2ce	surrogate/data	e39d71899d6b96e6280b4ad0d8207960c6a393f0e0d6e35b5ad77e854d361ea3	git -C {repo} archive {git_commit} {git_source} | tar -x -C {experiment_root}/{root}/{parent_relative} --strip-components=1
v04-phase5-warehouse-controlpair-full-vs-nomeas-4x2-8r-20260613T011820Z-claw	rep02/full/campaign/workspaces/4e9c9a05-ff16-4ac9-bdbb-2c12eb4580d9	cplex-final-20260426	1015808	bd8bfd8e020be2a51d1268070870c7ee2ff6b2ce	surrogate/cplex-final-20260426	b992f1c84218d64eee1586a0dd33e47569195cac060659bc3fa7231b098fd29f	git -C {repo} archive {git_commit} {git_source} | tar -x -C {experiment_root}/{root}/{parent_relative} --strip-components=1
v04-phase5-warehouse-controlpair-full-vs-nomeas-4x2-8r-20260613T011820Z-claw	rep02/full/campaign/workspaces/4e9c9a05-ff16-4ac9-bdbb-2c12eb4580d9	sprint-f4-milp-results	466944	bd8bfd8e020be2a51d1268070870c7ee2ff6b2ce	surrogate/sprint-f4-milp-results	2a65d92d3876b297da8a70c215e29c02beb12888a6b0cf5782d5b959139ef521	git -C {repo} archive {git_commit} {git_source} | tar -x -C {experiment_root}/{root}/{parent_relative} --strip-components=1
v04-phase5-warehouse-controlpair-full-vs-nomeas-4x2-8r-20260613T011820Z-claw	rep02/full/campaign/workspaces/4e9c9a05-ff16-4ac9-bdbb-2c12eb4580d9	tests	372736	bd8bfd8e020be2a51d1268070870c7ee2ff6b2ce	surrogate/tests	6421b91de97dcff6251ebfc4a2c6fac826b3bf9e622f0f3a9a3b51adcbb561a5	git -C {repo} archive {git_commit} {git_source} | tar -x -C {experiment_root}/{root}/{parent_relative} --strip-components=1
v04-phase5-warehouse-controlpair-full-vs-nomeas-4x2-8r-20260613T011820Z-claw	rep02/full/campaign/workspaces/4e9c9a05-ff16-4ac9-bdbb-2c12eb4580d9	milp_bounds	327680	bd8bfd8e020be2a51d1268070870c7ee2ff6b2ce	surrogate/milp_bounds	c127bcd8e5778b4909edd75c31b2df601f40f512065c23108337dfbaaa1c6808	git -C {repo} archive {git_commit} {git_source} | tar -x -C {experiment_root}/{root}/{parent_relative} --strip-components=1
v04-phase5-warehouse-controlpair-full-vs-nomeas-4x2-8r-20260613T011820Z-claw	rep02/full/campaign/workspaces/4e9c9a05-ff16-4ac9-bdbb-2c12eb4580d9	calibration	8192	bd8bfd8e020be2a51d1268070870c7ee2ff6b2ce	surrogate/calibration	3c7648f54a6456a5824cc7f18140d3b28226300a12bf3bb4196cde86d8453016	git -C {repo} archive {git_commit} {git_source} | tar -x -C {experiment_root}/{root}/{parent_relative} --strip-components=1
v04-phase5-warehouse-controlpair-full-vs-nomeas-4x2-8r-20260613T011820Z-claw	rep02/full/campaign/workspaces/4e9c9a05-ff16-4ac9-bdbb-2c12eb4580d9.checkpoint.1509084a	data	9715712	bd8bfd8e020be2a51d1268070870c7ee2ff6b2ce	surrogate/data	e39d71899d6b96e6280b4ad0d8207960c6a393f0e0d6e35b5ad77e854d361ea3	git -C {repo} archive {git_commit} {git_source} | tar -x -C {experiment_root}/{root}/{parent_relative} --strip-components=1
v04-phase5-warehouse-controlpair-full-vs-nomeas-4x2-8r-20260613T011820Z-claw	rep02/full/campaign/workspaces/4e9c9a05-ff16-4ac9-bdbb-2c12eb4580d9.checkpoint.1509084a	cplex-final-20260426	1015808	bd8bfd8e020be2a51d1268070870c7ee2ff6b2ce	surrogate/cplex-final-20260426	b992f1c84218d64eee1586a0dd33e47569195cac060659bc3fa7231b098fd29f	git -C {repo} archive {git_commit} {git_source} | tar -x -C {experiment_root}/{root}/{parent_relative} --strip-components=1
v04-phase5-warehouse-controlpair-full-vs-nomeas-4x2-8r-20260613T011820Z-claw	rep02/full/campaign/workspaces/4e9c9a05-ff16-4ac9-bdbb-2c12eb4580d9.checkpoint.1509084a	sprint-f4-milp-results	466944	bd8bfd8e020be2a51d1268070870c7ee2ff6b2ce	surrogate/sprint-f4-milp-results	2a65d92d3876b297da8a70c215e29c02beb12888a6b0cf5782d5b959139ef521	git -C {repo} archive {git_commit} {git_source} | tar -x -C {experiment_root}/{root}/{parent_relative} --strip-components=1
v04-phase5-warehouse-controlpair-full-vs-nomeas-4x2-8r-20260613T011820Z-claw	rep02/full/campaign/workspaces/4e9c9a05-ff16-4ac9-bdbb-2c12eb4580d9.checkpoint.1509084a	tests	372736	bd8bfd8e020be2a51d1268070870c7ee2ff6b2ce	surrogate/tests	6421b91de97dcff6251ebfc4a2c6fac826b3bf9e622f0f3a9a3b51adcbb561a5	git -C {repo} archive {git_commit} {git_source} | tar -x -C {experiment_root}/{root}/{parent_relative} --strip-components=1
v04-phase5-warehouse-controlpair-full-vs-nomeas-4x2-8r-20260613T011820Z-claw	rep02/full/campaign/workspaces/4e9c9a05-ff16-4ac9-bdbb-2c12eb4580d9.checkpoint.1509084a	milp_bounds	327680	bd8bfd8e020be2a51d1268070870c7ee2ff6b2ce	surrogate/milp_bounds	c127bcd8e5778b4909edd75c31b2df601f40f512065c23108337dfbaaa1c6808	git -C {repo} archive {git_commit} {git_source} | tar -x -C {experiment_root}/{root}/{parent_relative} --strip-components=1
v04-phase5-warehouse-controlpair-full-vs-nomeas-4x2-8r-20260613T011820Z-claw	rep02/full/campaign/workspaces/4e9c9a05-ff16-4ac9-bdbb-2c12eb4580d9.checkpoint.1509084a	calibration	8192	bd8bfd8e020be2a51d1268070870c7ee2ff6b2ce	surrogate/calibration	3c7648f54a6456a5824cc7f18140d3b28226300a12bf3bb4196cde86d8453016	git -C {repo} archive {git_commit} {git_source} | tar -x -C {experiment_root}/{root}/{parent_relative} --strip-components=1
v04-phase5-warehouse-controlpair-full-vs-nomeas-4x2-8r-20260613T011820Z-claw	rep02/full/campaign/workspaces/4e9c9a05-ff16-4ac9-bdbb-2c12eb4580d9.checkpoint.ceb20f14	data	9715712	bd8bfd8e020be2a51d1268070870c7ee2ff6b2ce	surrogate/data	e39d71899d6b96e6280b4ad0d8207960c6a393f0e0d6e35b5ad77e854d361ea3	git -C {repo} archive {git_commit} {git_source} | tar -x -C {experiment_root}/{root}/{parent_relative} --strip-components=1
v04-phase5-warehouse-controlpair-full-vs-nomeas-4x2-8r-20260613T011820Z-claw	rep02/full/campaign/workspaces/4e9c9a05-ff16-4ac9-bdbb-2c12eb4580d9.checkpoint.ceb20f14	cplex-final-20260426	1015808	bd8bfd8e020be2a51d1268070870c7ee2ff6b2ce	surrogate/cplex-final-20260426	b992f1c84218d64eee1586a0dd33e47569195cac060659bc3fa7231b098fd29f	git -C {repo} archive {git_commit} {git_source} | tar -x -C {experiment_root}/{root}/{parent_relative} --strip-components=1
v04-phase5-warehouse-controlpair-full-vs-nomeas-4x2-8r-20260613T011820Z-claw	rep02/full/campaign/workspaces/4e9c9a05-ff16-4ac9-bdbb-2c12eb4580d9.checkpoint.ceb20f14	sprint-f4-milp-results	466944	bd8bfd8e020be2a51d1268070870c7ee2ff6b2ce	surrogate/sprint-f4-milp-results	2a65d92d3876b297da8a70c215e29c02beb12888a6b0cf5782d5b959139ef521	git -C {repo} archive {git_commit} {git_source} | tar -x -C {experiment_root}/{root}/{parent_relative} --strip-components=1
v04-phase5-warehouse-controlpair-full-vs-nomeas-4x2-8r-20260613T011820Z-claw	rep02/full/campaign/workspaces/4e9c9a05-ff16-4ac9-bdbb-2c12eb4580d9.checkpoint.ceb20f14	tests	372736	bd8bfd8e020be2a51d1268070870c7ee2ff6b2ce	surrogate/tests	6421b91de97dcff6251ebfc4a2c6fac826b3bf9e622f0f3a9a3b51adcbb561a5	git -C {repo} archive {git_commit} {git_source} | tar -x -C {experiment_root}/{root}/{parent_relative} --strip-components=1
v04-phase5-warehouse-controlpair-full-vs-nomeas-4x2-8r-20260613T011820Z-claw	rep02/full/campaign/workspaces/4e9c9a05-ff16-4ac9-bdbb-2c12eb4580d9.checkpoint.ceb20f14	milp_bounds	327680	bd8bfd8e020be2a51d1268070870c7ee2ff6b2ce	surrogate/milp_bounds	c127bcd8e5778b4909edd75c31b2df601f40f512065c23108337dfbaaa1c6808	git -C {repo} archive {git_commit} {git_source} | tar -x -C {experiment_root}/{root}/{parent_relative} --strip-components=1
v04-phase5-warehouse-controlpair-full-vs-nomeas-4x2-8r-20260613T011820Z-claw	rep02/full/campaign/workspaces/4e9c9a05-ff16-4ac9-bdbb-2c12eb4580d9.checkpoint.ceb20f14	calibration	8192	bd8bfd8e020be2a51d1268070870c7ee2ff6b2ce	surrogate/calibration	3c7648f54a6456a5824cc7f18140d3b28226300a12bf3bb4196cde86d8453016	git -C {repo} archive {git_commit} {git_source} | tar -x -C {experiment_root}/{root}/{parent_relative} --strip-components=1
v04-phase5-warehouse-controlpair-full-vs-nomeas-4x2-8r-20260613T011820Z-claw	rep02/full/campaign/workspaces/9119c7ff-fe97-4d81-b8f2-b05e8b594d47	data	9715712	bd8bfd8e020be2a51d1268070870c7ee2ff6b2ce	surrogate/data	e39d71899d6b96e6280b4ad0d8207960c6a393f0e0d6e35b5ad77e854d361ea3	git -C {repo} archive {git_commit} {git_source} | tar -x -C {experiment_root}/{root}/{parent_relative} --strip-components=1
v04-phase5-warehouse-controlpair-full-vs-nomeas-4x2-8r-20260613T011820Z-claw	rep02/full/campaign/workspaces/9119c7ff-fe97-4d81-b8f2-b05e8b594d47	cplex-final-20260426	1015808	bd8bfd8e020be2a51d1268070870c7ee2ff6b2ce	surrogate/cplex-final-20260426	b992f1c84218d64eee1586a0dd33e47569195cac060659bc3fa7231b098fd29f	git -C {repo} archive {git_commit} {git_source} | tar -x -C {experiment_root}/{root}/{parent_relative} --strip-components=1
v04-phase5-warehouse-controlpair-full-vs-nomeas-4x2-8r-20260613T011820Z-claw	rep02/full/campaign/workspaces/9119c7ff-fe97-4d81-b8f2-b05e8b594d47	sprint-f4-milp-results	466944	bd8bfd8e020be2a51d1268070870c7ee2ff6b2ce	surrogate/sprint-f4-milp-results	2a65d92d3876b297da8a70c215e29c02beb12888a6b0cf5782d5b959139ef521	git -C {repo} archive {git_commit} {git_source} | tar -x -C {experiment_root}/{root}/{parent_relative} --strip-components=1
v04-phase5-warehouse-controlpair-full-vs-nomeas-4x2-8r-20260613T011820Z-claw	rep02/full/campaign/workspaces/9119c7ff-fe97-4d81-b8f2-b05e8b594d47	tests	372736	bd8bfd8e020be2a51d1268070870c7ee2ff6b2ce	surrogate/tests	6421b91de97dcff6251ebfc4a2c6fac826b3bf9e622f0f3a9a3b51adcbb561a5	git -C {repo} archive {git_commit} {git_source} | tar -x -C {experiment_root}/{root}/{parent_relative} --strip-components=1
v04-phase5-warehouse-controlpair-full-vs-nomeas-4x2-8r-20260613T011820Z-claw	rep02/full/campaign/workspaces/9119c7ff-fe97-4d81-b8f2-b05e8b594d47	milp_bounds	327680	bd8bfd8e020be2a51d1268070870c7ee2ff6b2ce	surrogate/milp_bounds	c127bcd8e5778b4909edd75c31b2df601f40f512065c23108337dfbaaa1c6808	git -C {repo} archive {git_commit} {git_source} | tar -x -C {experiment_root}/{root}/{parent_relative} --strip-components=1
v04-phase5-warehouse-controlpair-full-vs-nomeas-4x2-8r-20260613T011820Z-claw	rep02/full/campaign/workspaces/9119c7ff-fe97-4d81-b8f2-b05e8b594d47	calibration	8192	bd8bfd8e020be2a51d1268070870c7ee2ff6b2ce	surrogate/calibration	3c7648f54a6456a5824cc7f18140d3b28226300a12bf3bb4196cde86d8453016	git -C {repo} archive {git_commit} {git_source} | tar -x -C {experiment_root}/{root}/{parent_relative} --strip-components=1
v04-phase5-warehouse-controlpair-full-vs-nomeas-4x2-8r-20260613T011820Z-claw	rep02/full/campaign/workspaces/9119c7ff-fe97-4d81-b8f2-b05e8b594d47.checkpoint.155f8c77	data	9715712	bd8bfd8e020be2a51d1268070870c7ee2ff6b2ce	surrogate/data	e39d71899d6b96e6280b4ad0d8207960c6a393f0e0d6e35b5ad77e854d361ea3	git -C {repo} archive {git_commit} {git_source} | tar -x -C {experiment_root}/{root}/{parent_relative} --strip-components=1
v04-phase5-warehouse-controlpair-full-vs-nomeas-4x2-8r-20260613T011820Z-claw	rep02/full/campaign/workspaces/9119c7ff-fe97-4d81-b8f2-b05e8b594d47.checkpoint.155f8c77	cplex-final-20260426	1015808	bd8bfd8e020be2a51d1268070870c7ee2ff6b2ce	surrogate/cplex-final-20260426	b992f1c84218d64eee1586a0dd33e47569195cac060659bc3fa7231b098fd29f	git -C {repo} archive {git_commit} {git_source} | tar -x -C {experiment_root}/{root}/{parent_relative} --strip-components=1
v04-phase5-warehouse-controlpair-full-vs-nomeas-4x2-8r-20260613T011820Z-claw	rep02/full/campaign/workspaces/9119c7ff-fe97-4d81-b8f2-b05e8b594d47.checkpoint.155f8c77	sprint-f4-milp-results	466944	bd8bfd8e020be2a51d1268070870c7ee2ff6b2ce	surrogate/sprint-f4-milp-results	2a65d92d3876b297da8a70c215e29c02beb12888a6b0cf5782d5b959139ef521	git -C {repo} archive {git_commit} {git_source} | tar -x -C {experiment_root}/{root}/{parent_relative} --strip-components=1
v04-phase5-warehouse-controlpair-full-vs-nomeas-4x2-8r-20260613T011820Z-claw	rep02/full/campaign/workspaces/9119c7ff-fe97-4d81-b8f2-b05e8b594d47.checkpoint.155f8c77	tests	372736	bd8bfd8e020be2a51d1268070870c7ee2ff6b2ce	surrogate/tests	6421b91de97dcff6251ebfc4a2c6fac826b3bf9e622f0f3a9a3b51adcbb561a5	git -C {repo} archive {git_commit} {git_source} | tar -x -C {experiment_root}/{root}/{parent_relative} --strip-components=1
v04-phase5-warehouse-controlpair-full-vs-nomeas-4x2-8r-20260613T011820Z-claw	rep02/full/campaign/workspaces/9119c7ff-fe97-4d81-b8f2-b05e8b594d47.checkpoint.155f8c77	milp_bounds	327680	bd8bfd8e020be2a51d1268070870c7ee2ff6b2ce	surrogate/milp_bounds	c127bcd8e5778b4909edd75c31b2df601f40f512065c23108337dfbaaa1c6808	git -C {repo} archive {git_commit} {git_source} | tar -x -C {experiment_root}/{root}/{parent_relative} --strip-components=1
v04-phase5-warehouse-controlpair-full-vs-nomeas-4x2-8r-20260613T011820Z-claw	rep02/full/campaign/workspaces/9119c7ff-fe97-4d81-b8f2-b05e8b594d47.checkpoint.155f8c77	calibration	8192	bd8bfd8e020be2a51d1268070870c7ee2ff6b2ce	surrogate/calibration	3c7648f54a6456a5824cc7f18140d3b28226300a12bf3bb4196cde86d8453016	git -C {repo} archive {git_commit} {git_source} | tar -x -C {experiment_root}/{root}/{parent_relative} --strip-components=1
v04-phase5-warehouse-controlpair-full-vs-nomeas-4x2-8r-20260613T011820Z-claw	rep02/full/campaign/workspaces/989a45d4-d0b9-4e15-9ca7-30f1e3364842.checkpoint.c5f544a3	data	9715712	bd8bfd8e020be2a51d1268070870c7ee2ff6b2ce	surrogate/data	e39d71899d6b96e6280b4ad0d8207960c6a393f0e0d6e35b5ad77e854d361ea3	git -C {repo} archive {git_commit} {git_source} | tar -x -C {experiment_root}/{root}/{parent_relative} --strip-components=1
v04-phase5-warehouse-controlpair-full-vs-nomeas-4x2-8r-20260613T011820Z-claw	rep02/full/campaign/workspaces/989a45d4-d0b9-4e15-9ca7-30f1e3364842.checkpoint.c5f544a3	cplex-final-20260426	1015808	bd8bfd8e020be2a51d1268070870c7ee2ff6b2ce	surrogate/cplex-final-20260426	b992f1c84218d64eee1586a0dd33e47569195cac060659bc3fa7231b098fd29f	git -C {repo} archive {git_commit} {git_source} | tar -x -C {experiment_root}/{root}/{parent_relative} --strip-components=1
v04-phase5-warehouse-controlpair-full-vs-nomeas-4x2-8r-20260613T011820Z-claw	rep02/full/campaign/workspaces/989a45d4-d0b9-4e15-9ca7-30f1e3364842.checkpoint.c5f544a3	sprint-f4-milp-results	466944	bd8bfd8e020be2a51d1268070870c7ee2ff6b2ce	surrogate/sprint-f4-milp-results	2a65d92d3876b297da8a70c215e29c02beb12888a6b0cf5782d5b959139ef521	git -C {repo} archive {git_commit} {git_source} | tar -x -C {experiment_root}/{root}/{parent_relative} --strip-components=1
v04-phase5-warehouse-controlpair-full-vs-nomeas-4x2-8r-20260613T011820Z-claw	rep02/full/campaign/workspaces/989a45d4-d0b9-4e15-9ca7-30f1e3364842.checkpoint.c5f544a3	tests	372736	bd8bfd8e020be2a51d1268070870c7ee2ff6b2ce	surrogate/tests	6421b91de97dcff6251ebfc4a2c6fac826b3bf9e622f0f3a9a3b51adcbb561a5	git -C {repo} archive {git_commit} {git_source} | tar -x -C {experiment_root}/{root}/{parent_relative} --strip-components=1
v04-phase5-warehouse-controlpair-full-vs-nomeas-4x2-8r-20260613T011820Z-claw	rep02/full/campaign/workspaces/989a45d4-d0b9-4e15-9ca7-30f1e3364842.checkpoint.c5f544a3	milp_bounds	327680	bd8bfd8e020be2a51d1268070870c7ee2ff6b2ce	surrogate/milp_bounds	c127bcd8e5778b4909edd75c31b2df601f40f512065c23108337dfbaaa1c6808	git -C {repo} archive {git_commit} {git_source} | tar -x -C {experiment_root}/{root}/{parent_relative} --strip-components=1
v04-phase5-warehouse-controlpair-full-vs-nomeas-4x2-8r-20260613T011820Z-claw	rep02/full/campaign/workspaces/989a45d4-d0b9-4e15-9ca7-30f1e3364842.checkpoint.c5f544a3	calibration	8192	bd8bfd8e020be2a51d1268070870c7ee2ff6b2ce	surrogate/calibration	3c7648f54a6456a5824cc7f18140d3b28226300a12bf3bb4196cde86d8453016	git -C {repo} archive {git_commit} {git_source} | tar -x -C {experiment_root}/{root}/{parent_relative} --strip-components=1
v04-phase5-warehouse-controlpair-full-vs-nomeas-4x2-8r-20260613T011820Z-claw	rep02/no-measurement-diagnostics/campaign/champions/champion_v1	data	9715712	bd8bfd8e020be2a51d1268070870c7ee2ff6b2ce	surrogate/data	e39d71899d6b96e6280b4ad0d8207960c6a393f0e0d6e35b5ad77e854d361ea3	git -C {repo} archive {git_commit} {git_source} | tar -x -C {experiment_root}/{root}/{parent_relative} --strip-components=1
v04-phase5-warehouse-controlpair-full-vs-nomeas-4x2-8r-20260613T011820Z-claw	rep02/no-measurement-diagnostics/campaign/champions/champion_v1	cplex-final-20260426	1015808	bd8bfd8e020be2a51d1268070870c7ee2ff6b2ce	surrogate/cplex-final-20260426	b992f1c84218d64eee1586a0dd33e47569195cac060659bc3fa7231b098fd29f	git -C {repo} archive {git_commit} {git_source} | tar -x -C {experiment_root}/{root}/{parent_relative} --strip-components=1
v04-phase5-warehouse-controlpair-full-vs-nomeas-4x2-8r-20260613T011820Z-claw	rep02/no-measurement-diagnostics/campaign/champions/champion_v1	sprint-f4-milp-results	466944	bd8bfd8e020be2a51d1268070870c7ee2ff6b2ce	surrogate/sprint-f4-milp-results	2a65d92d3876b297da8a70c215e29c02beb12888a6b0cf5782d5b959139ef521	git -C {repo} archive {git_commit} {git_source} | tar -x -C {experiment_root}/{root}/{parent_relative} --strip-components=1
v04-phase5-warehouse-controlpair-full-vs-nomeas-4x2-8r-20260613T011820Z-claw	rep02/no-measurement-diagnostics/campaign/champions/champion_v1	tests	372736	bd8bfd8e020be2a51d1268070870c7ee2ff6b2ce	surrogate/tests	6421b91de97dcff6251ebfc4a2c6fac826b3bf9e622f0f3a9a3b51adcbb561a5	git -C {repo} archive {git_commit} {git_source} | tar -x -C {experiment_root}/{root}/{parent_relative} --strip-components=1
v04-phase5-warehouse-controlpair-full-vs-nomeas-4x2-8r-20260613T011820Z-claw	rep02/no-measurement-diagnostics/campaign/champions/champion_v1	milp_bounds	327680	bd8bfd8e020be2a51d1268070870c7ee2ff6b2ce	surrogate/milp_bounds	c127bcd8e5778b4909edd75c31b2df601f40f512065c23108337dfbaaa1c6808	git -C {repo} archive {git_commit} {git_source} | tar -x -C {experiment_root}/{root}/{parent_relative} --strip-components=1
v04-phase5-warehouse-controlpair-full-vs-nomeas-4x2-8r-20260613T011820Z-claw	rep02/no-measurement-diagnostics/campaign/champions/champion_v1	calibration	8192	bd8bfd8e020be2a51d1268070870c7ee2ff6b2ce	surrogate/calibration	3c7648f54a6456a5824cc7f18140d3b28226300a12bf3bb4196cde86d8453016	git -C {repo} archive {git_commit} {git_source} | tar -x -C {experiment_root}/{root}/{parent_relative} --strip-components=1
v04-phase5-warehouse-controlpair-full-vs-nomeas-4x2-8r-20260613T011820Z-claw	rep02/no-measurement-diagnostics/campaign/workspaces/12bc4a75-25b7-4c22-8282-0cdf72dd7825.checkpoint.57fae87e	data	9715712	bd8bfd8e020be2a51d1268070870c7ee2ff6b2ce	surrogate/data	e39d71899d6b96e6280b4ad0d8207960c6a393f0e0d6e35b5ad77e854d361ea3	git -C {repo} archive {git_commit} {git_source} | tar -x -C {experiment_root}/{root}/{parent_relative} --strip-components=1
v04-phase5-warehouse-controlpair-full-vs-nomeas-4x2-8r-20260613T011820Z-claw	rep02/no-measurement-diagnostics/campaign/workspaces/12bc4a75-25b7-4c22-8282-0cdf72dd7825.checkpoint.57fae87e	cplex-final-20260426	1015808	bd8bfd8e020be2a51d1268070870c7ee2ff6b2ce	surrogate/cplex-final-20260426	b992f1c84218d64eee1586a0dd33e47569195cac060659bc3fa7231b098fd29f	git -C {repo} archive {git_commit} {git_source} | tar -x -C {experiment_root}/{root}/{parent_relative} --strip-components=1
v04-phase5-warehouse-controlpair-full-vs-nomeas-4x2-8r-20260613T011820Z-claw	rep02/no-measurement-diagnostics/campaign/workspaces/12bc4a75-25b7-4c22-8282-0cdf72dd7825.checkpoint.57fae87e	sprint-f4-milp-results	466944	bd8bfd8e020be2a51d1268070870c7ee2ff6b2ce	surrogate/sprint-f4-milp-results	2a65d92d3876b297da8a70c215e29c02beb12888a6b0cf5782d5b959139ef521	git -C {repo} archive {git_commit} {git_source} | tar -x -C {experiment_root}/{root}/{parent_relative} --strip-components=1
v04-phase5-warehouse-controlpair-full-vs-nomeas-4x2-8r-20260613T011820Z-claw	rep02/no-measurement-diagnostics/campaign/workspaces/12bc4a75-25b7-4c22-8282-0cdf72dd7825.checkpoint.57fae87e	tests	372736	bd8bfd8e020be2a51d1268070870c7ee2ff6b2ce	surrogate/tests	6421b91de97dcff6251ebfc4a2c6fac826b3bf9e622f0f3a9a3b51adcbb561a5	git -C {repo} archive {git_commit} {git_source} | tar -x -C {experiment_root}/{root}/{parent_relative} --strip-components=1
v04-phase5-warehouse-controlpair-full-vs-nomeas-4x2-8r-20260613T011820Z-claw	rep02/no-measurement-diagnostics/campaign/workspaces/12bc4a75-25b7-4c22-8282-0cdf72dd7825.checkpoint.57fae87e	milp_bounds	327680	bd8bfd8e020be2a51d1268070870c7ee2ff6b2ce	surrogate/milp_bounds	c127bcd8e5778b4909edd75c31b2df601f40f512065c23108337dfbaaa1c6808	git -C {repo} archive {git_commit} {git_source} | tar -x -C {experiment_root}/{root}/{parent_relative} --strip-components=1
v04-phase5-warehouse-controlpair-full-vs-nomeas-4x2-8r-20260613T011820Z-claw	rep02/no-measurement-diagnostics/campaign/workspaces/12bc4a75-25b7-4c22-8282-0cdf72dd7825.checkpoint.57fae87e	calibration	8192	bd8bfd8e020be2a51d1268070870c7ee2ff6b2ce	surrogate/calibration	3c7648f54a6456a5824cc7f18140d3b28226300a12bf3bb4196cde86d8453016	git -C {repo} archive {git_commit} {git_source} | tar -x -C {experiment_root}/{root}/{parent_relative} --strip-components=1
v04-phase5-warehouse-controlpair-full-vs-nomeas-4x2-8r-20260613T011820Z-claw	rep02/no-measurement-diagnostics/campaign/workspaces/224abe01-b73d-4234-8e57-dea0f1475291	data	9715712	bd8bfd8e020be2a51d1268070870c7ee2ff6b2ce	surrogate/data	e39d71899d6b96e6280b4ad0d8207960c6a393f0e0d6e35b5ad77e854d361ea3	git -C {repo} archive {git_commit} {git_source} | tar -x -C {experiment_root}/{root}/{parent_relative} --strip-components=1
v04-phase5-warehouse-controlpair-full-vs-nomeas-4x2-8r-20260613T011820Z-claw	rep02/no-measurement-diagnostics/campaign/workspaces/224abe01-b73d-4234-8e57-dea0f1475291	cplex-final-20260426	1015808	bd8bfd8e020be2a51d1268070870c7ee2ff6b2ce	surrogate/cplex-final-20260426	b992f1c84218d64eee1586a0dd33e47569195cac060659bc3fa7231b098fd29f	git -C {repo} archive {git_commit} {git_source} | tar -x -C {experiment_root}/{root}/{parent_relative} --strip-components=1
v04-phase5-warehouse-controlpair-full-vs-nomeas-4x2-8r-20260613T011820Z-claw	rep02/no-measurement-diagnostics/campaign/workspaces/224abe01-b73d-4234-8e57-dea0f1475291	sprint-f4-milp-results	466944	bd8bfd8e020be2a51d1268070870c7ee2ff6b2ce	surrogate/sprint-f4-milp-results	2a65d92d3876b297da8a70c215e29c02beb12888a6b0cf5782d5b959139ef521	git -C {repo} archive {git_commit} {git_source} | tar -x -C {experiment_root}/{root}/{parent_relative} --strip-components=1
v04-phase5-warehouse-controlpair-full-vs-nomeas-4x2-8r-20260613T011820Z-claw	rep02/no-measurement-diagnostics/campaign/workspaces/224abe01-b73d-4234-8e57-dea0f1475291	tests	372736	bd8bfd8e020be2a51d1268070870c7ee2ff6b2ce	surrogate/tests	6421b91de97dcff6251ebfc4a2c6fac826b3bf9e622f0f3a9a3b51adcbb561a5	git -C {repo} archive {git_commit} {git_source} | tar -x -C {experiment_root}/{root}/{parent_relative} --strip-components=1
v04-phase5-warehouse-controlpair-full-vs-nomeas-4x2-8r-20260613T011820Z-claw	rep02/no-measurement-diagnostics/campaign/workspaces/224abe01-b73d-4234-8e57-dea0f1475291	milp_bounds	327680	bd8bfd8e020be2a51d1268070870c7ee2ff6b2ce	surrogate/milp_bounds	c127bcd8e5778b4909edd75c31b2df601f40f512065c23108337dfbaaa1c6808	git -C {repo} archive {git_commit} {git_source} | tar -x -C {experiment_root}/{root}/{parent_relative} --strip-components=1
v04-phase5-warehouse-controlpair-full-vs-nomeas-4x2-8r-20260613T011820Z-claw	rep02/no-measurement-diagnostics/campaign/workspaces/224abe01-b73d-4234-8e57-dea0f1475291	calibration	8192	bd8bfd8e020be2a51d1268070870c7ee2ff6b2ce	surrogate/calibration	3c7648f54a6456a5824cc7f18140d3b28226300a12bf3bb4196cde86d8453016	git -C {repo} archive {git_commit} {git_source} | tar -x -C {experiment_root}/{root}/{parent_relative} --strip-components=1
v04-phase5-warehouse-controlpair-full-vs-nomeas-4x2-8r-20260613T011820Z-claw	rep02/no-measurement-diagnostics/campaign/workspaces/224abe01-b73d-4234-8e57-dea0f1475291.checkpoint.eab3df13	data	9715712	bd8bfd8e020be2a51d1268070870c7ee2ff6b2ce	surrogate/data	e39d71899d6b96e6280b4ad0d8207960c6a393f0e0d6e35b5ad77e854d361ea3	git -C {repo} archive {git_commit} {git_source} | tar -x -C {experiment_root}/{root}/{parent_relative} --strip-components=1
v04-phase5-warehouse-controlpair-full-vs-nomeas-4x2-8r-20260613T011820Z-claw	rep02/no-measurement-diagnostics/campaign/workspaces/224abe01-b73d-4234-8e57-dea0f1475291.checkpoint.eab3df13	cplex-final-20260426	1015808	bd8bfd8e020be2a51d1268070870c7ee2ff6b2ce	surrogate/cplex-final-20260426	b992f1c84218d64eee1586a0dd33e47569195cac060659bc3fa7231b098fd29f	git -C {repo} archive {git_commit} {git_source} | tar -x -C {experiment_root}/{root}/{parent_relative} --strip-components=1
v04-phase5-warehouse-controlpair-full-vs-nomeas-4x2-8r-20260613T011820Z-claw	rep02/no-measurement-diagnostics/campaign/workspaces/224abe01-b73d-4234-8e57-dea0f1475291.checkpoint.eab3df13	sprint-f4-milp-results	466944	bd8bfd8e020be2a51d1268070870c7ee2ff6b2ce	surrogate/sprint-f4-milp-results	2a65d92d3876b297da8a70c215e29c02beb12888a6b0cf5782d5b959139ef521	git -C {repo} archive {git_commit} {git_source} | tar -x -C {experiment_root}/{root}/{parent_relative} --strip-components=1
v04-phase5-warehouse-controlpair-full-vs-nomeas-4x2-8r-20260613T011820Z-claw	rep02/no-measurement-diagnostics/campaign/workspaces/224abe01-b73d-4234-8e57-dea0f1475291.checkpoint.eab3df13	tests	372736	bd8bfd8e020be2a51d1268070870c7ee2ff6b2ce	surrogate/tests	6421b91de97dcff6251ebfc4a2c6fac826b3bf9e622f0f3a9a3b51adcbb561a5	git -C {repo} archive {git_commit} {git_source} | tar -x -C {experiment_root}/{root}/{parent_relative} --strip-components=1
v04-phase5-warehouse-controlpair-full-vs-nomeas-4x2-8r-20260613T011820Z-claw	rep02/no-measurement-diagnostics/campaign/workspaces/224abe01-b73d-4234-8e57-dea0f1475291.checkpoint.eab3df13	milp_bounds	327680	bd8bfd8e020be2a51d1268070870c7ee2ff6b2ce	surrogate/milp_bounds	c127bcd8e5778b4909edd75c31b2df601f40f512065c23108337dfbaaa1c6808	git -C {repo} archive {git_commit} {git_source} | tar -x -C {experiment_root}/{root}/{parent_relative} --strip-components=1
v04-phase5-warehouse-controlpair-full-vs-nomeas-4x2-8r-20260613T011820Z-claw	rep02/no-measurement-diagnostics/campaign/workspaces/224abe01-b73d-4234-8e57-dea0f1475291.checkpoint.eab3df13	calibration	8192	bd8bfd8e020be2a51d1268070870c7ee2ff6b2ce	surrogate/calibration	3c7648f54a6456a5824cc7f18140d3b28226300a12bf3bb4196cde86d8453016	git -C {repo} archive {git_commit} {git_source} | tar -x -C {experiment_root}/{root}/{parent_relative} --strip-components=1
v04-phase5-warehouse-controlpair-full-vs-nomeas-4x2-8r-20260613T011820Z-claw	rep02/no-measurement-diagnostics/campaign/workspaces/8b32c51d-c06e-4e2d-90ec-8e9472afddd2.checkpoint.3b978a7e	data	9715712	bd8bfd8e020be2a51d1268070870c7ee2ff6b2ce	surrogate/data	e39d71899d6b96e6280b4ad0d8207960c6a393f0e0d6e35b5ad77e854d361ea3	git -C {repo} archive {git_commit} {git_source} | tar -x -C {experiment_root}/{root}/{parent_relative} --strip-components=1
v04-phase5-warehouse-controlpair-full-vs-nomeas-4x2-8r-20260613T011820Z-claw	rep02/no-measurement-diagnostics/campaign/workspaces/8b32c51d-c06e-4e2d-90ec-8e9472afddd2.checkpoint.3b978a7e	cplex-final-20260426	1015808	bd8bfd8e020be2a51d1268070870c7ee2ff6b2ce	surrogate/cplex-final-20260426	b992f1c84218d64eee1586a0dd33e47569195cac060659bc3fa7231b098fd29f	git -C {repo} archive {git_commit} {git_source} | tar -x -C {experiment_root}/{root}/{parent_relative} --strip-components=1
v04-phase5-warehouse-controlpair-full-vs-nomeas-4x2-8r-20260613T011820Z-claw	rep02/no-measurement-diagnostics/campaign/workspaces/8b32c51d-c06e-4e2d-90ec-8e9472afddd2.checkpoint.3b978a7e	sprint-f4-milp-results	466944	bd8bfd8e020be2a51d1268070870c7ee2ff6b2ce	surrogate/sprint-f4-milp-results	2a65d92d3876b297da8a70c215e29c02beb12888a6b0cf5782d5b959139ef521	git -C {repo} archive {git_commit} {git_source} | tar -x -C {experiment_root}/{root}/{parent_relative} --strip-components=1
v04-phase5-warehouse-controlpair-full-vs-nomeas-4x2-8r-20260613T011820Z-claw	rep02/no-measurement-diagnostics/campaign/workspaces/8b32c51d-c06e-4e2d-90ec-8e9472afddd2.checkpoint.3b978a7e	tests	372736	bd8bfd8e020be2a51d1268070870c7ee2ff6b2ce	surrogate/tests	6421b91de97dcff6251ebfc4a2c6fac826b3bf9e622f0f3a9a3b51adcbb561a5	git -C {repo} archive {git_commit} {git_source} | tar -x -C {experiment_root}/{root}/{parent_relative} --strip-components=1
v04-phase5-warehouse-controlpair-full-vs-nomeas-4x2-8r-20260613T011820Z-claw	rep02/no-measurement-diagnostics/campaign/workspaces/8b32c51d-c06e-4e2d-90ec-8e9472afddd2.checkpoint.3b978a7e	milp_bounds	327680	bd8bfd8e020be2a51d1268070870c7ee2ff6b2ce	surrogate/milp_bounds	c127bcd8e5778b4909edd75c31b2df601f40f512065c23108337dfbaaa1c6808	git -C {repo} archive {git_commit} {git_source} | tar -x -C {experiment_root}/{root}/{parent_relative} --strip-components=1
v04-phase5-warehouse-controlpair-full-vs-nomeas-4x2-8r-20260613T011820Z-claw	rep02/no-measurement-diagnostics/campaign/workspaces/8b32c51d-c06e-4e2d-90ec-8e9472afddd2.checkpoint.3b978a7e	calibration	8192	bd8bfd8e020be2a51d1268070870c7ee2ff6b2ce	surrogate/calibration	3c7648f54a6456a5824cc7f18140d3b28226300a12bf3bb4196cde86d8453016	git -C {repo} archive {git_commit} {git_source} | tar -x -C {experiment_root}/{root}/{parent_relative} --strip-components=1
v04-phase5-warehouse-controlpair-full-vs-nomeas-4x2-8r-20260613T011820Z-claw	rep02/no-measurement-diagnostics/campaign/workspaces/8b32c51d-c06e-4e2d-90ec-8e9472afddd2.checkpoint.facdc66e	data	9715712	bd8bfd8e020be2a51d1268070870c7ee2ff6b2ce	surrogate/data	e39d71899d6b96e6280b4ad0d8207960c6a393f0e0d6e35b5ad77e854d361ea3	git -C {repo} archive {git_commit} {git_source} | tar -x -C {experiment_root}/{root}/{parent_relative} --strip-components=1
v04-phase5-warehouse-controlpair-full-vs-nomeas-4x2-8r-20260613T011820Z-claw	rep02/no-measurement-diagnostics/campaign/workspaces/8b32c51d-c06e-4e2d-90ec-8e9472afddd2.checkpoint.facdc66e	cplex-final-20260426	1015808	bd8bfd8e020be2a51d1268070870c7ee2ff6b2ce	surrogate/cplex-final-20260426	b992f1c84218d64eee1586a0dd33e47569195cac060659bc3fa7231b098fd29f	git -C {repo} archive {git_commit} {git_source} | tar -x -C {experiment_root}/{root}/{parent_relative} --strip-components=1
v04-phase5-warehouse-controlpair-full-vs-nomeas-4x2-8r-20260613T011820Z-claw	rep02/no-measurement-diagnostics/campaign/workspaces/8b32c51d-c06e-4e2d-90ec-8e9472afddd2.checkpoint.facdc66e	sprint-f4-milp-results	466944	bd8bfd8e020be2a51d1268070870c7ee2ff6b2ce	surrogate/sprint-f4-milp-results	2a65d92d3876b297da8a70c215e29c02beb12888a6b0cf5782d5b959139ef521	git -C {repo} archive {git_commit} {git_source} | tar -x -C {experiment_root}/{root}/{parent_relative} --strip-components=1
v04-phase5-warehouse-controlpair-full-vs-nomeas-4x2-8r-20260613T011820Z-claw	rep02/no-measurement-diagnostics/campaign/workspaces/8b32c51d-c06e-4e2d-90ec-8e9472afddd2.checkpoint.facdc66e	tests	372736	bd8bfd8e020be2a51d1268070870c7ee2ff6b2ce	surrogate/tests	6421b91de97dcff6251ebfc4a2c6fac826b3bf9e622f0f3a9a3b51adcbb561a5	git -C {repo} archive {git_commit} {git_source} | tar -x -C {experiment_root}/{root}/{parent_relative} --strip-components=1
v04-phase5-warehouse-controlpair-full-vs-nomeas-4x2-8r-20260613T011820Z-claw	rep02/no-measurement-diagnostics/campaign/workspaces/8b32c51d-c06e-4e2d-90ec-8e9472afddd2.checkpoint.facdc66e	milp_bounds	327680	bd8bfd8e020be2a51d1268070870c7ee2ff6b2ce	surrogate/milp_bounds	c127bcd8e5778b4909edd75c31b2df601f40f512065c23108337dfbaaa1c6808	git -C {repo} archive {git_commit} {git_source} | tar -x -C {experiment_root}/{root}/{parent_relative} --strip-components=1
v04-phase5-warehouse-controlpair-full-vs-nomeas-4x2-8r-20260613T011820Z-claw	rep02/no-measurement-diagnostics/campaign/workspaces/8b32c51d-c06e-4e2d-90ec-8e9472afddd2.checkpoint.facdc66e	calibration	8192	bd8bfd8e020be2a51d1268070870c7ee2ff6b2ce	surrogate/calibration	3c7648f54a6456a5824cc7f18140d3b28226300a12bf3bb4196cde86d8453016	git -C {repo} archive {git_commit} {git_source} | tar -x -C {experiment_root}/{root}/{parent_relative} --strip-components=1
v04-phase5-warehouse-controlpair-full-vs-nomeas-4x2-8r-20260613T011820Z-claw	rep03/full/campaign/champions/champion_v1	data	9715712	bd8bfd8e020be2a51d1268070870c7ee2ff6b2ce	surrogate/data	e39d71899d6b96e6280b4ad0d8207960c6a393f0e0d6e35b5ad77e854d361ea3	git -C {repo} archive {git_commit} {git_source} | tar -x -C {experiment_root}/{root}/{parent_relative} --strip-components=1
v04-phase5-warehouse-controlpair-full-vs-nomeas-4x2-8r-20260613T011820Z-claw	rep03/full/campaign/champions/champion_v1	cplex-final-20260426	1015808	bd8bfd8e020be2a51d1268070870c7ee2ff6b2ce	surrogate/cplex-final-20260426	b992f1c84218d64eee1586a0dd33e47569195cac060659bc3fa7231b098fd29f	git -C {repo} archive {git_commit} {git_source} | tar -x -C {experiment_root}/{root}/{parent_relative} --strip-components=1
v04-phase5-warehouse-controlpair-full-vs-nomeas-4x2-8r-20260613T011820Z-claw	rep03/full/campaign/champions/champion_v1	sprint-f4-milp-results	466944	bd8bfd8e020be2a51d1268070870c7ee2ff6b2ce	surrogate/sprint-f4-milp-results	2a65d92d3876b297da8a70c215e29c02beb12888a6b0cf5782d5b959139ef521	git -C {repo} archive {git_commit} {git_source} | tar -x -C {experiment_root}/{root}/{parent_relative} --strip-components=1
v04-phase5-warehouse-controlpair-full-vs-nomeas-4x2-8r-20260613T011820Z-claw	rep03/full/campaign/champions/champion_v1	tests	372736	bd8bfd8e020be2a51d1268070870c7ee2ff6b2ce	surrogate/tests	6421b91de97dcff6251ebfc4a2c6fac826b3bf9e622f0f3a9a3b51adcbb561a5	git -C {repo} archive {git_commit} {git_source} | tar -x -C {experiment_root}/{root}/{parent_relative} --strip-components=1
v04-phase5-warehouse-controlpair-full-vs-nomeas-4x2-8r-20260613T011820Z-claw	rep03/full/campaign/champions/champion_v1	milp_bounds	327680	bd8bfd8e020be2a51d1268070870c7ee2ff6b2ce	surrogate/milp_bounds	c127bcd8e5778b4909edd75c31b2df601f40f512065c23108337dfbaaa1c6808	git -C {repo} archive {git_commit} {git_source} | tar -x -C {experiment_root}/{root}/{parent_relative} --strip-components=1
v04-phase5-warehouse-controlpair-full-vs-nomeas-4x2-8r-20260613T011820Z-claw	rep03/full/campaign/champions/champion_v1	calibration	8192	bd8bfd8e020be2a51d1268070870c7ee2ff6b2ce	surrogate/calibration	3c7648f54a6456a5824cc7f18140d3b28226300a12bf3bb4196cde86d8453016	git -C {repo} archive {git_commit} {git_source} | tar -x -C {experiment_root}/{root}/{parent_relative} --strip-components=1
v04-phase5-warehouse-controlpair-full-vs-nomeas-4x2-8r-20260613T011820Z-claw	rep03/full/campaign/workspaces/79791265-dbfc-4b95-9cf3-bda4c3c6dbec	data	9715712	bd8bfd8e020be2a51d1268070870c7ee2ff6b2ce	surrogate/data	e39d71899d6b96e6280b4ad0d8207960c6a393f0e0d6e35b5ad77e854d361ea3	git -C {repo} archive {git_commit} {git_source} | tar -x -C {experiment_root}/{root}/{parent_relative} --strip-components=1
v04-phase5-warehouse-controlpair-full-vs-nomeas-4x2-8r-20260613T011820Z-claw	rep03/full/campaign/workspaces/79791265-dbfc-4b95-9cf3-bda4c3c6dbec	cplex-final-20260426	1015808	bd8bfd8e020be2a51d1268070870c7ee2ff6b2ce	surrogate/cplex-final-20260426	b992f1c84218d64eee1586a0dd33e47569195cac060659bc3fa7231b098fd29f	git -C {repo} archive {git_commit} {git_source} | tar -x -C {experiment_root}/{root}/{parent_relative} --strip-components=1
v04-phase5-warehouse-controlpair-full-vs-nomeas-4x2-8r-20260613T011820Z-claw	rep03/full/campaign/workspaces/79791265-dbfc-4b95-9cf3-bda4c3c6dbec	sprint-f4-milp-results	466944	bd8bfd8e020be2a51d1268070870c7ee2ff6b2ce	surrogate/sprint-f4-milp-results	2a65d92d3876b297da8a70c215e29c02beb12888a6b0cf5782d5b959139ef521	git -C {repo} archive {git_commit} {git_source} | tar -x -C {experiment_root}/{root}/{parent_relative} --strip-components=1
v04-phase5-warehouse-controlpair-full-vs-nomeas-4x2-8r-20260613T011820Z-claw	rep03/full/campaign/workspaces/79791265-dbfc-4b95-9cf3-bda4c3c6dbec	tests	372736	bd8bfd8e020be2a51d1268070870c7ee2ff6b2ce	surrogate/tests	6421b91de97dcff6251ebfc4a2c6fac826b3bf9e622f0f3a9a3b51adcbb561a5	git -C {repo} archive {git_commit} {git_source} | tar -x -C {experiment_root}/{root}/{parent_relative} --strip-components=1
v04-phase5-warehouse-controlpair-full-vs-nomeas-4x2-8r-20260613T011820Z-claw	rep03/full/campaign/workspaces/79791265-dbfc-4b95-9cf3-bda4c3c6dbec	milp_bounds	327680	bd8bfd8e020be2a51d1268070870c7ee2ff6b2ce	surrogate/milp_bounds	c127bcd8e5778b4909edd75c31b2df601f40f512065c23108337dfbaaa1c6808	git -C {repo} archive {git_commit} {git_source} | tar -x -C {experiment_root}/{root}/{parent_relative} --strip-components=1
v04-phase5-warehouse-controlpair-full-vs-nomeas-4x2-8r-20260613T011820Z-claw	rep03/full/campaign/workspaces/79791265-dbfc-4b95-9cf3-bda4c3c6dbec	calibration	8192	bd8bfd8e020be2a51d1268070870c7ee2ff6b2ce	surrogate/calibration	3c7648f54a6456a5824cc7f18140d3b28226300a12bf3bb4196cde86d8453016	git -C {repo} archive {git_commit} {git_source} | tar -x -C {experiment_root}/{root}/{parent_relative} --strip-components=1
v04-phase5-warehouse-controlpair-full-vs-nomeas-4x2-8r-20260613T011820Z-claw	rep03/full/campaign/workspaces/79791265-dbfc-4b95-9cf3-bda4c3c6dbec.checkpoint.6148c4d5	data	9715712	bd8bfd8e020be2a51d1268070870c7ee2ff6b2ce	surrogate/data	e39d71899d6b96e6280b4ad0d8207960c6a393f0e0d6e35b5ad77e854d361ea3	git -C {repo} archive {git_commit} {git_source} | tar -x -C {experiment_root}/{root}/{parent_relative} --strip-components=1
v04-phase5-warehouse-controlpair-full-vs-nomeas-4x2-8r-20260613T011820Z-claw	rep03/full/campaign/workspaces/79791265-dbfc-4b95-9cf3-bda4c3c6dbec.checkpoint.6148c4d5	cplex-final-20260426	1015808	bd8bfd8e020be2a51d1268070870c7ee2ff6b2ce	surrogate/cplex-final-20260426	b992f1c84218d64eee1586a0dd33e47569195cac060659bc3fa7231b098fd29f	git -C {repo} archive {git_commit} {git_source} | tar -x -C {experiment_root}/{root}/{parent_relative} --strip-components=1
v04-phase5-warehouse-controlpair-full-vs-nomeas-4x2-8r-20260613T011820Z-claw	rep03/full/campaign/workspaces/79791265-dbfc-4b95-9cf3-bda4c3c6dbec.checkpoint.6148c4d5	sprint-f4-milp-results	466944	bd8bfd8e020be2a51d1268070870c7ee2ff6b2ce	surrogate/sprint-f4-milp-results	2a65d92d3876b297da8a70c215e29c02beb12888a6b0cf5782d5b959139ef521	git -C {repo} archive {git_commit} {git_source} | tar -x -C {experiment_root}/{root}/{parent_relative} --strip-components=1
v04-phase5-warehouse-controlpair-full-vs-nomeas-4x2-8r-20260613T011820Z-claw	rep03/full/campaign/workspaces/79791265-dbfc-4b95-9cf3-bda4c3c6dbec.checkpoint.6148c4d5	tests	372736	bd8bfd8e020be2a51d1268070870c7ee2ff6b2ce	surrogate/tests	6421b91de97dcff6251ebfc4a2c6fac826b3bf9e622f0f3a9a3b51adcbb561a5	git -C {repo} archive {git_commit} {git_source} | tar -x -C {experiment_root}/{root}/{parent_relative} --strip-components=1
v04-phase5-warehouse-controlpair-full-vs-nomeas-4x2-8r-20260613T011820Z-claw	rep03/full/campaign/workspaces/79791265-dbfc-4b95-9cf3-bda4c3c6dbec.checkpoint.6148c4d5	milp_bounds	327680	bd8bfd8e020be2a51d1268070870c7ee2ff6b2ce	surrogate/milp_bounds	c127bcd8e5778b4909edd75c31b2df601f40f512065c23108337dfbaaa1c6808	git -C {repo} archive {git_commit} {git_source} | tar -x -C {experiment_root}/{root}/{parent_relative} --strip-components=1
v04-phase5-warehouse-controlpair-full-vs-nomeas-4x2-8r-20260613T011820Z-claw	rep03/full/campaign/workspaces/79791265-dbfc-4b95-9cf3-bda4c3c6dbec.checkpoint.6148c4d5	calibration	8192	bd8bfd8e020be2a51d1268070870c7ee2ff6b2ce	surrogate/calibration	3c7648f54a6456a5824cc7f18140d3b28226300a12bf3bb4196cde86d8453016	git -C {repo} archive {git_commit} {git_source} | tar -x -C {experiment_root}/{root}/{parent_relative} --strip-components=1
v04-phase5-warehouse-controlpair-full-vs-nomeas-4x2-8r-20260613T011820Z-claw	rep03/full/campaign/workspaces/79791265-dbfc-4b95-9cf3-bda4c3c6dbec.checkpoint.e8113b7e	data	9715712	bd8bfd8e020be2a51d1268070870c7ee2ff6b2ce	surrogate/data	e39d71899d6b96e6280b4ad0d8207960c6a393f0e0d6e35b5ad77e854d361ea3	git -C {repo} archive {git_commit} {git_source} | tar -x -C {experiment_root}/{root}/{parent_relative} --strip-components=1
v04-phase5-warehouse-controlpair-full-vs-nomeas-4x2-8r-20260613T011820Z-claw	rep03/full/campaign/workspaces/79791265-dbfc-4b95-9cf3-bda4c3c6dbec.checkpoint.e8113b7e	cplex-final-20260426	1015808	bd8bfd8e020be2a51d1268070870c7ee2ff6b2ce	surrogate/cplex-final-20260426	b992f1c84218d64eee1586a0dd33e47569195cac060659bc3fa7231b098fd29f	git -C {repo} archive {git_commit} {git_source} | tar -x -C {experiment_root}/{root}/{parent_relative} --strip-components=1
v04-phase5-warehouse-controlpair-full-vs-nomeas-4x2-8r-20260613T011820Z-claw	rep03/full/campaign/workspaces/79791265-dbfc-4b95-9cf3-bda4c3c6dbec.checkpoint.e8113b7e	sprint-f4-milp-results	466944	bd8bfd8e020be2a51d1268070870c7ee2ff6b2ce	surrogate/sprint-f4-milp-results	2a65d92d3876b297da8a70c215e29c02beb12888a6b0cf5782d5b959139ef521	git -C {repo} archive {git_commit} {git_source} | tar -x -C {experiment_root}/{root}/{parent_relative} --strip-components=1
v04-phase5-warehouse-controlpair-full-vs-nomeas-4x2-8r-20260613T011820Z-claw	rep03/full/campaign/workspaces/79791265-dbfc-4b95-9cf3-bda4c3c6dbec.checkpoint.e8113b7e	tests	372736	bd8bfd8e020be2a51d1268070870c7ee2ff6b2ce	surrogate/tests	6421b91de97dcff6251ebfc4a2c6fac826b3bf9e622f0f3a9a3b51adcbb561a5	git -C {repo} archive {git_commit} {git_source} | tar -x -C {experiment_root}/{root}/{parent_relative} --strip-components=1
v04-phase5-warehouse-controlpair-full-vs-nomeas-4x2-8r-20260613T011820Z-claw	rep03/full/campaign/workspaces/79791265-dbfc-4b95-9cf3-bda4c3c6dbec.checkpoint.e8113b7e	milp_bounds	327680	bd8bfd8e020be2a51d1268070870c7ee2ff6b2ce	surrogate/milp_bounds	c127bcd8e5778b4909edd75c31b2df601f40f512065c23108337dfbaaa1c6808	git -C {repo} archive {git_commit} {git_source} | tar -x -C {experiment_root}/{root}/{parent_relative} --strip-components=1
v04-phase5-warehouse-controlpair-full-vs-nomeas-4x2-8r-20260613T011820Z-claw	rep03/full/campaign/workspaces/79791265-dbfc-4b95-9cf3-bda4c3c6dbec.checkpoint.e8113b7e	calibration	8192	bd8bfd8e020be2a51d1268070870c7ee2ff6b2ce	surrogate/calibration	3c7648f54a6456a5824cc7f18140d3b28226300a12bf3bb4196cde86d8453016	git -C {repo} archive {git_commit} {git_source} | tar -x -C {experiment_root}/{root}/{parent_relative} --strip-components=1
v04-phase5-warehouse-controlpair-full-vs-nomeas-4x2-8r-20260613T011820Z-claw	rep03/full/campaign/workspaces/7e2977c5-adb6-4030-beec-94bd0c0b0b66	data	9715712	bd8bfd8e020be2a51d1268070870c7ee2ff6b2ce	surrogate/data	e39d71899d6b96e6280b4ad0d8207960c6a393f0e0d6e35b5ad77e854d361ea3	git -C {repo} archive {git_commit} {git_source} | tar -x -C {experiment_root}/{root}/{parent_relative} --strip-components=1
v04-phase5-warehouse-controlpair-full-vs-nomeas-4x2-8r-20260613T011820Z-claw	rep03/full/campaign/workspaces/7e2977c5-adb6-4030-beec-94bd0c0b0b66	cplex-final-20260426	1015808	bd8bfd8e020be2a51d1268070870c7ee2ff6b2ce	surrogate/cplex-final-20260426	b992f1c84218d64eee1586a0dd33e47569195cac060659bc3fa7231b098fd29f	git -C {repo} archive {git_commit} {git_source} | tar -x -C {experiment_root}/{root}/{parent_relative} --strip-components=1
v04-phase5-warehouse-controlpair-full-vs-nomeas-4x2-8r-20260613T011820Z-claw	rep03/full/campaign/workspaces/7e2977c5-adb6-4030-beec-94bd0c0b0b66	sprint-f4-milp-results	466944	bd8bfd8e020be2a51d1268070870c7ee2ff6b2ce	surrogate/sprint-f4-milp-results	2a65d92d3876b297da8a70c215e29c02beb12888a6b0cf5782d5b959139ef521	git -C {repo} archive {git_commit} {git_source} | tar -x -C {experiment_root}/{root}/{parent_relative} --strip-components=1
v04-phase5-warehouse-controlpair-full-vs-nomeas-4x2-8r-20260613T011820Z-claw	rep03/full/campaign/workspaces/7e2977c5-adb6-4030-beec-94bd0c0b0b66	tests	372736	bd8bfd8e020be2a51d1268070870c7ee2ff6b2ce	surrogate/tests	6421b91de97dcff6251ebfc4a2c6fac826b3bf9e622f0f3a9a3b51adcbb561a5	git -C {repo} archive {git_commit} {git_source} | tar -x -C {experiment_root}/{root}/{parent_relative} --strip-components=1
v04-phase5-warehouse-controlpair-full-vs-nomeas-4x2-8r-20260613T011820Z-claw	rep03/full/campaign/workspaces/7e2977c5-adb6-4030-beec-94bd0c0b0b66	milp_bounds	327680	bd8bfd8e020be2a51d1268070870c7ee2ff6b2ce	surrogate/milp_bounds	c127bcd8e5778b4909edd75c31b2df601f40f512065c23108337dfbaaa1c6808	git -C {repo} archive {git_commit} {git_source} | tar -x -C {experiment_root}/{root}/{parent_relative} --strip-components=1
v04-phase5-warehouse-controlpair-full-vs-nomeas-4x2-8r-20260613T011820Z-claw	rep03/full/campaign/workspaces/7e2977c5-adb6-4030-beec-94bd0c0b0b66	calibration	8192	bd8bfd8e020be2a51d1268070870c7ee2ff6b2ce	surrogate/calibration	3c7648f54a6456a5824cc7f18140d3b28226300a12bf3bb4196cde86d8453016	git -C {repo} archive {git_commit} {git_source} | tar -x -C {experiment_root}/{root}/{parent_relative} --strip-components=1
v04-phase5-warehouse-controlpair-full-vs-nomeas-4x2-8r-20260613T011820Z-claw	rep03/full/campaign/workspaces/d785afa8-08a4-4d4a-bc32-c3eb5f05f59e.checkpoint.36866863	data	9715712	bd8bfd8e020be2a51d1268070870c7ee2ff6b2ce	surrogate/data	e39d71899d6b96e6280b4ad0d8207960c6a393f0e0d6e35b5ad77e854d361ea3	git -C {repo} archive {git_commit} {git_source} | tar -x -C {experiment_root}/{root}/{parent_relative} --strip-components=1
v04-phase5-warehouse-controlpair-full-vs-nomeas-4x2-8r-20260613T011820Z-claw	rep03/full/campaign/workspaces/d785afa8-08a4-4d4a-bc32-c3eb5f05f59e.checkpoint.36866863	cplex-final-20260426	1015808	bd8bfd8e020be2a51d1268070870c7ee2ff6b2ce	surrogate/cplex-final-20260426	b992f1c84218d64eee1586a0dd33e47569195cac060659bc3fa7231b098fd29f	git -C {repo} archive {git_commit} {git_source} | tar -x -C {experiment_root}/{root}/{parent_relative} --strip-components=1
v04-phase5-warehouse-controlpair-full-vs-nomeas-4x2-8r-20260613T011820Z-claw	rep03/full/campaign/workspaces/d785afa8-08a4-4d4a-bc32-c3eb5f05f59e.checkpoint.36866863	sprint-f4-milp-results	466944	bd8bfd8e020be2a51d1268070870c7ee2ff6b2ce	surrogate/sprint-f4-milp-results	2a65d92d3876b297da8a70c215e29c02beb12888a6b0cf5782d5b959139ef521	git -C {repo} archive {git_commit} {git_source} | tar -x -C {experiment_root}/{root}/{parent_relative} --strip-components=1
v04-phase5-warehouse-controlpair-full-vs-nomeas-4x2-8r-20260613T011820Z-claw	rep03/full/campaign/workspaces/d785afa8-08a4-4d4a-bc32-c3eb5f05f59e.checkpoint.36866863	tests	372736	bd8bfd8e020be2a51d1268070870c7ee2ff6b2ce	surrogate/tests	6421b91de97dcff6251ebfc4a2c6fac826b3bf9e622f0f3a9a3b51adcbb561a5	git -C {repo} archive {git_commit} {git_source} | tar -x -C {experiment_root}/{root}/{parent_relative} --strip-components=1
v04-phase5-warehouse-controlpair-full-vs-nomeas-4x2-8r-20260613T011820Z-claw	rep03/full/campaign/workspaces/d785afa8-08a4-4d4a-bc32-c3eb5f05f59e.checkpoint.36866863	milp_bounds	327680	bd8bfd8e020be2a51d1268070870c7ee2ff6b2ce	surrogate/milp_bounds	c127bcd8e5778b4909edd75c31b2df601f40f512065c23108337dfbaaa1c6808	git -C {repo} archive {git_commit} {git_source} | tar -x -C {experiment_root}/{root}/{parent_relative} --strip-components=1
v04-phase5-warehouse-controlpair-full-vs-nomeas-4x2-8r-20260613T011820Z-claw	rep03/full/campaign/workspaces/d785afa8-08a4-4d4a-bc32-c3eb5f05f59e.checkpoint.36866863	calibration	8192	bd8bfd8e020be2a51d1268070870c7ee2ff6b2ce	surrogate/calibration	3c7648f54a6456a5824cc7f18140d3b28226300a12bf3bb4196cde86d8453016	git -C {repo} archive {git_commit} {git_source} | tar -x -C {experiment_root}/{root}/{parent_relative} --strip-components=1
v04-phase5-warehouse-controlpair-full-vs-nomeas-4x2-8r-20260613T011820Z-claw	rep03/full/campaign/workspaces/d785afa8-08a4-4d4a-bc32-c3eb5f05f59e.checkpoint.5f4129b0	data	9715712	bd8bfd8e020be2a51d1268070870c7ee2ff6b2ce	surrogate/data	e39d71899d6b96e6280b4ad0d8207960c6a393f0e0d6e35b5ad77e854d361ea3	git -C {repo} archive {git_commit} {git_source} | tar -x -C {experiment_root}/{root}/{parent_relative} --strip-components=1
v04-phase5-warehouse-controlpair-full-vs-nomeas-4x2-8r-20260613T011820Z-claw	rep03/full/campaign/workspaces/d785afa8-08a4-4d4a-bc32-c3eb5f05f59e.checkpoint.5f4129b0	cplex-final-20260426	1015808	bd8bfd8e020be2a51d1268070870c7ee2ff6b2ce	surrogate/cplex-final-20260426	b992f1c84218d64eee1586a0dd33e47569195cac060659bc3fa7231b098fd29f	git -C {repo} archive {git_commit} {git_source} | tar -x -C {experiment_root}/{root}/{parent_relative} --strip-components=1
v04-phase5-warehouse-controlpair-full-vs-nomeas-4x2-8r-20260613T011820Z-claw	rep03/full/campaign/workspaces/d785afa8-08a4-4d4a-bc32-c3eb5f05f59e.checkpoint.5f4129b0	sprint-f4-milp-results	466944	bd8bfd8e020be2a51d1268070870c7ee2ff6b2ce	surrogate/sprint-f4-milp-results	2a65d92d3876b297da8a70c215e29c02beb12888a6b0cf5782d5b959139ef521	git -C {repo} archive {git_commit} {git_source} | tar -x -C {experiment_root}/{root}/{parent_relative} --strip-components=1
v04-phase5-warehouse-controlpair-full-vs-nomeas-4x2-8r-20260613T011820Z-claw	rep03/full/campaign/workspaces/d785afa8-08a4-4d4a-bc32-c3eb5f05f59e.checkpoint.5f4129b0	tests	372736	bd8bfd8e020be2a51d1268070870c7ee2ff6b2ce	surrogate/tests	6421b91de97dcff6251ebfc4a2c6fac826b3bf9e622f0f3a9a3b51adcbb561a5	git -C {repo} archive {git_commit} {git_source} | tar -x -C {experiment_root}/{root}/{parent_relative} --strip-components=1
v04-phase5-warehouse-controlpair-full-vs-nomeas-4x2-8r-20260613T011820Z-claw	rep03/full/campaign/workspaces/d785afa8-08a4-4d4a-bc32-c3eb5f05f59e.checkpoint.5f4129b0	milp_bounds	327680	bd8bfd8e020be2a51d1268070870c7ee2ff6b2ce	surrogate/milp_bounds	c127bcd8e5778b4909edd75c31b2df601f40f512065c23108337dfbaaa1c6808	git -C {repo} archive {git_commit} {git_source} | tar -x -C {experiment_root}/{root}/{parent_relative} --strip-components=1
v04-phase5-warehouse-controlpair-full-vs-nomeas-4x2-8r-20260613T011820Z-claw	rep03/full/campaign/workspaces/d785afa8-08a4-4d4a-bc32-c3eb5f05f59e.checkpoint.5f4129b0	calibration	8192	bd8bfd8e020be2a51d1268070870c7ee2ff6b2ce	surrogate/calibration	3c7648f54a6456a5824cc7f18140d3b28226300a12bf3bb4196cde86d8453016	git -C {repo} archive {git_commit} {git_source} | tar -x -C {experiment_root}/{root}/{parent_relative} --strip-components=1
v04-phase5-warehouse-controlpair-full-vs-nomeas-4x2-8r-20260613T011820Z-claw	rep03/no-measurement-diagnostics/campaign/champions/champion_v1	data	9715712	bd8bfd8e020be2a51d1268070870c7ee2ff6b2ce	surrogate/data	e39d71899d6b96e6280b4ad0d8207960c6a393f0e0d6e35b5ad77e854d361ea3	git -C {repo} archive {git_commit} {git_source} | tar -x -C {experiment_root}/{root}/{parent_relative} --strip-components=1
v04-phase5-warehouse-controlpair-full-vs-nomeas-4x2-8r-20260613T011820Z-claw	rep03/no-measurement-diagnostics/campaign/champions/champion_v1	cplex-final-20260426	1015808	bd8bfd8e020be2a51d1268070870c7ee2ff6b2ce	surrogate/cplex-final-20260426	b992f1c84218d64eee1586a0dd33e47569195cac060659bc3fa7231b098fd29f	git -C {repo} archive {git_commit} {git_source} | tar -x -C {experiment_root}/{root}/{parent_relative} --strip-components=1
v04-phase5-warehouse-controlpair-full-vs-nomeas-4x2-8r-20260613T011820Z-claw	rep03/no-measurement-diagnostics/campaign/champions/champion_v1	sprint-f4-milp-results	466944	bd8bfd8e020be2a51d1268070870c7ee2ff6b2ce	surrogate/sprint-f4-milp-results	2a65d92d3876b297da8a70c215e29c02beb12888a6b0cf5782d5b959139ef521	git -C {repo} archive {git_commit} {git_source} | tar -x -C {experiment_root}/{root}/{parent_relative} --strip-components=1
v04-phase5-warehouse-controlpair-full-vs-nomeas-4x2-8r-20260613T011820Z-claw	rep03/no-measurement-diagnostics/campaign/champions/champion_v1	tests	372736	bd8bfd8e020be2a51d1268070870c7ee2ff6b2ce	surrogate/tests	6421b91de97dcff6251ebfc4a2c6fac826b3bf9e622f0f3a9a3b51adcbb561a5	git -C {repo} archive {git_commit} {git_source} | tar -x -C {experiment_root}/{root}/{parent_relative} --strip-components=1
v04-phase5-warehouse-controlpair-full-vs-nomeas-4x2-8r-20260613T011820Z-claw	rep03/no-measurement-diagnostics/campaign/champions/champion_v1	milp_bounds	327680	bd8bfd8e020be2a51d1268070870c7ee2ff6b2ce	surrogate/milp_bounds	c127bcd8e5778b4909edd75c31b2df601f40f512065c23108337dfbaaa1c6808	git -C {repo} archive {git_commit} {git_source} | tar -x -C {experiment_root}/{root}/{parent_relative} --strip-components=1
v04-phase5-warehouse-controlpair-full-vs-nomeas-4x2-8r-20260613T011820Z-claw	rep03/no-measurement-diagnostics/campaign/champions/champion_v1	calibration	8192	bd8bfd8e020be2a51d1268070870c7ee2ff6b2ce	surrogate/calibration	3c7648f54a6456a5824cc7f18140d3b28226300a12bf3bb4196cde86d8453016	git -C {repo} archive {git_commit} {git_source} | tar -x -C {experiment_root}/{root}/{parent_relative} --strip-components=1
v04-phase5-warehouse-controlpair-full-vs-nomeas-4x2-8r-20260613T011820Z-claw	rep03/no-measurement-diagnostics/campaign/workspaces/403dc951-4084-4c30-9da9-b3b1e00d4eee	data	9715712	bd8bfd8e020be2a51d1268070870c7ee2ff6b2ce	surrogate/data	e39d71899d6b96e6280b4ad0d8207960c6a393f0e0d6e35b5ad77e854d361ea3	git -C {repo} archive {git_commit} {git_source} | tar -x -C {experiment_root}/{root}/{parent_relative} --strip-components=1
v04-phase5-warehouse-controlpair-full-vs-nomeas-4x2-8r-20260613T011820Z-claw	rep03/no-measurement-diagnostics/campaign/workspaces/403dc951-4084-4c30-9da9-b3b1e00d4eee	cplex-final-20260426	1015808	bd8bfd8e020be2a51d1268070870c7ee2ff6b2ce	surrogate/cplex-final-20260426	b992f1c84218d64eee1586a0dd33e47569195cac060659bc3fa7231b098fd29f	git -C {repo} archive {git_commit} {git_source} | tar -x -C {experiment_root}/{root}/{parent_relative} --strip-components=1
v04-phase5-warehouse-controlpair-full-vs-nomeas-4x2-8r-20260613T011820Z-claw	rep03/no-measurement-diagnostics/campaign/workspaces/403dc951-4084-4c30-9da9-b3b1e00d4eee	sprint-f4-milp-results	466944	bd8bfd8e020be2a51d1268070870c7ee2ff6b2ce	surrogate/sprint-f4-milp-results	2a65d92d3876b297da8a70c215e29c02beb12888a6b0cf5782d5b959139ef521	git -C {repo} archive {git_commit} {git_source} | tar -x -C {experiment_root}/{root}/{parent_relative} --strip-components=1
v04-phase5-warehouse-controlpair-full-vs-nomeas-4x2-8r-20260613T011820Z-claw	rep03/no-measurement-diagnostics/campaign/workspaces/403dc951-4084-4c30-9da9-b3b1e00d4eee	tests	372736	bd8bfd8e020be2a51d1268070870c7ee2ff6b2ce	surrogate/tests	6421b91de97dcff6251ebfc4a2c6fac826b3bf9e622f0f3a9a3b51adcbb561a5	git -C {repo} archive {git_commit} {git_source} | tar -x -C {experiment_root}/{root}/{parent_relative} --strip-components=1
v04-phase5-warehouse-controlpair-full-vs-nomeas-4x2-8r-20260613T011820Z-claw	rep03/no-measurement-diagnostics/campaign/workspaces/403dc951-4084-4c30-9da9-b3b1e00d4eee	milp_bounds	327680	bd8bfd8e020be2a51d1268070870c7ee2ff6b2ce	surrogate/milp_bounds	c127bcd8e5778b4909edd75c31b2df601f40f512065c23108337dfbaaa1c6808	git -C {repo} archive {git_commit} {git_source} | tar -x -C {experiment_root}/{root}/{parent_relative} --strip-components=1
v04-phase5-warehouse-controlpair-full-vs-nomeas-4x2-8r-20260613T011820Z-claw	rep03/no-measurement-diagnostics/campaign/workspaces/403dc951-4084-4c30-9da9-b3b1e00d4eee	calibration	8192	bd8bfd8e020be2a51d1268070870c7ee2ff6b2ce	surrogate/calibration	3c7648f54a6456a5824cc7f18140d3b28226300a12bf3bb4196cde86d8453016	git -C {repo} archive {git_commit} {git_source} | tar -x -C {experiment_root}/{root}/{parent_relative} --strip-components=1
v04-phase5-warehouse-controlpair-full-vs-nomeas-4x2-8r-20260613T011820Z-claw	rep03/no-measurement-diagnostics/campaign/workspaces/403dc951-4084-4c30-9da9-b3b1e00d4eee.checkpoint.9f67a673	data	9715712	bd8bfd8e020be2a51d1268070870c7ee2ff6b2ce	surrogate/data	e39d71899d6b96e6280b4ad0d8207960c6a393f0e0d6e35b5ad77e854d361ea3	git -C {repo} archive {git_commit} {git_source} | tar -x -C {experiment_root}/{root}/{parent_relative} --strip-components=1
v04-phase5-warehouse-controlpair-full-vs-nomeas-4x2-8r-20260613T011820Z-claw	rep03/no-measurement-diagnostics/campaign/workspaces/403dc951-4084-4c30-9da9-b3b1e00d4eee.checkpoint.9f67a673	cplex-final-20260426	1015808	bd8bfd8e020be2a51d1268070870c7ee2ff6b2ce	surrogate/cplex-final-20260426	b992f1c84218d64eee1586a0dd33e47569195cac060659bc3fa7231b098fd29f	git -C {repo} archive {git_commit} {git_source} | tar -x -C {experiment_root}/{root}/{parent_relative} --strip-components=1
v04-phase5-warehouse-controlpair-full-vs-nomeas-4x2-8r-20260613T011820Z-claw	rep03/no-measurement-diagnostics/campaign/workspaces/403dc951-4084-4c30-9da9-b3b1e00d4eee.checkpoint.9f67a673	sprint-f4-milp-results	466944	bd8bfd8e020be2a51d1268070870c7ee2ff6b2ce	surrogate/sprint-f4-milp-results	2a65d92d3876b297da8a70c215e29c02beb12888a6b0cf5782d5b959139ef521	git -C {repo} archive {git_commit} {git_source} | tar -x -C {experiment_root}/{root}/{parent_relative} --strip-components=1
v04-phase5-warehouse-controlpair-full-vs-nomeas-4x2-8r-20260613T011820Z-claw	rep03/no-measurement-diagnostics/campaign/workspaces/403dc951-4084-4c30-9da9-b3b1e00d4eee.checkpoint.9f67a673	tests	372736	bd8bfd8e020be2a51d1268070870c7ee2ff6b2ce	surrogate/tests	6421b91de97dcff6251ebfc4a2c6fac826b3bf9e622f0f3a9a3b51adcbb561a5	git -C {repo} archive {git_commit} {git_source} | tar -x -C {experiment_root}/{root}/{parent_relative} --strip-components=1
v04-phase5-warehouse-controlpair-full-vs-nomeas-4x2-8r-20260613T011820Z-claw	rep03/no-measurement-diagnostics/campaign/workspaces/403dc951-4084-4c30-9da9-b3b1e00d4eee.checkpoint.9f67a673	milp_bounds	327680	bd8bfd8e020be2a51d1268070870c7ee2ff6b2ce	surrogate/milp_bounds	c127bcd8e5778b4909edd75c31b2df601f40f512065c23108337dfbaaa1c6808	git -C {repo} archive {git_commit} {git_source} | tar -x -C {experiment_root}/{root}/{parent_relative} --strip-components=1
v04-phase5-warehouse-controlpair-full-vs-nomeas-4x2-8r-20260613T011820Z-claw	rep03/no-measurement-diagnostics/campaign/workspaces/403dc951-4084-4c30-9da9-b3b1e00d4eee.checkpoint.9f67a673	calibration	8192	bd8bfd8e020be2a51d1268070870c7ee2ff6b2ce	surrogate/calibration	3c7648f54a6456a5824cc7f18140d3b28226300a12bf3bb4196cde86d8453016	git -C {repo} archive {git_commit} {git_source} | tar -x -C {experiment_root}/{root}/{parent_relative} --strip-components=1
v04-phase5-warehouse-controlpair-full-vs-nomeas-4x2-8r-20260613T011820Z-claw	rep03/no-measurement-diagnostics/campaign/workspaces/79507f5d-f93d-4249-99e4-4d0664f48e48	data	9715712	bd8bfd8e020be2a51d1268070870c7ee2ff6b2ce	surrogate/data	e39d71899d6b96e6280b4ad0d8207960c6a393f0e0d6e35b5ad77e854d361ea3	git -C {repo} archive {git_commit} {git_source} | tar -x -C {experiment_root}/{root}/{parent_relative} --strip-components=1
v04-phase5-warehouse-controlpair-full-vs-nomeas-4x2-8r-20260613T011820Z-claw	rep03/no-measurement-diagnostics/campaign/workspaces/79507f5d-f93d-4249-99e4-4d0664f48e48	cplex-final-20260426	1015808	bd8bfd8e020be2a51d1268070870c7ee2ff6b2ce	surrogate/cplex-final-20260426	b992f1c84218d64eee1586a0dd33e47569195cac060659bc3fa7231b098fd29f	git -C {repo} archive {git_commit} {git_source} | tar -x -C {experiment_root}/{root}/{parent_relative} --strip-components=1
v04-phase5-warehouse-controlpair-full-vs-nomeas-4x2-8r-20260613T011820Z-claw	rep03/no-measurement-diagnostics/campaign/workspaces/79507f5d-f93d-4249-99e4-4d0664f48e48	sprint-f4-milp-results	466944	bd8bfd8e020be2a51d1268070870c7ee2ff6b2ce	surrogate/sprint-f4-milp-results	2a65d92d3876b297da8a70c215e29c02beb12888a6b0cf5782d5b959139ef521	git -C {repo} archive {git_commit} {git_source} | tar -x -C {experiment_root}/{root}/{parent_relative} --strip-components=1
v04-phase5-warehouse-controlpair-full-vs-nomeas-4x2-8r-20260613T011820Z-claw	rep03/no-measurement-diagnostics/campaign/workspaces/79507f5d-f93d-4249-99e4-4d0664f48e48	tests	372736	bd8bfd8e020be2a51d1268070870c7ee2ff6b2ce	surrogate/tests	6421b91de97dcff6251ebfc4a2c6fac826b3bf9e622f0f3a9a3b51adcbb561a5	git -C {repo} archive {git_commit} {git_source} | tar -x -C {experiment_root}/{root}/{parent_relative} --strip-components=1
v04-phase5-warehouse-controlpair-full-vs-nomeas-4x2-8r-20260613T011820Z-claw	rep03/no-measurement-diagnostics/campaign/workspaces/79507f5d-f93d-4249-99e4-4d0664f48e48	milp_bounds	327680	bd8bfd8e020be2a51d1268070870c7ee2ff6b2ce	surrogate/milp_bounds	c127bcd8e5778b4909edd75c31b2df601f40f512065c23108337dfbaaa1c6808	git -C {repo} archive {git_commit} {git_source} | tar -x -C {experiment_root}/{root}/{parent_relative} --strip-components=1
v04-phase5-warehouse-controlpair-full-vs-nomeas-4x2-8r-20260613T011820Z-claw	rep03/no-measurement-diagnostics/campaign/workspaces/79507f5d-f93d-4249-99e4-4d0664f48e48	calibration	8192	bd8bfd8e020be2a51d1268070870c7ee2ff6b2ce	surrogate/calibration	3c7648f54a6456a5824cc7f18140d3b28226300a12bf3bb4196cde86d8453016	git -C {repo} archive {git_commit} {git_source} | tar -x -C {experiment_root}/{root}/{parent_relative} --strip-components=1
v04-phase5-warehouse-controlpair-full-vs-nomeas-4x2-8r-20260613T011820Z-claw	rep03/no-measurement-diagnostics/campaign/workspaces/79507f5d-f93d-4249-99e4-4d0664f48e48.checkpoint.1cdeceab	data	9715712	bd8bfd8e020be2a51d1268070870c7ee2ff6b2ce	surrogate/data	e39d71899d6b96e6280b4ad0d8207960c6a393f0e0d6e35b5ad77e854d361ea3	git -C {repo} archive {git_commit} {git_source} | tar -x -C {experiment_root}/{root}/{parent_relative} --strip-components=1
v04-phase5-warehouse-controlpair-full-vs-nomeas-4x2-8r-20260613T011820Z-claw	rep03/no-measurement-diagnostics/campaign/workspaces/79507f5d-f93d-4249-99e4-4d0664f48e48.checkpoint.1cdeceab	cplex-final-20260426	1015808	bd8bfd8e020be2a51d1268070870c7ee2ff6b2ce	surrogate/cplex-final-20260426	b992f1c84218d64eee1586a0dd33e47569195cac060659bc3fa7231b098fd29f	git -C {repo} archive {git_commit} {git_source} | tar -x -C {experiment_root}/{root}/{parent_relative} --strip-components=1
v04-phase5-warehouse-controlpair-full-vs-nomeas-4x2-8r-20260613T011820Z-claw	rep03/no-measurement-diagnostics/campaign/workspaces/79507f5d-f93d-4249-99e4-4d0664f48e48.checkpoint.1cdeceab	sprint-f4-milp-results	466944	bd8bfd8e020be2a51d1268070870c7ee2ff6b2ce	surrogate/sprint-f4-milp-results	2a65d92d3876b297da8a70c215e29c02beb12888a6b0cf5782d5b959139ef521	git -C {repo} archive {git_commit} {git_source} | tar -x -C {experiment_root}/{root}/{parent_relative} --strip-components=1
v04-phase5-warehouse-controlpair-full-vs-nomeas-4x2-8r-20260613T011820Z-claw	rep03/no-measurement-diagnostics/campaign/workspaces/79507f5d-f93d-4249-99e4-4d0664f48e48.checkpoint.1cdeceab	tests	372736	bd8bfd8e020be2a51d1268070870c7ee2ff6b2ce	surrogate/tests	6421b91de97dcff6251ebfc4a2c6fac826b3bf9e622f0f3a9a3b51adcbb561a5	git -C {repo} archive {git_commit} {git_source} | tar -x -C {experiment_root}/{root}/{parent_relative} --strip-components=1
v04-phase5-warehouse-controlpair-full-vs-nomeas-4x2-8r-20260613T011820Z-claw	rep03/no-measurement-diagnostics/campaign/workspaces/79507f5d-f93d-4249-99e4-4d0664f48e48.checkpoint.1cdeceab	milp_bounds	327680	bd8bfd8e020be2a51d1268070870c7ee2ff6b2ce	surrogate/milp_bounds	c127bcd8e5778b4909edd75c31b2df601f40f512065c23108337dfbaaa1c6808	git -C {repo} archive {git_commit} {git_source} | tar -x -C {experiment_root}/{root}/{parent_relative} --strip-components=1
v04-phase5-warehouse-controlpair-full-vs-nomeas-4x2-8r-20260613T011820Z-claw	rep03/no-measurement-diagnostics/campaign/workspaces/79507f5d-f93d-4249-99e4-4d0664f48e48.checkpoint.1cdeceab	calibration	8192	bd8bfd8e020be2a51d1268070870c7ee2ff6b2ce	surrogate/calibration	3c7648f54a6456a5824cc7f18140d3b28226300a12bf3bb4196cde86d8453016	git -C {repo} archive {git_commit} {git_source} | tar -x -C {experiment_root}/{root}/{parent_relative} --strip-components=1
v04-phase5-warehouse-controlpair-full-vs-nomeas-4x2-8r-20260613T011820Z-claw	rep03/no-measurement-diagnostics/campaign/workspaces/79507f5d-f93d-4249-99e4-4d0664f48e48.checkpoint.93f8e8c1	data	9715712	bd8bfd8e020be2a51d1268070870c7ee2ff6b2ce	surrogate/data	e39d71899d6b96e6280b4ad0d8207960c6a393f0e0d6e35b5ad77e854d361ea3	git -C {repo} archive {git_commit} {git_source} | tar -x -C {experiment_root}/{root}/{parent_relative} --strip-components=1
v04-phase5-warehouse-controlpair-full-vs-nomeas-4x2-8r-20260613T011820Z-claw	rep03/no-measurement-diagnostics/campaign/workspaces/79507f5d-f93d-4249-99e4-4d0664f48e48.checkpoint.93f8e8c1	cplex-final-20260426	1015808	bd8bfd8e020be2a51d1268070870c7ee2ff6b2ce	surrogate/cplex-final-20260426	b992f1c84218d64eee1586a0dd33e47569195cac060659bc3fa7231b098fd29f	git -C {repo} archive {git_commit} {git_source} | tar -x -C {experiment_root}/{root}/{parent_relative} --strip-components=1
v04-phase5-warehouse-controlpair-full-vs-nomeas-4x2-8r-20260613T011820Z-claw	rep03/no-measurement-diagnostics/campaign/workspaces/79507f5d-f93d-4249-99e4-4d0664f48e48.checkpoint.93f8e8c1	sprint-f4-milp-results	466944	bd8bfd8e020be2a51d1268070870c7ee2ff6b2ce	surrogate/sprint-f4-milp-results	2a65d92d3876b297da8a70c215e29c02beb12888a6b0cf5782d5b959139ef521	git -C {repo} archive {git_commit} {git_source} | tar -x -C {experiment_root}/{root}/{parent_relative} --strip-components=1
v04-phase5-warehouse-controlpair-full-vs-nomeas-4x2-8r-20260613T011820Z-claw	rep03/no-measurement-diagnostics/campaign/workspaces/79507f5d-f93d-4249-99e4-4d0664f48e48.checkpoint.93f8e8c1	tests	372736	bd8bfd8e020be2a51d1268070870c7ee2ff6b2ce	surrogate/tests	6421b91de97dcff6251ebfc4a2c6fac826b3bf9e622f0f3a9a3b51adcbb561a5	git -C {repo} archive {git_commit} {git_source} | tar -x -C {experiment_root}/{root}/{parent_relative} --strip-components=1
v04-phase5-warehouse-controlpair-full-vs-nomeas-4x2-8r-20260613T011820Z-claw	rep03/no-measurement-diagnostics/campaign/workspaces/79507f5d-f93d-4249-99e4-4d0664f48e48.checkpoint.93f8e8c1	milp_bounds	327680	bd8bfd8e020be2a51d1268070870c7ee2ff6b2ce	surrogate/milp_bounds	c127bcd8e5778b4909edd75c31b2df601f40f512065c23108337dfbaaa1c6808	git -C {repo} archive {git_commit} {git_source} | tar -x -C {experiment_root}/{root}/{parent_relative} --strip-components=1
v04-phase5-warehouse-controlpair-full-vs-nomeas-4x2-8r-20260613T011820Z-claw	rep03/no-measurement-diagnostics/campaign/workspaces/79507f5d-f93d-4249-99e4-4d0664f48e48.checkpoint.93f8e8c1	calibration	8192	bd8bfd8e020be2a51d1268070870c7ee2ff6b2ce	surrogate/calibration	3c7648f54a6456a5824cc7f18140d3b28226300a12bf3bb4196cde86d8453016	git -C {repo} archive {git_commit} {git_source} | tar -x -C {experiment_root}/{root}/{parent_relative} --strip-components=1
v04-phase5-warehouse-controlpair-full-vs-nomeas-4x2-8r-20260613T011820Z-claw	rep04/full/campaign/champions/champion_v1	data	9715712	bd8bfd8e020be2a51d1268070870c7ee2ff6b2ce	surrogate/data	e39d71899d6b96e6280b4ad0d8207960c6a393f0e0d6e35b5ad77e854d361ea3	git -C {repo} archive {git_commit} {git_source} | tar -x -C {experiment_root}/{root}/{parent_relative} --strip-components=1
v04-phase5-warehouse-controlpair-full-vs-nomeas-4x2-8r-20260613T011820Z-claw	rep04/full/campaign/champions/champion_v1	cplex-final-20260426	1015808	bd8bfd8e020be2a51d1268070870c7ee2ff6b2ce	surrogate/cplex-final-20260426	b992f1c84218d64eee1586a0dd33e47569195cac060659bc3fa7231b098fd29f	git -C {repo} archive {git_commit} {git_source} | tar -x -C {experiment_root}/{root}/{parent_relative} --strip-components=1
v04-phase5-warehouse-controlpair-full-vs-nomeas-4x2-8r-20260613T011820Z-claw	rep04/full/campaign/champions/champion_v1	sprint-f4-milp-results	466944	bd8bfd8e020be2a51d1268070870c7ee2ff6b2ce	surrogate/sprint-f4-milp-results	2a65d92d3876b297da8a70c215e29c02beb12888a6b0cf5782d5b959139ef521	git -C {repo} archive {git_commit} {git_source} | tar -x -C {experiment_root}/{root}/{parent_relative} --strip-components=1
v04-phase5-warehouse-controlpair-full-vs-nomeas-4x2-8r-20260613T011820Z-claw	rep04/full/campaign/champions/champion_v1	tests	372736	bd8bfd8e020be2a51d1268070870c7ee2ff6b2ce	surrogate/tests	6421b91de97dcff6251ebfc4a2c6fac826b3bf9e622f0f3a9a3b51adcbb561a5	git -C {repo} archive {git_commit} {git_source} | tar -x -C {experiment_root}/{root}/{parent_relative} --strip-components=1
v04-phase5-warehouse-controlpair-full-vs-nomeas-4x2-8r-20260613T011820Z-claw	rep04/full/campaign/champions/champion_v1	milp_bounds	327680	bd8bfd8e020be2a51d1268070870c7ee2ff6b2ce	surrogate/milp_bounds	c127bcd8e5778b4909edd75c31b2df601f40f512065c23108337dfbaaa1c6808	git -C {repo} archive {git_commit} {git_source} | tar -x -C {experiment_root}/{root}/{parent_relative} --strip-components=1
v04-phase5-warehouse-controlpair-full-vs-nomeas-4x2-8r-20260613T011820Z-claw	rep04/full/campaign/champions/champion_v1	calibration	8192	bd8bfd8e020be2a51d1268070870c7ee2ff6b2ce	surrogate/calibration	3c7648f54a6456a5824cc7f18140d3b28226300a12bf3bb4196cde86d8453016	git -C {repo} archive {git_commit} {git_source} | tar -x -C {experiment_root}/{root}/{parent_relative} --strip-components=1
v04-phase5-warehouse-controlpair-full-vs-nomeas-4x2-8r-20260613T011820Z-claw	rep04/full/campaign/workspaces/8e830c81-7bd9-415e-9e6e-002bd42c3b0b	data	9715712	bd8bfd8e020be2a51d1268070870c7ee2ff6b2ce	surrogate/data	e39d71899d6b96e6280b4ad0d8207960c6a393f0e0d6e35b5ad77e854d361ea3	git -C {repo} archive {git_commit} {git_source} | tar -x -C {experiment_root}/{root}/{parent_relative} --strip-components=1
v04-phase5-warehouse-controlpair-full-vs-nomeas-4x2-8r-20260613T011820Z-claw	rep04/full/campaign/workspaces/8e830c81-7bd9-415e-9e6e-002bd42c3b0b	cplex-final-20260426	1015808	bd8bfd8e020be2a51d1268070870c7ee2ff6b2ce	surrogate/cplex-final-20260426	b992f1c84218d64eee1586a0dd33e47569195cac060659bc3fa7231b098fd29f	git -C {repo} archive {git_commit} {git_source} | tar -x -C {experiment_root}/{root}/{parent_relative} --strip-components=1
v04-phase5-warehouse-controlpair-full-vs-nomeas-4x2-8r-20260613T011820Z-claw	rep04/full/campaign/workspaces/8e830c81-7bd9-415e-9e6e-002bd42c3b0b	sprint-f4-milp-results	466944	bd8bfd8e020be2a51d1268070870c7ee2ff6b2ce	surrogate/sprint-f4-milp-results	2a65d92d3876b297da8a70c215e29c02beb12888a6b0cf5782d5b959139ef521	git -C {repo} archive {git_commit} {git_source} | tar -x -C {experiment_root}/{root}/{parent_relative} --strip-components=1
v04-phase5-warehouse-controlpair-full-vs-nomeas-4x2-8r-20260613T011820Z-claw	rep04/full/campaign/workspaces/8e830c81-7bd9-415e-9e6e-002bd42c3b0b	tests	372736	bd8bfd8e020be2a51d1268070870c7ee2ff6b2ce	surrogate/tests	6421b91de97dcff6251ebfc4a2c6fac826b3bf9e622f0f3a9a3b51adcbb561a5	git -C {repo} archive {git_commit} {git_source} | tar -x -C {experiment_root}/{root}/{parent_relative} --strip-components=1
v04-phase5-warehouse-controlpair-full-vs-nomeas-4x2-8r-20260613T011820Z-claw	rep04/full/campaign/workspaces/8e830c81-7bd9-415e-9e6e-002bd42c3b0b	milp_bounds	327680	bd8bfd8e020be2a51d1268070870c7ee2ff6b2ce	surrogate/milp_bounds	c127bcd8e5778b4909edd75c31b2df601f40f512065c23108337dfbaaa1c6808	git -C {repo} archive {git_commit} {git_source} | tar -x -C {experiment_root}/{root}/{parent_relative} --strip-components=1
v04-phase5-warehouse-controlpair-full-vs-nomeas-4x2-8r-20260613T011820Z-claw	rep04/full/campaign/workspaces/8e830c81-7bd9-415e-9e6e-002bd42c3b0b	calibration	8192	bd8bfd8e020be2a51d1268070870c7ee2ff6b2ce	surrogate/calibration	3c7648f54a6456a5824cc7f18140d3b28226300a12bf3bb4196cde86d8453016	git -C {repo} archive {git_commit} {git_source} | tar -x -C {experiment_root}/{root}/{parent_relative} --strip-components=1
v04-phase5-warehouse-controlpair-full-vs-nomeas-4x2-8r-20260613T011820Z-claw	rep04/full/campaign/workspaces/93cf93df-ed03-4e1a-9dd4-eccde3ca5b0f	data	9715712	bd8bfd8e020be2a51d1268070870c7ee2ff6b2ce	surrogate/data	e39d71899d6b96e6280b4ad0d8207960c6a393f0e0d6e35b5ad77e854d361ea3	git -C {repo} archive {git_commit} {git_source} | tar -x -C {experiment_root}/{root}/{parent_relative} --strip-components=1
v04-phase5-warehouse-controlpair-full-vs-nomeas-4x2-8r-20260613T011820Z-claw	rep04/full/campaign/workspaces/93cf93df-ed03-4e1a-9dd4-eccde3ca5b0f	cplex-final-20260426	1015808	bd8bfd8e020be2a51d1268070870c7ee2ff6b2ce	surrogate/cplex-final-20260426	b992f1c84218d64eee1586a0dd33e47569195cac060659bc3fa7231b098fd29f	git -C {repo} archive {git_commit} {git_source} | tar -x -C {experiment_root}/{root}/{parent_relative} --strip-components=1
v04-phase5-warehouse-controlpair-full-vs-nomeas-4x2-8r-20260613T011820Z-claw	rep04/full/campaign/workspaces/93cf93df-ed03-4e1a-9dd4-eccde3ca5b0f	sprint-f4-milp-results	466944	bd8bfd8e020be2a51d1268070870c7ee2ff6b2ce	surrogate/sprint-f4-milp-results	2a65d92d3876b297da8a70c215e29c02beb12888a6b0cf5782d5b959139ef521	git -C {repo} archive {git_commit} {git_source} | tar -x -C {experiment_root}/{root}/{parent_relative} --strip-components=1
v04-phase5-warehouse-controlpair-full-vs-nomeas-4x2-8r-20260613T011820Z-claw	rep04/full/campaign/workspaces/93cf93df-ed03-4e1a-9dd4-eccde3ca5b0f	tests	372736	bd8bfd8e020be2a51d1268070870c7ee2ff6b2ce	surrogate/tests	6421b91de97dcff6251ebfc4a2c6fac826b3bf9e622f0f3a9a3b51adcbb561a5	git -C {repo} archive {git_commit} {git_source} | tar -x -C {experiment_root}/{root}/{parent_relative} --strip-components=1
v04-phase5-warehouse-controlpair-full-vs-nomeas-4x2-8r-20260613T011820Z-claw	rep04/full/campaign/workspaces/93cf93df-ed03-4e1a-9dd4-eccde3ca5b0f	milp_bounds	327680	bd8bfd8e020be2a51d1268070870c7ee2ff6b2ce	surrogate/milp_bounds	c127bcd8e5778b4909edd75c31b2df601f40f512065c23108337dfbaaa1c6808	git -C {repo} archive {git_commit} {git_source} | tar -x -C {experiment_root}/{root}/{parent_relative} --strip-components=1
v04-phase5-warehouse-controlpair-full-vs-nomeas-4x2-8r-20260613T011820Z-claw	rep04/full/campaign/workspaces/93cf93df-ed03-4e1a-9dd4-eccde3ca5b0f	calibration	8192	bd8bfd8e020be2a51d1268070870c7ee2ff6b2ce	surrogate/calibration	3c7648f54a6456a5824cc7f18140d3b28226300a12bf3bb4196cde86d8453016	git -C {repo} archive {git_commit} {git_source} | tar -x -C {experiment_root}/{root}/{parent_relative} --strip-components=1
v04-phase5-warehouse-controlpair-full-vs-nomeas-4x2-8r-20260613T011820Z-claw	rep04/full/campaign/workspaces/93cf93df-ed03-4e1a-9dd4-eccde3ca5b0f.checkpoint.08239928	data	9715712	bd8bfd8e020be2a51d1268070870c7ee2ff6b2ce	surrogate/data	e39d71899d6b96e6280b4ad0d8207960c6a393f0e0d6e35b5ad77e854d361ea3	git -C {repo} archive {git_commit} {git_source} | tar -x -C {experiment_root}/{root}/{parent_relative} --strip-components=1
v04-phase5-warehouse-controlpair-full-vs-nomeas-4x2-8r-20260613T011820Z-claw	rep04/full/campaign/workspaces/93cf93df-ed03-4e1a-9dd4-eccde3ca5b0f.checkpoint.08239928	cplex-final-20260426	1015808	bd8bfd8e020be2a51d1268070870c7ee2ff6b2ce	surrogate/cplex-final-20260426	b992f1c84218d64eee1586a0dd33e47569195cac060659bc3fa7231b098fd29f	git -C {repo} archive {git_commit} {git_source} | tar -x -C {experiment_root}/{root}/{parent_relative} --strip-components=1
v04-phase5-warehouse-controlpair-full-vs-nomeas-4x2-8r-20260613T011820Z-claw	rep04/full/campaign/workspaces/93cf93df-ed03-4e1a-9dd4-eccde3ca5b0f.checkpoint.08239928	sprint-f4-milp-results	466944	bd8bfd8e020be2a51d1268070870c7ee2ff6b2ce	surrogate/sprint-f4-milp-results	2a65d92d3876b297da8a70c215e29c02beb12888a6b0cf5782d5b959139ef521	git -C {repo} archive {git_commit} {git_source} | tar -x -C {experiment_root}/{root}/{parent_relative} --strip-components=1
v04-phase5-warehouse-controlpair-full-vs-nomeas-4x2-8r-20260613T011820Z-claw	rep04/full/campaign/workspaces/93cf93df-ed03-4e1a-9dd4-eccde3ca5b0f.checkpoint.08239928	tests	372736	bd8bfd8e020be2a51d1268070870c7ee2ff6b2ce	surrogate/tests	6421b91de97dcff6251ebfc4a2c6fac826b3bf9e622f0f3a9a3b51adcbb561a5	git -C {repo} archive {git_commit} {git_source} | tar -x -C {experiment_root}/{root}/{parent_relative} --strip-components=1
v04-phase5-warehouse-controlpair-full-vs-nomeas-4x2-8r-20260613T011820Z-claw	rep04/full/campaign/workspaces/93cf93df-ed03-4e1a-9dd4-eccde3ca5b0f.checkpoint.08239928	milp_bounds	327680	bd8bfd8e020be2a51d1268070870c7ee2ff6b2ce	surrogate/milp_bounds	c127bcd8e5778b4909edd75c31b2df601f40f512065c23108337dfbaaa1c6808	git -C {repo} archive {git_commit} {git_source} | tar -x -C {experiment_root}/{root}/{parent_relative} --strip-components=1
v04-phase5-warehouse-controlpair-full-vs-nomeas-4x2-8r-20260613T011820Z-claw	rep04/full/campaign/workspaces/93cf93df-ed03-4e1a-9dd4-eccde3ca5b0f.checkpoint.08239928	calibration	8192	bd8bfd8e020be2a51d1268070870c7ee2ff6b2ce	surrogate/calibration	3c7648f54a6456a5824cc7f18140d3b28226300a12bf3bb4196cde86d8453016	git -C {repo} archive {git_commit} {git_source} | tar -x -C {experiment_root}/{root}/{parent_relative} --strip-components=1
v04-phase5-warehouse-controlpair-full-vs-nomeas-4x2-8r-20260613T011820Z-claw	rep04/full/campaign/workspaces/93cf93df-ed03-4e1a-9dd4-eccde3ca5b0f.checkpoint.37b28ffb	data	9715712	bd8bfd8e020be2a51d1268070870c7ee2ff6b2ce	surrogate/data	e39d71899d6b96e6280b4ad0d8207960c6a393f0e0d6e35b5ad77e854d361ea3	git -C {repo} archive {git_commit} {git_source} | tar -x -C {experiment_root}/{root}/{parent_relative} --strip-components=1
v04-phase5-warehouse-controlpair-full-vs-nomeas-4x2-8r-20260613T011820Z-claw	rep04/full/campaign/workspaces/93cf93df-ed03-4e1a-9dd4-eccde3ca5b0f.checkpoint.37b28ffb	cplex-final-20260426	1015808	bd8bfd8e020be2a51d1268070870c7ee2ff6b2ce	surrogate/cplex-final-20260426	b992f1c84218d64eee1586a0dd33e47569195cac060659bc3fa7231b098fd29f	git -C {repo} archive {git_commit} {git_source} | tar -x -C {experiment_root}/{root}/{parent_relative} --strip-components=1
v04-phase5-warehouse-controlpair-full-vs-nomeas-4x2-8r-20260613T011820Z-claw	rep04/full/campaign/workspaces/93cf93df-ed03-4e1a-9dd4-eccde3ca5b0f.checkpoint.37b28ffb	sprint-f4-milp-results	466944	bd8bfd8e020be2a51d1268070870c7ee2ff6b2ce	surrogate/sprint-f4-milp-results	2a65d92d3876b297da8a70c215e29c02beb12888a6b0cf5782d5b959139ef521	git -C {repo} archive {git_commit} {git_source} | tar -x -C {experiment_root}/{root}/{parent_relative} --strip-components=1
v04-phase5-warehouse-controlpair-full-vs-nomeas-4x2-8r-20260613T011820Z-claw	rep04/full/campaign/workspaces/93cf93df-ed03-4e1a-9dd4-eccde3ca5b0f.checkpoint.37b28ffb	tests	372736	bd8bfd8e020be2a51d1268070870c7ee2ff6b2ce	surrogate/tests	6421b91de97dcff6251ebfc4a2c6fac826b3bf9e622f0f3a9a3b51adcbb561a5	git -C {repo} archive {git_commit} {git_source} | tar -x -C {experiment_root}/{root}/{parent_relative} --strip-components=1
v04-phase5-warehouse-controlpair-full-vs-nomeas-4x2-8r-20260613T011820Z-claw	rep04/full/campaign/workspaces/93cf93df-ed03-4e1a-9dd4-eccde3ca5b0f.checkpoint.37b28ffb	milp_bounds	327680	bd8bfd8e020be2a51d1268070870c7ee2ff6b2ce	surrogate/milp_bounds	c127bcd8e5778b4909edd75c31b2df601f40f512065c23108337dfbaaa1c6808	git -C {repo} archive {git_commit} {git_source} | tar -x -C {experiment_root}/{root}/{parent_relative} --strip-components=1
v04-phase5-warehouse-controlpair-full-vs-nomeas-4x2-8r-20260613T011820Z-claw	rep04/full/campaign/workspaces/93cf93df-ed03-4e1a-9dd4-eccde3ca5b0f.checkpoint.37b28ffb	calibration	8192	bd8bfd8e020be2a51d1268070870c7ee2ff6b2ce	surrogate/calibration	3c7648f54a6456a5824cc7f18140d3b28226300a12bf3bb4196cde86d8453016	git -C {repo} archive {git_commit} {git_source} | tar -x -C {experiment_root}/{root}/{parent_relative} --strip-components=1
v04-phase5-warehouse-controlpair-full-vs-nomeas-4x2-8r-20260613T011820Z-claw	rep04/full/campaign/workspaces/d51aa536-4186-4528-b539-9fda2f801b9b.checkpoint.242038a1	data	9715712	bd8bfd8e020be2a51d1268070870c7ee2ff6b2ce	surrogate/data	e39d71899d6b96e6280b4ad0d8207960c6a393f0e0d6e35b5ad77e854d361ea3	git -C {repo} archive {git_commit} {git_source} | tar -x -C {experiment_root}/{root}/{parent_relative} --strip-components=1
v04-phase5-warehouse-controlpair-full-vs-nomeas-4x2-8r-20260613T011820Z-claw	rep04/full/campaign/workspaces/d51aa536-4186-4528-b539-9fda2f801b9b.checkpoint.242038a1	cplex-final-20260426	1015808	bd8bfd8e020be2a51d1268070870c7ee2ff6b2ce	surrogate/cplex-final-20260426	b992f1c84218d64eee1586a0dd33e47569195cac060659bc3fa7231b098fd29f	git -C {repo} archive {git_commit} {git_source} | tar -x -C {experiment_root}/{root}/{parent_relative} --strip-components=1
v04-phase5-warehouse-controlpair-full-vs-nomeas-4x2-8r-20260613T011820Z-claw	rep04/full/campaign/workspaces/d51aa536-4186-4528-b539-9fda2f801b9b.checkpoint.242038a1	sprint-f4-milp-results	466944	bd8bfd8e020be2a51d1268070870c7ee2ff6b2ce	surrogate/sprint-f4-milp-results	2a65d92d3876b297da8a70c215e29c02beb12888a6b0cf5782d5b959139ef521	git -C {repo} archive {git_commit} {git_source} | tar -x -C {experiment_root}/{root}/{parent_relative} --strip-components=1
v04-phase5-warehouse-controlpair-full-vs-nomeas-4x2-8r-20260613T011820Z-claw	rep04/full/campaign/workspaces/d51aa536-4186-4528-b539-9fda2f801b9b.checkpoint.242038a1	tests	372736	bd8bfd8e020be2a51d1268070870c7ee2ff6b2ce	surrogate/tests	6421b91de97dcff6251ebfc4a2c6fac826b3bf9e622f0f3a9a3b51adcbb561a5	git -C {repo} archive {git_commit} {git_source} | tar -x -C {experiment_root}/{root}/{parent_relative} --strip-components=1
v04-phase5-warehouse-controlpair-full-vs-nomeas-4x2-8r-20260613T011820Z-claw	rep04/full/campaign/workspaces/d51aa536-4186-4528-b539-9fda2f801b9b.checkpoint.242038a1	milp_bounds	327680	bd8bfd8e020be2a51d1268070870c7ee2ff6b2ce	surrogate/milp_bounds	c127bcd8e5778b4909edd75c31b2df601f40f512065c23108337dfbaaa1c6808	git -C {repo} archive {git_commit} {git_source} | tar -x -C {experiment_root}/{root}/{parent_relative} --strip-components=1
v04-phase5-warehouse-controlpair-full-vs-nomeas-4x2-8r-20260613T011820Z-claw	rep04/full/campaign/workspaces/d51aa536-4186-4528-b539-9fda2f801b9b.checkpoint.242038a1	calibration	8192	bd8bfd8e020be2a51d1268070870c7ee2ff6b2ce	surrogate/calibration	3c7648f54a6456a5824cc7f18140d3b28226300a12bf3bb4196cde86d8453016	git -C {repo} archive {git_commit} {git_source} | tar -x -C {experiment_root}/{root}/{parent_relative} --strip-components=1
v04-phase5-warehouse-controlpair-full-vs-nomeas-4x2-8r-20260613T011820Z-claw	rep04/no-measurement-diagnostics/campaign/champions/champion_v1	data	9715712	bd8bfd8e020be2a51d1268070870c7ee2ff6b2ce	surrogate/data	e39d71899d6b96e6280b4ad0d8207960c6a393f0e0d6e35b5ad77e854d361ea3	git -C {repo} archive {git_commit} {git_source} | tar -x -C {experiment_root}/{root}/{parent_relative} --strip-components=1
v04-phase5-warehouse-controlpair-full-vs-nomeas-4x2-8r-20260613T011820Z-claw	rep04/no-measurement-diagnostics/campaign/champions/champion_v1	cplex-final-20260426	1015808	bd8bfd8e020be2a51d1268070870c7ee2ff6b2ce	surrogate/cplex-final-20260426	b992f1c84218d64eee1586a0dd33e47569195cac060659bc3fa7231b098fd29f	git -C {repo} archive {git_commit} {git_source} | tar -x -C {experiment_root}/{root}/{parent_relative} --strip-components=1
v04-phase5-warehouse-controlpair-full-vs-nomeas-4x2-8r-20260613T011820Z-claw	rep04/no-measurement-diagnostics/campaign/champions/champion_v1	sprint-f4-milp-results	466944	bd8bfd8e020be2a51d1268070870c7ee2ff6b2ce	surrogate/sprint-f4-milp-results	2a65d92d3876b297da8a70c215e29c02beb12888a6b0cf5782d5b959139ef521	git -C {repo} archive {git_commit} {git_source} | tar -x -C {experiment_root}/{root}/{parent_relative} --strip-components=1
v04-phase5-warehouse-controlpair-full-vs-nomeas-4x2-8r-20260613T011820Z-claw	rep04/no-measurement-diagnostics/campaign/champions/champion_v1	tests	372736	bd8bfd8e020be2a51d1268070870c7ee2ff6b2ce	surrogate/tests	6421b91de97dcff6251ebfc4a2c6fac826b3bf9e622f0f3a9a3b51adcbb561a5	git -C {repo} archive {git_commit} {git_source} | tar -x -C {experiment_root}/{root}/{parent_relative} --strip-components=1
v04-phase5-warehouse-controlpair-full-vs-nomeas-4x2-8r-20260613T011820Z-claw	rep04/no-measurement-diagnostics/campaign/champions/champion_v1	milp_bounds	327680	bd8bfd8e020be2a51d1268070870c7ee2ff6b2ce	surrogate/milp_bounds	c127bcd8e5778b4909edd75c31b2df601f40f512065c23108337dfbaaa1c6808	git -C {repo} archive {git_commit} {git_source} | tar -x -C {experiment_root}/{root}/{parent_relative} --strip-components=1
v04-phase5-warehouse-controlpair-full-vs-nomeas-4x2-8r-20260613T011820Z-claw	rep04/no-measurement-diagnostics/campaign/champions/champion_v1	calibration	8192	bd8bfd8e020be2a51d1268070870c7ee2ff6b2ce	surrogate/calibration	3c7648f54a6456a5824cc7f18140d3b28226300a12bf3bb4196cde86d8453016	git -C {repo} archive {git_commit} {git_source} | tar -x -C {experiment_root}/{root}/{parent_relative} --strip-components=1
v04-phase5-warehouse-controlpair-full-vs-nomeas-4x2-8r-20260613T011820Z-claw	rep04/no-measurement-diagnostics/campaign/champions/champion_v2	data	9715712	bd8bfd8e020be2a51d1268070870c7ee2ff6b2ce	surrogate/data	e39d71899d6b96e6280b4ad0d8207960c6a393f0e0d6e35b5ad77e854d361ea3	git -C {repo} archive {git_commit} {git_source} | tar -x -C {experiment_root}/{root}/{parent_relative} --strip-components=1
v04-phase5-warehouse-controlpair-full-vs-nomeas-4x2-8r-20260613T011820Z-claw	rep04/no-measurement-diagnostics/campaign/champions/champion_v2	cplex-final-20260426	1015808	bd8bfd8e020be2a51d1268070870c7ee2ff6b2ce	surrogate/cplex-final-20260426	b992f1c84218d64eee1586a0dd33e47569195cac060659bc3fa7231b098fd29f	git -C {repo} archive {git_commit} {git_source} | tar -x -C {experiment_root}/{root}/{parent_relative} --strip-components=1
v04-phase5-warehouse-controlpair-full-vs-nomeas-4x2-8r-20260613T011820Z-claw	rep04/no-measurement-diagnostics/campaign/champions/champion_v2	sprint-f4-milp-results	466944	bd8bfd8e020be2a51d1268070870c7ee2ff6b2ce	surrogate/sprint-f4-milp-results	2a65d92d3876b297da8a70c215e29c02beb12888a6b0cf5782d5b959139ef521	git -C {repo} archive {git_commit} {git_source} | tar -x -C {experiment_root}/{root}/{parent_relative} --strip-components=1
v04-phase5-warehouse-controlpair-full-vs-nomeas-4x2-8r-20260613T011820Z-claw	rep04/no-measurement-diagnostics/campaign/champions/champion_v2	tests	372736	bd8bfd8e020be2a51d1268070870c7ee2ff6b2ce	surrogate/tests	6421b91de97dcff6251ebfc4a2c6fac826b3bf9e622f0f3a9a3b51adcbb561a5	git -C {repo} archive {git_commit} {git_source} | tar -x -C {experiment_root}/{root}/{parent_relative} --strip-components=1
v04-phase5-warehouse-controlpair-full-vs-nomeas-4x2-8r-20260613T011820Z-claw	rep04/no-measurement-diagnostics/campaign/champions/champion_v2	milp_bounds	327680	bd8bfd8e020be2a51d1268070870c7ee2ff6b2ce	surrogate/milp_bounds	c127bcd8e5778b4909edd75c31b2df601f40f512065c23108337dfbaaa1c6808	git -C {repo} archive {git_commit} {git_source} | tar -x -C {experiment_root}/{root}/{parent_relative} --strip-components=1
v04-phase5-warehouse-controlpair-full-vs-nomeas-4x2-8r-20260613T011820Z-claw	rep04/no-measurement-diagnostics/campaign/champions/champion_v2	calibration	8192	bd8bfd8e020be2a51d1268070870c7ee2ff6b2ce	surrogate/calibration	3c7648f54a6456a5824cc7f18140d3b28226300a12bf3bb4196cde86d8453016	git -C {repo} archive {git_commit} {git_source} | tar -x -C {experiment_root}/{root}/{parent_relative} --strip-components=1
v04-phase5-warehouse-controlpair-full-vs-nomeas-4x2-8r-20260613T011820Z-claw	rep04/no-measurement-diagnostics/campaign/weight_opt_v2	data	9715712	bd8bfd8e020be2a51d1268070870c7ee2ff6b2ce	surrogate/data	e39d71899d6b96e6280b4ad0d8207960c6a393f0e0d6e35b5ad77e854d361ea3	git -C {repo} archive {git_commit} {git_source} | tar -x -C {experiment_root}/{root}/{parent_relative} --strip-components=1
v04-phase5-warehouse-controlpair-full-vs-nomeas-4x2-8r-20260613T011820Z-claw	rep04/no-measurement-diagnostics/campaign/weight_opt_v2	cplex-final-20260426	1015808	bd8bfd8e020be2a51d1268070870c7ee2ff6b2ce	surrogate/cplex-final-20260426	b992f1c84218d64eee1586a0dd33e47569195cac060659bc3fa7231b098fd29f	git -C {repo} archive {git_commit} {git_source} | tar -x -C {experiment_root}/{root}/{parent_relative} --strip-components=1
v04-phase5-warehouse-controlpair-full-vs-nomeas-4x2-8r-20260613T011820Z-claw	rep04/no-measurement-diagnostics/campaign/weight_opt_v2	sprint-f4-milp-results	466944	bd8bfd8e020be2a51d1268070870c7ee2ff6b2ce	surrogate/sprint-f4-milp-results	2a65d92d3876b297da8a70c215e29c02beb12888a6b0cf5782d5b959139ef521	git -C {repo} archive {git_commit} {git_source} | tar -x -C {experiment_root}/{root}/{parent_relative} --strip-components=1
v04-phase5-warehouse-controlpair-full-vs-nomeas-4x2-8r-20260613T011820Z-claw	rep04/no-measurement-diagnostics/campaign/weight_opt_v2	tests	372736	bd8bfd8e020be2a51d1268070870c7ee2ff6b2ce	surrogate/tests	6421b91de97dcff6251ebfc4a2c6fac826b3bf9e622f0f3a9a3b51adcbb561a5	git -C {repo} archive {git_commit} {git_source} | tar -x -C {experiment_root}/{root}/{parent_relative} --strip-components=1
v04-phase5-warehouse-controlpair-full-vs-nomeas-4x2-8r-20260613T011820Z-claw	rep04/no-measurement-diagnostics/campaign/weight_opt_v2	milp_bounds	327680	bd8bfd8e020be2a51d1268070870c7ee2ff6b2ce	surrogate/milp_bounds	c127bcd8e5778b4909edd75c31b2df601f40f512065c23108337dfbaaa1c6808	git -C {repo} archive {git_commit} {git_source} | tar -x -C {experiment_root}/{root}/{parent_relative} --strip-components=1
v04-phase5-warehouse-controlpair-full-vs-nomeas-4x2-8r-20260613T011820Z-claw	rep04/no-measurement-diagnostics/campaign/weight_opt_v2	calibration	8192	bd8bfd8e020be2a51d1268070870c7ee2ff6b2ce	surrogate/calibration	3c7648f54a6456a5824cc7f18140d3b28226300a12bf3bb4196cde86d8453016	git -C {repo} archive {git_commit} {git_source} | tar -x -C {experiment_root}/{root}/{parent_relative} --strip-components=1
v04-phase5-warehouse-controlpair-full-vs-nomeas-4x2-8r-20260613T011820Z-claw	rep04/no-measurement-diagnostics/campaign/workspaces/d291ec9f-45b3-48c7-8245-189521047bae	data	9715712	bd8bfd8e020be2a51d1268070870c7ee2ff6b2ce	surrogate/data	e39d71899d6b96e6280b4ad0d8207960c6a393f0e0d6e35b5ad77e854d361ea3	git -C {repo} archive {git_commit} {git_source} | tar -x -C {experiment_root}/{root}/{parent_relative} --strip-components=1
v04-phase5-warehouse-controlpair-full-vs-nomeas-4x2-8r-20260613T011820Z-claw	rep04/no-measurement-diagnostics/campaign/workspaces/d291ec9f-45b3-48c7-8245-189521047bae	cplex-final-20260426	1015808	bd8bfd8e020be2a51d1268070870c7ee2ff6b2ce	surrogate/cplex-final-20260426	b992f1c84218d64eee1586a0dd33e47569195cac060659bc3fa7231b098fd29f	git -C {repo} archive {git_commit} {git_source} | tar -x -C {experiment_root}/{root}/{parent_relative} --strip-components=1
v04-phase5-warehouse-controlpair-full-vs-nomeas-4x2-8r-20260613T011820Z-claw	rep04/no-measurement-diagnostics/campaign/workspaces/d291ec9f-45b3-48c7-8245-189521047bae	sprint-f4-milp-results	466944	bd8bfd8e020be2a51d1268070870c7ee2ff6b2ce	surrogate/sprint-f4-milp-results	2a65d92d3876b297da8a70c215e29c02beb12888a6b0cf5782d5b959139ef521	git -C {repo} archive {git_commit} {git_source} | tar -x -C {experiment_root}/{root}/{parent_relative} --strip-components=1
v04-phase5-warehouse-controlpair-full-vs-nomeas-4x2-8r-20260613T011820Z-claw	rep04/no-measurement-diagnostics/campaign/workspaces/d291ec9f-45b3-48c7-8245-189521047bae	tests	372736	bd8bfd8e020be2a51d1268070870c7ee2ff6b2ce	surrogate/tests	6421b91de97dcff6251ebfc4a2c6fac826b3bf9e622f0f3a9a3b51adcbb561a5	git -C {repo} archive {git_commit} {git_source} | tar -x -C {experiment_root}/{root}/{parent_relative} --strip-components=1
v04-phase5-warehouse-controlpair-full-vs-nomeas-4x2-8r-20260613T011820Z-claw	rep04/no-measurement-diagnostics/campaign/workspaces/d291ec9f-45b3-48c7-8245-189521047bae	milp_bounds	327680	bd8bfd8e020be2a51d1268070870c7ee2ff6b2ce	surrogate/milp_bounds	c127bcd8e5778b4909edd75c31b2df601f40f512065c23108337dfbaaa1c6808	git -C {repo} archive {git_commit} {git_source} | tar -x -C {experiment_root}/{root}/{parent_relative} --strip-components=1
v04-phase5-warehouse-controlpair-full-vs-nomeas-4x2-8r-20260613T011820Z-claw	rep04/no-measurement-diagnostics/campaign/workspaces/d291ec9f-45b3-48c7-8245-189521047bae	calibration	8192	bd8bfd8e020be2a51d1268070870c7ee2ff6b2ce	surrogate/calibration	3c7648f54a6456a5824cc7f18140d3b28226300a12bf3bb4196cde86d8453016	git -C {repo} archive {git_commit} {git_source} | tar -x -C {experiment_root}/{root}/{parent_relative} --strip-components=1
v04-phase5-warehouse-controlpair-full-vs-nomeas-4x2-8r-20260613T011820Z-claw	rep04/no-measurement-diagnostics/campaign/workspaces/d291ec9f-45b3-48c7-8245-189521047bae.checkpoint.101da238	data	9715712	bd8bfd8e020be2a51d1268070870c7ee2ff6b2ce	surrogate/data	e39d71899d6b96e6280b4ad0d8207960c6a393f0e0d6e35b5ad77e854d361ea3	git -C {repo} archive {git_commit} {git_source} | tar -x -C {experiment_root}/{root}/{parent_relative} --strip-components=1
v04-phase5-warehouse-controlpair-full-vs-nomeas-4x2-8r-20260613T011820Z-claw	rep04/no-measurement-diagnostics/campaign/workspaces/d291ec9f-45b3-48c7-8245-189521047bae.checkpoint.101da238	cplex-final-20260426	1015808	bd8bfd8e020be2a51d1268070870c7ee2ff6b2ce	surrogate/cplex-final-20260426	b992f1c84218d64eee1586a0dd33e47569195cac060659bc3fa7231b098fd29f	git -C {repo} archive {git_commit} {git_source} | tar -x -C {experiment_root}/{root}/{parent_relative} --strip-components=1
v04-phase5-warehouse-controlpair-full-vs-nomeas-4x2-8r-20260613T011820Z-claw	rep04/no-measurement-diagnostics/campaign/workspaces/d291ec9f-45b3-48c7-8245-189521047bae.checkpoint.101da238	sprint-f4-milp-results	466944	bd8bfd8e020be2a51d1268070870c7ee2ff6b2ce	surrogate/sprint-f4-milp-results	2a65d92d3876b297da8a70c215e29c02beb12888a6b0cf5782d5b959139ef521	git -C {repo} archive {git_commit} {git_source} | tar -x -C {experiment_root}/{root}/{parent_relative} --strip-components=1
v04-phase5-warehouse-controlpair-full-vs-nomeas-4x2-8r-20260613T011820Z-claw	rep04/no-measurement-diagnostics/campaign/workspaces/d291ec9f-45b3-48c7-8245-189521047bae.checkpoint.101da238	tests	372736	bd8bfd8e020be2a51d1268070870c7ee2ff6b2ce	surrogate/tests	6421b91de97dcff6251ebfc4a2c6fac826b3bf9e622f0f3a9a3b51adcbb561a5	git -C {repo} archive {git_commit} {git_source} | tar -x -C {experiment_root}/{root}/{parent_relative} --strip-components=1
v04-phase5-warehouse-controlpair-full-vs-nomeas-4x2-8r-20260613T011820Z-claw	rep04/no-measurement-diagnostics/campaign/workspaces/d291ec9f-45b3-48c7-8245-189521047bae.checkpoint.101da238	milp_bounds	327680	bd8bfd8e020be2a51d1268070870c7ee2ff6b2ce	surrogate/milp_bounds	c127bcd8e5778b4909edd75c31b2df601f40f512065c23108337dfbaaa1c6808	git -C {repo} archive {git_commit} {git_source} | tar -x -C {experiment_root}/{root}/{parent_relative} --strip-components=1
v04-phase5-warehouse-controlpair-full-vs-nomeas-4x2-8r-20260613T011820Z-claw	rep04/no-measurement-diagnostics/campaign/workspaces/d291ec9f-45b3-48c7-8245-189521047bae.checkpoint.101da238	calibration	8192	bd8bfd8e020be2a51d1268070870c7ee2ff6b2ce	surrogate/calibration	3c7648f54a6456a5824cc7f18140d3b28226300a12bf3bb4196cde86d8453016	git -C {repo} archive {git_commit} {git_source} | tar -x -C {experiment_root}/{root}/{parent_relative} --strip-components=1
v04-phase5-warehouse-controlpair-full-vs-nomeas-4x2-8r-20260613T011820Z-claw	rep04/no-measurement-diagnostics/campaign/workspaces/d291ec9f-45b3-48c7-8245-189521047bae.checkpoint.92ef4774	data	9715712	bd8bfd8e020be2a51d1268070870c7ee2ff6b2ce	surrogate/data	e39d71899d6b96e6280b4ad0d8207960c6a393f0e0d6e35b5ad77e854d361ea3	git -C {repo} archive {git_commit} {git_source} | tar -x -C {experiment_root}/{root}/{parent_relative} --strip-components=1
v04-phase5-warehouse-controlpair-full-vs-nomeas-4x2-8r-20260613T011820Z-claw	rep04/no-measurement-diagnostics/campaign/workspaces/d291ec9f-45b3-48c7-8245-189521047bae.checkpoint.92ef4774	cplex-final-20260426	1015808	bd8bfd8e020be2a51d1268070870c7ee2ff6b2ce	surrogate/cplex-final-20260426	b992f1c84218d64eee1586a0dd33e47569195cac060659bc3fa7231b098fd29f	git -C {repo} archive {git_commit} {git_source} | tar -x -C {experiment_root}/{root}/{parent_relative} --strip-components=1
v04-phase5-warehouse-controlpair-full-vs-nomeas-4x2-8r-20260613T011820Z-claw	rep04/no-measurement-diagnostics/campaign/workspaces/d291ec9f-45b3-48c7-8245-189521047bae.checkpoint.92ef4774	sprint-f4-milp-results	466944	bd8bfd8e020be2a51d1268070870c7ee2ff6b2ce	surrogate/sprint-f4-milp-results	2a65d92d3876b297da8a70c215e29c02beb12888a6b0cf5782d5b959139ef521	git -C {repo} archive {git_commit} {git_source} | tar -x -C {experiment_root}/{root}/{parent_relative} --strip-components=1
v04-phase5-warehouse-controlpair-full-vs-nomeas-4x2-8r-20260613T011820Z-claw	rep04/no-measurement-diagnostics/campaign/workspaces/d291ec9f-45b3-48c7-8245-189521047bae.checkpoint.92ef4774	tests	372736	bd8bfd8e020be2a51d1268070870c7ee2ff6b2ce	surrogate/tests	6421b91de97dcff6251ebfc4a2c6fac826b3bf9e622f0f3a9a3b51adcbb561a5	git -C {repo} archive {git_commit} {git_source} | tar -x -C {experiment_root}/{root}/{parent_relative} --strip-components=1
v04-phase5-warehouse-controlpair-full-vs-nomeas-4x2-8r-20260613T011820Z-claw	rep04/no-measurement-diagnostics/campaign/workspaces/d291ec9f-45b3-48c7-8245-189521047bae.checkpoint.92ef4774	milp_bounds	327680	bd8bfd8e020be2a51d1268070870c7ee2ff6b2ce	surrogate/milp_bounds	c127bcd8e5778b4909edd75c31b2df601f40f512065c23108337dfbaaa1c6808	git -C {repo} archive {git_commit} {git_source} | tar -x -C {experiment_root}/{root}/{parent_relative} --strip-components=1
v04-phase5-warehouse-controlpair-full-vs-nomeas-4x2-8r-20260613T011820Z-claw	rep04/no-measurement-diagnostics/campaign/workspaces/d291ec9f-45b3-48c7-8245-189521047bae.checkpoint.92ef4774	calibration	8192	bd8bfd8e020be2a51d1268070870c7ee2ff6b2ce	surrogate/calibration	3c7648f54a6456a5824cc7f18140d3b28226300a12bf3bb4196cde86d8453016	git -C {repo} archive {git_commit} {git_source} | tar -x -C {experiment_root}/{root}/{parent_relative} --strip-components=1
v04-phase5-warehouse-controlpair-full-vs-nomeas-4x2-8r-20260613T011820Z-claw	rep04/no-measurement-diagnostics/campaign/workspaces/db8e2d7a-57e3-4958-969d-8b759c321052	data	9715712	bd8bfd8e020be2a51d1268070870c7ee2ff6b2ce	surrogate/data	e39d71899d6b96e6280b4ad0d8207960c6a393f0e0d6e35b5ad77e854d361ea3	git -C {repo} archive {git_commit} {git_source} | tar -x -C {experiment_root}/{root}/{parent_relative} --strip-components=1
v04-phase5-warehouse-controlpair-full-vs-nomeas-4x2-8r-20260613T011820Z-claw	rep04/no-measurement-diagnostics/campaign/workspaces/db8e2d7a-57e3-4958-969d-8b759c321052	cplex-final-20260426	1015808	bd8bfd8e020be2a51d1268070870c7ee2ff6b2ce	surrogate/cplex-final-20260426	b992f1c84218d64eee1586a0dd33e47569195cac060659bc3fa7231b098fd29f	git -C {repo} archive {git_commit} {git_source} | tar -x -C {experiment_root}/{root}/{parent_relative} --strip-components=1
v04-phase5-warehouse-controlpair-full-vs-nomeas-4x2-8r-20260613T011820Z-claw	rep04/no-measurement-diagnostics/campaign/workspaces/db8e2d7a-57e3-4958-969d-8b759c321052	sprint-f4-milp-results	466944	bd8bfd8e020be2a51d1268070870c7ee2ff6b2ce	surrogate/sprint-f4-milp-results	2a65d92d3876b297da8a70c215e29c02beb12888a6b0cf5782d5b959139ef521	git -C {repo} archive {git_commit} {git_source} | tar -x -C {experiment_root}/{root}/{parent_relative} --strip-components=1
v04-phase5-warehouse-controlpair-full-vs-nomeas-4x2-8r-20260613T011820Z-claw	rep04/no-measurement-diagnostics/campaign/workspaces/db8e2d7a-57e3-4958-969d-8b759c321052	tests	372736	bd8bfd8e020be2a51d1268070870c7ee2ff6b2ce	surrogate/tests	6421b91de97dcff6251ebfc4a2c6fac826b3bf9e622f0f3a9a3b51adcbb561a5	git -C {repo} archive {git_commit} {git_source} | tar -x -C {experiment_root}/{root}/{parent_relative} --strip-components=1
v04-phase5-warehouse-controlpair-full-vs-nomeas-4x2-8r-20260613T011820Z-claw	rep04/no-measurement-diagnostics/campaign/workspaces/db8e2d7a-57e3-4958-969d-8b759c321052	milp_bounds	327680	bd8bfd8e020be2a51d1268070870c7ee2ff6b2ce	surrogate/milp_bounds	c127bcd8e5778b4909edd75c31b2df601f40f512065c23108337dfbaaa1c6808	git -C {repo} archive {git_commit} {git_source} | tar -x -C {experiment_root}/{root}/{parent_relative} --strip-components=1
v04-phase5-warehouse-controlpair-full-vs-nomeas-4x2-8r-20260613T011820Z-claw	rep04/no-measurement-diagnostics/campaign/workspaces/db8e2d7a-57e3-4958-969d-8b759c321052	calibration	8192	bd8bfd8e020be2a51d1268070870c7ee2ff6b2ce	surrogate/calibration	3c7648f54a6456a5824cc7f18140d3b28226300a12bf3bb4196cde86d8453016	git -C {repo} archive {git_commit} {git_source} | tar -x -C {experiment_root}/{root}/{parent_relative} --strip-components=1
v04-phase5-warehouse-context-ablation-formal-3x3-8r-20260612T114219Z-claw	rep01/full/campaign/champions/champion_v1	data	9715712	171648c4204dfd8b7d0ca68e8fffca4532711d50	surrogate/data	e39d71899d6b96e6280b4ad0d8207960c6a393f0e0d6e35b5ad77e854d361ea3	git -C {repo} archive {git_commit} {git_source} | tar -x -C {experiment_root}/{root}/{parent_relative} --strip-components=1
v04-phase5-warehouse-context-ablation-formal-3x3-8r-20260612T114219Z-claw	rep01/full/campaign/champions/champion_v1	cplex-final-20260426	1015808	171648c4204dfd8b7d0ca68e8fffca4532711d50	surrogate/cplex-final-20260426	b992f1c84218d64eee1586a0dd33e47569195cac060659bc3fa7231b098fd29f	git -C {repo} archive {git_commit} {git_source} | tar -x -C {experiment_root}/{root}/{parent_relative} --strip-components=1
v04-phase5-warehouse-context-ablation-formal-3x3-8r-20260612T114219Z-claw	rep01/full/campaign/champions/champion_v1	sprint-f4-milp-results	466944	171648c4204dfd8b7d0ca68e8fffca4532711d50	surrogate/sprint-f4-milp-results	2a65d92d3876b297da8a70c215e29c02beb12888a6b0cf5782d5b959139ef521	git -C {repo} archive {git_commit} {git_source} | tar -x -C {experiment_root}/{root}/{parent_relative} --strip-components=1
v04-phase5-warehouse-context-ablation-formal-3x3-8r-20260612T114219Z-claw	rep01/full/campaign/champions/champion_v1	tests	372736	171648c4204dfd8b7d0ca68e8fffca4532711d50	surrogate/tests	6421b91de97dcff6251ebfc4a2c6fac826b3bf9e622f0f3a9a3b51adcbb561a5	git -C {repo} archive {git_commit} {git_source} | tar -x -C {experiment_root}/{root}/{parent_relative} --strip-components=1
v04-phase5-warehouse-context-ablation-formal-3x3-8r-20260612T114219Z-claw	rep01/full/campaign/champions/champion_v1	milp_bounds	327680	171648c4204dfd8b7d0ca68e8fffca4532711d50	surrogate/milp_bounds	c127bcd8e5778b4909edd75c31b2df601f40f512065c23108337dfbaaa1c6808	git -C {repo} archive {git_commit} {git_source} | tar -x -C {experiment_root}/{root}/{parent_relative} --strip-components=1
v04-phase5-warehouse-context-ablation-formal-3x3-8r-20260612T114219Z-claw	rep01/full/campaign/champions/champion_v1	calibration	8192	171648c4204dfd8b7d0ca68e8fffca4532711d50	surrogate/calibration	3c7648f54a6456a5824cc7f18140d3b28226300a12bf3bb4196cde86d8453016	git -C {repo} archive {git_commit} {git_source} | tar -x -C {experiment_root}/{root}/{parent_relative} --strip-components=1
v04-phase5-warehouse-context-ablation-formal-3x3-8r-20260612T114219Z-claw	rep01/full/campaign/workspaces/6f28852d-e0f9-464d-9cd3-fd06a36f4722	data	9715712	171648c4204dfd8b7d0ca68e8fffca4532711d50	surrogate/data	e39d71899d6b96e6280b4ad0d8207960c6a393f0e0d6e35b5ad77e854d361ea3	git -C {repo} archive {git_commit} {git_source} | tar -x -C {experiment_root}/{root}/{parent_relative} --strip-components=1
v04-phase5-warehouse-context-ablation-formal-3x3-8r-20260612T114219Z-claw	rep01/full/campaign/workspaces/6f28852d-e0f9-464d-9cd3-fd06a36f4722	cplex-final-20260426	1015808	171648c4204dfd8b7d0ca68e8fffca4532711d50	surrogate/cplex-final-20260426	b992f1c84218d64eee1586a0dd33e47569195cac060659bc3fa7231b098fd29f	git -C {repo} archive {git_commit} {git_source} | tar -x -C {experiment_root}/{root}/{parent_relative} --strip-components=1
v04-phase5-warehouse-context-ablation-formal-3x3-8r-20260612T114219Z-claw	rep01/full/campaign/workspaces/6f28852d-e0f9-464d-9cd3-fd06a36f4722	sprint-f4-milp-results	466944	171648c4204dfd8b7d0ca68e8fffca4532711d50	surrogate/sprint-f4-milp-results	2a65d92d3876b297da8a70c215e29c02beb12888a6b0cf5782d5b959139ef521	git -C {repo} archive {git_commit} {git_source} | tar -x -C {experiment_root}/{root}/{parent_relative} --strip-components=1
v04-phase5-warehouse-context-ablation-formal-3x3-8r-20260612T114219Z-claw	rep01/full/campaign/workspaces/6f28852d-e0f9-464d-9cd3-fd06a36f4722	tests	372736	171648c4204dfd8b7d0ca68e8fffca4532711d50	surrogate/tests	6421b91de97dcff6251ebfc4a2c6fac826b3bf9e622f0f3a9a3b51adcbb561a5	git -C {repo} archive {git_commit} {git_source} | tar -x -C {experiment_root}/{root}/{parent_relative} --strip-components=1
v04-phase5-warehouse-context-ablation-formal-3x3-8r-20260612T114219Z-claw	rep01/full/campaign/workspaces/6f28852d-e0f9-464d-9cd3-fd06a36f4722	milp_bounds	327680	171648c4204dfd8b7d0ca68e8fffca4532711d50	surrogate/milp_bounds	c127bcd8e5778b4909edd75c31b2df601f40f512065c23108337dfbaaa1c6808	git -C {repo} archive {git_commit} {git_source} | tar -x -C {experiment_root}/{root}/{parent_relative} --strip-components=1
v04-phase5-warehouse-context-ablation-formal-3x3-8r-20260612T114219Z-claw	rep01/full/campaign/workspaces/6f28852d-e0f9-464d-9cd3-fd06a36f4722	calibration	8192	171648c4204dfd8b7d0ca68e8fffca4532711d50	surrogate/calibration	3c7648f54a6456a5824cc7f18140d3b28226300a12bf3bb4196cde86d8453016	git -C {repo} archive {git_commit} {git_source} | tar -x -C {experiment_root}/{root}/{parent_relative} --strip-components=1
v04-phase5-warehouse-context-ablation-formal-3x3-8r-20260612T114219Z-claw	rep01/full/campaign/workspaces/6f28852d-e0f9-464d-9cd3-fd06a36f4722.checkpoint.5f97b5e4	data	9715712	171648c4204dfd8b7d0ca68e8fffca4532711d50	surrogate/data	e39d71899d6b96e6280b4ad0d8207960c6a393f0e0d6e35b5ad77e854d361ea3	git -C {repo} archive {git_commit} {git_source} | tar -x -C {experiment_root}/{root}/{parent_relative} --strip-components=1
v04-phase5-warehouse-context-ablation-formal-3x3-8r-20260612T114219Z-claw	rep01/full/campaign/workspaces/6f28852d-e0f9-464d-9cd3-fd06a36f4722.checkpoint.5f97b5e4	cplex-final-20260426	1015808	171648c4204dfd8b7d0ca68e8fffca4532711d50	surrogate/cplex-final-20260426	b992f1c84218d64eee1586a0dd33e47569195cac060659bc3fa7231b098fd29f	git -C {repo} archive {git_commit} {git_source} | tar -x -C {experiment_root}/{root}/{parent_relative} --strip-components=1
v04-phase5-warehouse-context-ablation-formal-3x3-8r-20260612T114219Z-claw	rep01/full/campaign/workspaces/6f28852d-e0f9-464d-9cd3-fd06a36f4722.checkpoint.5f97b5e4	sprint-f4-milp-results	466944	171648c4204dfd8b7d0ca68e8fffca4532711d50	surrogate/sprint-f4-milp-results	2a65d92d3876b297da8a70c215e29c02beb12888a6b0cf5782d5b959139ef521	git -C {repo} archive {git_commit} {git_source} | tar -x -C {experiment_root}/{root}/{parent_relative} --strip-components=1
v04-phase5-warehouse-context-ablation-formal-3x3-8r-20260612T114219Z-claw	rep01/full/campaign/workspaces/6f28852d-e0f9-464d-9cd3-fd06a36f4722.checkpoint.5f97b5e4	tests	372736	171648c4204dfd8b7d0ca68e8fffca4532711d50	surrogate/tests	6421b91de97dcff6251ebfc4a2c6fac826b3bf9e622f0f3a9a3b51adcbb561a5	git -C {repo} archive {git_commit} {git_source} | tar -x -C {experiment_root}/{root}/{parent_relative} --strip-components=1
v04-phase5-warehouse-context-ablation-formal-3x3-8r-20260612T114219Z-claw	rep01/full/campaign/workspaces/6f28852d-e0f9-464d-9cd3-fd06a36f4722.checkpoint.5f97b5e4	milp_bounds	327680	171648c4204dfd8b7d0ca68e8fffca4532711d50	surrogate/milp_bounds	c127bcd8e5778b4909edd75c31b2df601f40f512065c23108337dfbaaa1c6808	git -C {repo} archive {git_commit} {git_source} | tar -x -C {experiment_root}/{root}/{parent_relative} --strip-components=1
v04-phase5-warehouse-context-ablation-formal-3x3-8r-20260612T114219Z-claw	rep01/full/campaign/workspaces/6f28852d-e0f9-464d-9cd3-fd06a36f4722.checkpoint.5f97b5e4	calibration	8192	171648c4204dfd8b7d0ca68e8fffca4532711d50	surrogate/calibration	3c7648f54a6456a5824cc7f18140d3b28226300a12bf3bb4196cde86d8453016	git -C {repo} archive {git_commit} {git_source} | tar -x -C {experiment_root}/{root}/{parent_relative} --strip-components=1
v04-phase5-warehouse-context-ablation-formal-3x3-8r-20260612T114219Z-claw	rep01/full/campaign/workspaces/90ba5d20-ee7d-4be6-80e3-e0abcba4ee18	data	9715712	171648c4204dfd8b7d0ca68e8fffca4532711d50	surrogate/data	e39d71899d6b96e6280b4ad0d8207960c6a393f0e0d6e35b5ad77e854d361ea3	git -C {repo} archive {git_commit} {git_source} | tar -x -C {experiment_root}/{root}/{parent_relative} --strip-components=1
v04-phase5-warehouse-context-ablation-formal-3x3-8r-20260612T114219Z-claw	rep01/full/campaign/workspaces/90ba5d20-ee7d-4be6-80e3-e0abcba4ee18	cplex-final-20260426	1015808	171648c4204dfd8b7d0ca68e8fffca4532711d50	surrogate/cplex-final-20260426	b992f1c84218d64eee1586a0dd33e47569195cac060659bc3fa7231b098fd29f	git -C {repo} archive {git_commit} {git_source} | tar -x -C {experiment_root}/{root}/{parent_relative} --strip-components=1
v04-phase5-warehouse-context-ablation-formal-3x3-8r-20260612T114219Z-claw	rep01/full/campaign/workspaces/90ba5d20-ee7d-4be6-80e3-e0abcba4ee18	sprint-f4-milp-results	466944	171648c4204dfd8b7d0ca68e8fffca4532711d50	surrogate/sprint-f4-milp-results	2a65d92d3876b297da8a70c215e29c02beb12888a6b0cf5782d5b959139ef521	git -C {repo} archive {git_commit} {git_source} | tar -x -C {experiment_root}/{root}/{parent_relative} --strip-components=1
v04-phase5-warehouse-context-ablation-formal-3x3-8r-20260612T114219Z-claw	rep01/full/campaign/workspaces/90ba5d20-ee7d-4be6-80e3-e0abcba4ee18	tests	372736	171648c4204dfd8b7d0ca68e8fffca4532711d50	surrogate/tests	6421b91de97dcff6251ebfc4a2c6fac826b3bf9e622f0f3a9a3b51adcbb561a5	git -C {repo} archive {git_commit} {git_source} | tar -x -C {experiment_root}/{root}/{parent_relative} --strip-components=1
v04-phase5-warehouse-context-ablation-formal-3x3-8r-20260612T114219Z-claw	rep01/full/campaign/workspaces/90ba5d20-ee7d-4be6-80e3-e0abcba4ee18	milp_bounds	327680	171648c4204dfd8b7d0ca68e8fffca4532711d50	surrogate/milp_bounds	c127bcd8e5778b4909edd75c31b2df601f40f512065c23108337dfbaaa1c6808	git -C {repo} archive {git_commit} {git_source} | tar -x -C {experiment_root}/{root}/{parent_relative} --strip-components=1
v04-phase5-warehouse-context-ablation-formal-3x3-8r-20260612T114219Z-claw	rep01/full/campaign/workspaces/90ba5d20-ee7d-4be6-80e3-e0abcba4ee18	calibration	8192	171648c4204dfd8b7d0ca68e8fffca4532711d50	surrogate/calibration	3c7648f54a6456a5824cc7f18140d3b28226300a12bf3bb4196cde86d8453016	git -C {repo} archive {git_commit} {git_source} | tar -x -C {experiment_root}/{root}/{parent_relative} --strip-components=1
v04-phase5-warehouse-context-ablation-formal-3x3-8r-20260612T114219Z-claw	rep01/full/campaign/workspaces/90ba5d20-ee7d-4be6-80e3-e0abcba4ee18.checkpoint.7f44d87c	data	9715712	171648c4204dfd8b7d0ca68e8fffca4532711d50	surrogate/data	e39d71899d6b96e6280b4ad0d8207960c6a393f0e0d6e35b5ad77e854d361ea3	git -C {repo} archive {git_commit} {git_source} | tar -x -C {experiment_root}/{root}/{parent_relative} --strip-components=1
v04-phase5-warehouse-context-ablation-formal-3x3-8r-20260612T114219Z-claw	rep01/full/campaign/workspaces/90ba5d20-ee7d-4be6-80e3-e0abcba4ee18.checkpoint.7f44d87c	cplex-final-20260426	1015808	171648c4204dfd8b7d0ca68e8fffca4532711d50	surrogate/cplex-final-20260426	b992f1c84218d64eee1586a0dd33e47569195cac060659bc3fa7231b098fd29f	git -C {repo} archive {git_commit} {git_source} | tar -x -C {experiment_root}/{root}/{parent_relative} --strip-components=1
v04-phase5-warehouse-context-ablation-formal-3x3-8r-20260612T114219Z-claw	rep01/full/campaign/workspaces/90ba5d20-ee7d-4be6-80e3-e0abcba4ee18.checkpoint.7f44d87c	sprint-f4-milp-results	466944	171648c4204dfd8b7d0ca68e8fffca4532711d50	surrogate/sprint-f4-milp-results	2a65d92d3876b297da8a70c215e29c02beb12888a6b0cf5782d5b959139ef521	git -C {repo} archive {git_commit} {git_source} | tar -x -C {experiment_root}/{root}/{parent_relative} --strip-components=1
v04-phase5-warehouse-context-ablation-formal-3x3-8r-20260612T114219Z-claw	rep01/full/campaign/workspaces/90ba5d20-ee7d-4be6-80e3-e0abcba4ee18.checkpoint.7f44d87c	tests	372736	171648c4204dfd8b7d0ca68e8fffca4532711d50	surrogate/tests	6421b91de97dcff6251ebfc4a2c6fac826b3bf9e622f0f3a9a3b51adcbb561a5	git -C {repo} archive {git_commit} {git_source} | tar -x -C {experiment_root}/{root}/{parent_relative} --strip-components=1
v04-phase5-warehouse-context-ablation-formal-3x3-8r-20260612T114219Z-claw	rep01/full/campaign/workspaces/90ba5d20-ee7d-4be6-80e3-e0abcba4ee18.checkpoint.7f44d87c	milp_bounds	327680	171648c4204dfd8b7d0ca68e8fffca4532711d50	surrogate/milp_bounds	c127bcd8e5778b4909edd75c31b2df601f40f512065c23108337dfbaaa1c6808	git -C {repo} archive {git_commit} {git_source} | tar -x -C {experiment_root}/{root}/{parent_relative} --strip-components=1
v04-phase5-warehouse-context-ablation-formal-3x3-8r-20260612T114219Z-claw	rep01/full/campaign/workspaces/90ba5d20-ee7d-4be6-80e3-e0abcba4ee18.checkpoint.7f44d87c	calibration	8192	171648c4204dfd8b7d0ca68e8fffca4532711d50	surrogate/calibration	3c7648f54a6456a5824cc7f18140d3b28226300a12bf3bb4196cde86d8453016	git -C {repo} archive {git_commit} {git_source} | tar -x -C {experiment_root}/{root}/{parent_relative} --strip-components=1
v04-phase5-warehouse-context-ablation-formal-3x3-8r-20260612T114219Z-claw	rep01/full/campaign/workspaces/90ba5d20-ee7d-4be6-80e3-e0abcba4ee18.checkpoint.96e18d60	data	9715712	171648c4204dfd8b7d0ca68e8fffca4532711d50	surrogate/data	e39d71899d6b96e6280b4ad0d8207960c6a393f0e0d6e35b5ad77e854d361ea3	git -C {repo} archive {git_commit} {git_source} | tar -x -C {experiment_root}/{root}/{parent_relative} --strip-components=1
v04-phase5-warehouse-context-ablation-formal-3x3-8r-20260612T114219Z-claw	rep01/full/campaign/workspaces/90ba5d20-ee7d-4be6-80e3-e0abcba4ee18.checkpoint.96e18d60	cplex-final-20260426	1015808	171648c4204dfd8b7d0ca68e8fffca4532711d50	surrogate/cplex-final-20260426	b992f1c84218d64eee1586a0dd33e47569195cac060659bc3fa7231b098fd29f	git -C {repo} archive {git_commit} {git_source} | tar -x -C {experiment_root}/{root}/{parent_relative} --strip-components=1
v04-phase5-warehouse-context-ablation-formal-3x3-8r-20260612T114219Z-claw	rep01/full/campaign/workspaces/90ba5d20-ee7d-4be6-80e3-e0abcba4ee18.checkpoint.96e18d60	sprint-f4-milp-results	466944	171648c4204dfd8b7d0ca68e8fffca4532711d50	surrogate/sprint-f4-milp-results	2a65d92d3876b297da8a70c215e29c02beb12888a6b0cf5782d5b959139ef521	git -C {repo} archive {git_commit} {git_source} | tar -x -C {experiment_root}/{root}/{parent_relative} --strip-components=1
v04-phase5-warehouse-context-ablation-formal-3x3-8r-20260612T114219Z-claw	rep01/full/campaign/workspaces/90ba5d20-ee7d-4be6-80e3-e0abcba4ee18.checkpoint.96e18d60	tests	372736	171648c4204dfd8b7d0ca68e8fffca4532711d50	surrogate/tests	6421b91de97dcff6251ebfc4a2c6fac826b3bf9e622f0f3a9a3b51adcbb561a5	git -C {repo} archive {git_commit} {git_source} | tar -x -C {experiment_root}/{root}/{parent_relative} --strip-components=1
v04-phase5-warehouse-context-ablation-formal-3x3-8r-20260612T114219Z-claw	rep01/full/campaign/workspaces/90ba5d20-ee7d-4be6-80e3-e0abcba4ee18.checkpoint.96e18d60	milp_bounds	327680	171648c4204dfd8b7d0ca68e8fffca4532711d50	surrogate/milp_bounds	c127bcd8e5778b4909edd75c31b2df601f40f512065c23108337dfbaaa1c6808	git -C {repo} archive {git_commit} {git_source} | tar -x -C {experiment_root}/{root}/{parent_relative} --strip-components=1
v04-phase5-warehouse-context-ablation-formal-3x3-8r-20260612T114219Z-claw	rep01/full/campaign/workspaces/90ba5d20-ee7d-4be6-80e3-e0abcba4ee18.checkpoint.96e18d60	calibration	8192	171648c4204dfd8b7d0ca68e8fffca4532711d50	surrogate/calibration	3c7648f54a6456a5824cc7f18140d3b28226300a12bf3bb4196cde86d8453016	git -C {repo} archive {git_commit} {git_source} | tar -x -C {experiment_root}/{root}/{parent_relative} --strip-components=1
v04-phase5-warehouse-context-ablation-formal-3x3-8r-20260612T114219Z-claw	rep01/minimal-research-context/campaign/champions/champion_v1	data	9715712	171648c4204dfd8b7d0ca68e8fffca4532711d50	surrogate/data	e39d71899d6b96e6280b4ad0d8207960c6a393f0e0d6e35b5ad77e854d361ea3	git -C {repo} archive {git_commit} {git_source} | tar -x -C {experiment_root}/{root}/{parent_relative} --strip-components=1
v04-phase5-warehouse-context-ablation-formal-3x3-8r-20260612T114219Z-claw	rep01/minimal-research-context/campaign/champions/champion_v1	cplex-final-20260426	1015808	171648c4204dfd8b7d0ca68e8fffca4532711d50	surrogate/cplex-final-20260426	b992f1c84218d64eee1586a0dd33e47569195cac060659bc3fa7231b098fd29f	git -C {repo} archive {git_commit} {git_source} | tar -x -C {experiment_root}/{root}/{parent_relative} --strip-components=1
v04-phase5-warehouse-context-ablation-formal-3x3-8r-20260612T114219Z-claw	rep01/minimal-research-context/campaign/champions/champion_v1	sprint-f4-milp-results	466944	171648c4204dfd8b7d0ca68e8fffca4532711d50	surrogate/sprint-f4-milp-results	2a65d92d3876b297da8a70c215e29c02beb12888a6b0cf5782d5b959139ef521	git -C {repo} archive {git_commit} {git_source} | tar -x -C {experiment_root}/{root}/{parent_relative} --strip-components=1
v04-phase5-warehouse-context-ablation-formal-3x3-8r-20260612T114219Z-claw	rep01/minimal-research-context/campaign/champions/champion_v1	tests	372736	171648c4204dfd8b7d0ca68e8fffca4532711d50	surrogate/tests	6421b91de97dcff6251ebfc4a2c6fac826b3bf9e622f0f3a9a3b51adcbb561a5	git -C {repo} archive {git_commit} {git_source} | tar -x -C {experiment_root}/{root}/{parent_relative} --strip-components=1
v04-phase5-warehouse-context-ablation-formal-3x3-8r-20260612T114219Z-claw	rep01/minimal-research-context/campaign/champions/champion_v1	milp_bounds	327680	171648c4204dfd8b7d0ca68e8fffca4532711d50	surrogate/milp_bounds	c127bcd8e5778b4909edd75c31b2df601f40f512065c23108337dfbaaa1c6808	git -C {repo} archive {git_commit} {git_source} | tar -x -C {experiment_root}/{root}/{parent_relative} --strip-components=1
v04-phase5-warehouse-context-ablation-formal-3x3-8r-20260612T114219Z-claw	rep01/minimal-research-context/campaign/champions/champion_v1	calibration	8192	171648c4204dfd8b7d0ca68e8fffca4532711d50	surrogate/calibration	3c7648f54a6456a5824cc7f18140d3b28226300a12bf3bb4196cde86d8453016	git -C {repo} archive {git_commit} {git_source} | tar -x -C {experiment_root}/{root}/{parent_relative} --strip-components=1
v04-phase5-warehouse-context-ablation-formal-3x3-8r-20260612T114219Z-claw	rep01/minimal-research-context/campaign/workspaces/10bd19fc-ae2d-422b-aa36-72681d95c669.checkpoint.6ba8a515	data	9715712	171648c4204dfd8b7d0ca68e8fffca4532711d50	surrogate/data	e39d71899d6b96e6280b4ad0d8207960c6a393f0e0d6e35b5ad77e854d361ea3	git -C {repo} archive {git_commit} {git_source} | tar -x -C {experiment_root}/{root}/{parent_relative} --strip-components=1
v04-phase5-warehouse-context-ablation-formal-3x3-8r-20260612T114219Z-claw	rep01/minimal-research-context/campaign/workspaces/10bd19fc-ae2d-422b-aa36-72681d95c669.checkpoint.6ba8a515	cplex-final-20260426	1015808	171648c4204dfd8b7d0ca68e8fffca4532711d50	surrogate/cplex-final-20260426	b992f1c84218d64eee1586a0dd33e47569195cac060659bc3fa7231b098fd29f	git -C {repo} archive {git_commit} {git_source} | tar -x -C {experiment_root}/{root}/{parent_relative} --strip-components=1
v04-phase5-warehouse-context-ablation-formal-3x3-8r-20260612T114219Z-claw	rep01/minimal-research-context/campaign/workspaces/10bd19fc-ae2d-422b-aa36-72681d95c669.checkpoint.6ba8a515	sprint-f4-milp-results	466944	171648c4204dfd8b7d0ca68e8fffca4532711d50	surrogate/sprint-f4-milp-results	2a65d92d3876b297da8a70c215e29c02beb12888a6b0cf5782d5b959139ef521	git -C {repo} archive {git_commit} {git_source} | tar -x -C {experiment_root}/{root}/{parent_relative} --strip-components=1
v04-phase5-warehouse-context-ablation-formal-3x3-8r-20260612T114219Z-claw	rep01/minimal-research-context/campaign/workspaces/10bd19fc-ae2d-422b-aa36-72681d95c669.checkpoint.6ba8a515	tests	372736	171648c4204dfd8b7d0ca68e8fffca4532711d50	surrogate/tests	6421b91de97dcff6251ebfc4a2c6fac826b3bf9e622f0f3a9a3b51adcbb561a5	git -C {repo} archive {git_commit} {git_source} | tar -x -C {experiment_root}/{root}/{parent_relative} --strip-components=1
v04-phase5-warehouse-context-ablation-formal-3x3-8r-20260612T114219Z-claw	rep01/minimal-research-context/campaign/workspaces/10bd19fc-ae2d-422b-aa36-72681d95c669.checkpoint.6ba8a515	milp_bounds	327680	171648c4204dfd8b7d0ca68e8fffca4532711d50	surrogate/milp_bounds	c127bcd8e5778b4909edd75c31b2df601f40f512065c23108337dfbaaa1c6808	git -C {repo} archive {git_commit} {git_source} | tar -x -C {experiment_root}/{root}/{parent_relative} --strip-components=1
v04-phase5-warehouse-context-ablation-formal-3x3-8r-20260612T114219Z-claw	rep01/minimal-research-context/campaign/workspaces/10bd19fc-ae2d-422b-aa36-72681d95c669.checkpoint.6ba8a515	calibration	8192	171648c4204dfd8b7d0ca68e8fffca4532711d50	surrogate/calibration	3c7648f54a6456a5824cc7f18140d3b28226300a12bf3bb4196cde86d8453016	git -C {repo} archive {git_commit} {git_source} | tar -x -C {experiment_root}/{root}/{parent_relative} --strip-components=1
v04-phase5-warehouse-context-ablation-formal-3x3-8r-20260612T114219Z-claw	rep01/minimal-research-context/campaign/workspaces/4323abc1-8f93-4f67-a1dd-041a00fec8a1.checkpoint.b124ad3c	data	9715712	171648c4204dfd8b7d0ca68e8fffca4532711d50	surrogate/data	e39d71899d6b96e6280b4ad0d8207960c6a393f0e0d6e35b5ad77e854d361ea3	git -C {repo} archive {git_commit} {git_source} | tar -x -C {experiment_root}/{root}/{parent_relative} --strip-components=1
v04-phase5-warehouse-context-ablation-formal-3x3-8r-20260612T114219Z-claw	rep01/minimal-research-context/campaign/workspaces/4323abc1-8f93-4f67-a1dd-041a00fec8a1.checkpoint.b124ad3c	cplex-final-20260426	1015808	171648c4204dfd8b7d0ca68e8fffca4532711d50	surrogate/cplex-final-20260426	b992f1c84218d64eee1586a0dd33e47569195cac060659bc3fa7231b098fd29f	git -C {repo} archive {git_commit} {git_source} | tar -x -C {experiment_root}/{root}/{parent_relative} --strip-components=1
v04-phase5-warehouse-context-ablation-formal-3x3-8r-20260612T114219Z-claw	rep01/minimal-research-context/campaign/workspaces/4323abc1-8f93-4f67-a1dd-041a00fec8a1.checkpoint.b124ad3c	sprint-f4-milp-results	466944	171648c4204dfd8b7d0ca68e8fffca4532711d50	surrogate/sprint-f4-milp-results	2a65d92d3876b297da8a70c215e29c02beb12888a6b0cf5782d5b959139ef521	git -C {repo} archive {git_commit} {git_source} | tar -x -C {experiment_root}/{root}/{parent_relative} --strip-components=1
v04-phase5-warehouse-context-ablation-formal-3x3-8r-20260612T114219Z-claw	rep01/minimal-research-context/campaign/workspaces/4323abc1-8f93-4f67-a1dd-041a00fec8a1.checkpoint.b124ad3c	tests	372736	171648c4204dfd8b7d0ca68e8fffca4532711d50	surrogate/tests	6421b91de97dcff6251ebfc4a2c6fac826b3bf9e622f0f3a9a3b51adcbb561a5	git -C {repo} archive {git_commit} {git_source} | tar -x -C {experiment_root}/{root}/{parent_relative} --strip-components=1
v04-phase5-warehouse-context-ablation-formal-3x3-8r-20260612T114219Z-claw	rep01/minimal-research-context/campaign/workspaces/4323abc1-8f93-4f67-a1dd-041a00fec8a1.checkpoint.b124ad3c	milp_bounds	327680	171648c4204dfd8b7d0ca68e8fffca4532711d50	surrogate/milp_bounds	c127bcd8e5778b4909edd75c31b2df601f40f512065c23108337dfbaaa1c6808	git -C {repo} archive {git_commit} {git_source} | tar -x -C {experiment_root}/{root}/{parent_relative} --strip-components=1
v04-phase5-warehouse-context-ablation-formal-3x3-8r-20260612T114219Z-claw	rep01/minimal-research-context/campaign/workspaces/4323abc1-8f93-4f67-a1dd-041a00fec8a1.checkpoint.b124ad3c	calibration	8192	171648c4204dfd8b7d0ca68e8fffca4532711d50	surrogate/calibration	3c7648f54a6456a5824cc7f18140d3b28226300a12bf3bb4196cde86d8453016	git -C {repo} archive {git_commit} {git_source} | tar -x -C {experiment_root}/{root}/{parent_relative} --strip-components=1
v04-phase5-warehouse-context-ablation-formal-3x3-8r-20260612T114219Z-claw	rep01/minimal-research-context/campaign/workspaces/7a554c89-2454-4f5e-a17f-a06850a3e69b.checkpoint.29a5997b	data	9715712	171648c4204dfd8b7d0ca68e8fffca4532711d50	surrogate/data	e39d71899d6b96e6280b4ad0d8207960c6a393f0e0d6e35b5ad77e854d361ea3	git -C {repo} archive {git_commit} {git_source} | tar -x -C {experiment_root}/{root}/{parent_relative} --strip-components=1
v04-phase5-warehouse-context-ablation-formal-3x3-8r-20260612T114219Z-claw	rep01/minimal-research-context/campaign/workspaces/7a554c89-2454-4f5e-a17f-a06850a3e69b.checkpoint.29a5997b	cplex-final-20260426	1015808	171648c4204dfd8b7d0ca68e8fffca4532711d50	surrogate/cplex-final-20260426	b992f1c84218d64eee1586a0dd33e47569195cac060659bc3fa7231b098fd29f	git -C {repo} archive {git_commit} {git_source} | tar -x -C {experiment_root}/{root}/{parent_relative} --strip-components=1
v04-phase5-warehouse-context-ablation-formal-3x3-8r-20260612T114219Z-claw	rep01/minimal-research-context/campaign/workspaces/7a554c89-2454-4f5e-a17f-a06850a3e69b.checkpoint.29a5997b	sprint-f4-milp-results	466944	171648c4204dfd8b7d0ca68e8fffca4532711d50	surrogate/sprint-f4-milp-results	2a65d92d3876b297da8a70c215e29c02beb12888a6b0cf5782d5b959139ef521	git -C {repo} archive {git_commit} {git_source} | tar -x -C {experiment_root}/{root}/{parent_relative} --strip-components=1
v04-phase5-warehouse-context-ablation-formal-3x3-8r-20260612T114219Z-claw	rep01/minimal-research-context/campaign/workspaces/7a554c89-2454-4f5e-a17f-a06850a3e69b.checkpoint.29a5997b	tests	372736	171648c4204dfd8b7d0ca68e8fffca4532711d50	surrogate/tests	6421b91de97dcff6251ebfc4a2c6fac826b3bf9e622f0f3a9a3b51adcbb561a5	git -C {repo} archive {git_commit} {git_source} | tar -x -C {experiment_root}/{root}/{parent_relative} --strip-components=1
v04-phase5-warehouse-context-ablation-formal-3x3-8r-20260612T114219Z-claw	rep01/minimal-research-context/campaign/workspaces/7a554c89-2454-4f5e-a17f-a06850a3e69b.checkpoint.29a5997b	milp_bounds	327680	171648c4204dfd8b7d0ca68e8fffca4532711d50	surrogate/milp_bounds	c127bcd8e5778b4909edd75c31b2df601f40f512065c23108337dfbaaa1c6808	git -C {repo} archive {git_commit} {git_source} | tar -x -C {experiment_root}/{root}/{parent_relative} --strip-components=1
v04-phase5-warehouse-context-ablation-formal-3x3-8r-20260612T114219Z-claw	rep01/minimal-research-context/campaign/workspaces/7a554c89-2454-4f5e-a17f-a06850a3e69b.checkpoint.29a5997b	calibration	8192	171648c4204dfd8b7d0ca68e8fffca4532711d50	surrogate/calibration	3c7648f54a6456a5824cc7f18140d3b28226300a12bf3bb4196cde86d8453016	git -C {repo} archive {git_commit} {git_source} | tar -x -C {experiment_root}/{root}/{parent_relative} --strip-components=1
v04-phase5-warehouse-context-ablation-formal-3x3-8r-20260612T114219Z-claw	rep01/minimal-research-context/campaign/workspaces/7a554c89-2454-4f5e-a17f-a06850a3e69b.checkpoint.6b415f0f	data	9715712	171648c4204dfd8b7d0ca68e8fffca4532711d50	surrogate/data	e39d71899d6b96e6280b4ad0d8207960c6a393f0e0d6e35b5ad77e854d361ea3	git -C {repo} archive {git_commit} {git_source} | tar -x -C {experiment_root}/{root}/{parent_relative} --strip-components=1
v04-phase5-warehouse-context-ablation-formal-3x3-8r-20260612T114219Z-claw	rep01/minimal-research-context/campaign/workspaces/7a554c89-2454-4f5e-a17f-a06850a3e69b.checkpoint.6b415f0f	cplex-final-20260426	1015808	171648c4204dfd8b7d0ca68e8fffca4532711d50	surrogate/cplex-final-20260426	b992f1c84218d64eee1586a0dd33e47569195cac060659bc3fa7231b098fd29f	git -C {repo} archive {git_commit} {git_source} | tar -x -C {experiment_root}/{root}/{parent_relative} --strip-components=1
v04-phase5-warehouse-context-ablation-formal-3x3-8r-20260612T114219Z-claw	rep01/minimal-research-context/campaign/workspaces/7a554c89-2454-4f5e-a17f-a06850a3e69b.checkpoint.6b415f0f	sprint-f4-milp-results	466944	171648c4204dfd8b7d0ca68e8fffca4532711d50	surrogate/sprint-f4-milp-results	2a65d92d3876b297da8a70c215e29c02beb12888a6b0cf5782d5b959139ef521	git -C {repo} archive {git_commit} {git_source} | tar -x -C {experiment_root}/{root}/{parent_relative} --strip-components=1
v04-phase5-warehouse-context-ablation-formal-3x3-8r-20260612T114219Z-claw	rep01/minimal-research-context/campaign/workspaces/7a554c89-2454-4f5e-a17f-a06850a3e69b.checkpoint.6b415f0f	tests	372736	171648c4204dfd8b7d0ca68e8fffca4532711d50	surrogate/tests	6421b91de97dcff6251ebfc4a2c6fac826b3bf9e622f0f3a9a3b51adcbb561a5	git -C {repo} archive {git_commit} {git_source} | tar -x -C {experiment_root}/{root}/{parent_relative} --strip-components=1
v04-phase5-warehouse-context-ablation-formal-3x3-8r-20260612T114219Z-claw	rep01/minimal-research-context/campaign/workspaces/7a554c89-2454-4f5e-a17f-a06850a3e69b.checkpoint.6b415f0f	milp_bounds	327680	171648c4204dfd8b7d0ca68e8fffca4532711d50	surrogate/milp_bounds	c127bcd8e5778b4909edd75c31b2df601f40f512065c23108337dfbaaa1c6808	git -C {repo} archive {git_commit} {git_source} | tar -x -C {experiment_root}/{root}/{parent_relative} --strip-components=1
v04-phase5-warehouse-context-ablation-formal-3x3-8r-20260612T114219Z-claw	rep01/minimal-research-context/campaign/workspaces/7a554c89-2454-4f5e-a17f-a06850a3e69b.checkpoint.6b415f0f	calibration	8192	171648c4204dfd8b7d0ca68e8fffca4532711d50	surrogate/calibration	3c7648f54a6456a5824cc7f18140d3b28226300a12bf3bb4196cde86d8453016	git -C {repo} archive {git_commit} {git_source} | tar -x -C {experiment_root}/{root}/{parent_relative} --strip-components=1
v04-phase5-warehouse-context-ablation-formal-3x3-8r-20260612T114219Z-claw	rep01/no-measurement-diagnostics/campaign/champions/champion_v1	data	9715712	171648c4204dfd8b7d0ca68e8fffca4532711d50	surrogate/data	e39d71899d6b96e6280b4ad0d8207960c6a393f0e0d6e35b5ad77e854d361ea3	git -C {repo} archive {git_commit} {git_source} | tar -x -C {experiment_root}/{root}/{parent_relative} --strip-components=1
v04-phase5-warehouse-context-ablation-formal-3x3-8r-20260612T114219Z-claw	rep01/no-measurement-diagnostics/campaign/champions/champion_v1	cplex-final-20260426	1015808	171648c4204dfd8b7d0ca68e8fffca4532711d50	surrogate/cplex-final-20260426	b992f1c84218d64eee1586a0dd33e47569195cac060659bc3fa7231b098fd29f	git -C {repo} archive {git_commit} {git_source} | tar -x -C {experiment_root}/{root}/{parent_relative} --strip-components=1
v04-phase5-warehouse-context-ablation-formal-3x3-8r-20260612T114219Z-claw	rep01/no-measurement-diagnostics/campaign/champions/champion_v1	sprint-f4-milp-results	466944	171648c4204dfd8b7d0ca68e8fffca4532711d50	surrogate/sprint-f4-milp-results	2a65d92d3876b297da8a70c215e29c02beb12888a6b0cf5782d5b959139ef521	git -C {repo} archive {git_commit} {git_source} | tar -x -C {experiment_root}/{root}/{parent_relative} --strip-components=1
v04-phase5-warehouse-context-ablation-formal-3x3-8r-20260612T114219Z-claw	rep01/no-measurement-diagnostics/campaign/champions/champion_v1	tests	372736	171648c4204dfd8b7d0ca68e8fffca4532711d50	surrogate/tests	6421b91de97dcff6251ebfc4a2c6fac826b3bf9e622f0f3a9a3b51adcbb561a5	git -C {repo} archive {git_commit} {git_source} | tar -x -C {experiment_root}/{root}/{parent_relative} --strip-components=1
v04-phase5-warehouse-context-ablation-formal-3x3-8r-20260612T114219Z-claw	rep01/no-measurement-diagnostics/campaign/champions/champion_v1	milp_bounds	327680	171648c4204dfd8b7d0ca68e8fffca4532711d50	surrogate/milp_bounds	c127bcd8e5778b4909edd75c31b2df601f40f512065c23108337dfbaaa1c6808	git -C {repo} archive {git_commit} {git_source} | tar -x -C {experiment_root}/{root}/{parent_relative} --strip-components=1
v04-phase5-warehouse-context-ablation-formal-3x3-8r-20260612T114219Z-claw	rep01/no-measurement-diagnostics/campaign/champions/champion_v1	calibration	8192	171648c4204dfd8b7d0ca68e8fffca4532711d50	surrogate/calibration	3c7648f54a6456a5824cc7f18140d3b28226300a12bf3bb4196cde86d8453016	git -C {repo} archive {git_commit} {git_source} | tar -x -C {experiment_root}/{root}/{parent_relative} --strip-components=1
v04-phase5-warehouse-context-ablation-formal-3x3-8r-20260612T114219Z-claw	rep01/no-measurement-diagnostics/campaign/workspaces/01d4551a-1f31-4895-8708-ce9030a9261f.checkpoint.c7222b45	data	9715712	171648c4204dfd8b7d0ca68e8fffca4532711d50	surrogate/data	e39d71899d6b96e6280b4ad0d8207960c6a393f0e0d6e35b5ad77e854d361ea3	git -C {repo} archive {git_commit} {git_source} | tar -x -C {experiment_root}/{root}/{parent_relative} --strip-components=1
v04-phase5-warehouse-context-ablation-formal-3x3-8r-20260612T114219Z-claw	rep01/no-measurement-diagnostics/campaign/workspaces/01d4551a-1f31-4895-8708-ce9030a9261f.checkpoint.c7222b45	cplex-final-20260426	1015808	171648c4204dfd8b7d0ca68e8fffca4532711d50	surrogate/cplex-final-20260426	b992f1c84218d64eee1586a0dd33e47569195cac060659bc3fa7231b098fd29f	git -C {repo} archive {git_commit} {git_source} | tar -x -C {experiment_root}/{root}/{parent_relative} --strip-components=1
v04-phase5-warehouse-context-ablation-formal-3x3-8r-20260612T114219Z-claw	rep01/no-measurement-diagnostics/campaign/workspaces/01d4551a-1f31-4895-8708-ce9030a9261f.checkpoint.c7222b45	sprint-f4-milp-results	466944	171648c4204dfd8b7d0ca68e8fffca4532711d50	surrogate/sprint-f4-milp-results	2a65d92d3876b297da8a70c215e29c02beb12888a6b0cf5782d5b959139ef521	git -C {repo} archive {git_commit} {git_source} | tar -x -C {experiment_root}/{root}/{parent_relative} --strip-components=1
v04-phase5-warehouse-context-ablation-formal-3x3-8r-20260612T114219Z-claw	rep01/no-measurement-diagnostics/campaign/workspaces/01d4551a-1f31-4895-8708-ce9030a9261f.checkpoint.c7222b45	tests	372736	171648c4204dfd8b7d0ca68e8fffca4532711d50	surrogate/tests	6421b91de97dcff6251ebfc4a2c6fac826b3bf9e622f0f3a9a3b51adcbb561a5	git -C {repo} archive {git_commit} {git_source} | tar -x -C {experiment_root}/{root}/{parent_relative} --strip-components=1
v04-phase5-warehouse-context-ablation-formal-3x3-8r-20260612T114219Z-claw	rep01/no-measurement-diagnostics/campaign/workspaces/01d4551a-1f31-4895-8708-ce9030a9261f.checkpoint.c7222b45	milp_bounds	327680	171648c4204dfd8b7d0ca68e8fffca4532711d50	surrogate/milp_bounds	c127bcd8e5778b4909edd75c31b2df601f40f512065c23108337dfbaaa1c6808	git -C {repo} archive {git_commit} {git_source} | tar -x -C {experiment_root}/{root}/{parent_relative} --strip-components=1
v04-phase5-warehouse-context-ablation-formal-3x3-8r-20260612T114219Z-claw	rep01/no-measurement-diagnostics/campaign/workspaces/01d4551a-1f31-4895-8708-ce9030a9261f.checkpoint.c7222b45	calibration	8192	171648c4204dfd8b7d0ca68e8fffca4532711d50	surrogate/calibration	3c7648f54a6456a5824cc7f18140d3b28226300a12bf3bb4196cde86d8453016	git -C {repo} archive {git_commit} {git_source} | tar -x -C {experiment_root}/{root}/{parent_relative} --strip-components=1
v04-phase5-warehouse-context-ablation-formal-3x3-8r-20260612T114219Z-claw	rep01/no-measurement-diagnostics/campaign/workspaces/68295f9e-ad74-43ca-b6bd-20c0440be27e	data	9715712	171648c4204dfd8b7d0ca68e8fffca4532711d50	surrogate/data	e39d71899d6b96e6280b4ad0d8207960c6a393f0e0d6e35b5ad77e854d361ea3	git -C {repo} archive {git_commit} {git_source} | tar -x -C {experiment_root}/{root}/{parent_relative} --strip-components=1
v04-phase5-warehouse-context-ablation-formal-3x3-8r-20260612T114219Z-claw	rep01/no-measurement-diagnostics/campaign/workspaces/68295f9e-ad74-43ca-b6bd-20c0440be27e	cplex-final-20260426	1015808	171648c4204dfd8b7d0ca68e8fffca4532711d50	surrogate/cplex-final-20260426	b992f1c84218d64eee1586a0dd33e47569195cac060659bc3fa7231b098fd29f	git -C {repo} archive {git_commit} {git_source} | tar -x -C {experiment_root}/{root}/{parent_relative} --strip-components=1
v04-phase5-warehouse-context-ablation-formal-3x3-8r-20260612T114219Z-claw	rep01/no-measurement-diagnostics/campaign/workspaces/68295f9e-ad74-43ca-b6bd-20c0440be27e	sprint-f4-milp-results	466944	171648c4204dfd8b7d0ca68e8fffca4532711d50	surrogate/sprint-f4-milp-results	2a65d92d3876b297da8a70c215e29c02beb12888a6b0cf5782d5b959139ef521	git -C {repo} archive {git_commit} {git_source} | tar -x -C {experiment_root}/{root}/{parent_relative} --strip-components=1
v04-phase5-warehouse-context-ablation-formal-3x3-8r-20260612T114219Z-claw	rep01/no-measurement-diagnostics/campaign/workspaces/68295f9e-ad74-43ca-b6bd-20c0440be27e	tests	372736	171648c4204dfd8b7d0ca68e8fffca4532711d50	surrogate/tests	6421b91de97dcff6251ebfc4a2c6fac826b3bf9e622f0f3a9a3b51adcbb561a5	git -C {repo} archive {git_commit} {git_source} | tar -x -C {experiment_root}/{root}/{parent_relative} --strip-components=1
v04-phase5-warehouse-context-ablation-formal-3x3-8r-20260612T114219Z-claw	rep01/no-measurement-diagnostics/campaign/workspaces/68295f9e-ad74-43ca-b6bd-20c0440be27e	milp_bounds	327680	171648c4204dfd8b7d0ca68e8fffca4532711d50	surrogate/milp_bounds	c127bcd8e5778b4909edd75c31b2df601f40f512065c23108337dfbaaa1c6808	git -C {repo} archive {git_commit} {git_source} | tar -x -C {experiment_root}/{root}/{parent_relative} --strip-components=1
v04-phase5-warehouse-context-ablation-formal-3x3-8r-20260612T114219Z-claw	rep01/no-measurement-diagnostics/campaign/workspaces/68295f9e-ad74-43ca-b6bd-20c0440be27e	calibration	8192	171648c4204dfd8b7d0ca68e8fffca4532711d50	surrogate/calibration	3c7648f54a6456a5824cc7f18140d3b28226300a12bf3bb4196cde86d8453016	git -C {repo} archive {git_commit} {git_source} | tar -x -C {experiment_root}/{root}/{parent_relative} --strip-components=1
v04-phase5-warehouse-context-ablation-formal-3x3-8r-20260612T114219Z-claw	rep01/no-measurement-diagnostics/campaign/workspaces/68295f9e-ad74-43ca-b6bd-20c0440be27e.checkpoint.fcdb1d76	data	9715712	171648c4204dfd8b7d0ca68e8fffca4532711d50	surrogate/data	e39d71899d6b96e6280b4ad0d8207960c6a393f0e0d6e35b5ad77e854d361ea3	git -C {repo} archive {git_commit} {git_source} | tar -x -C {experiment_root}/{root}/{parent_relative} --strip-components=1
v04-phase5-warehouse-context-ablation-formal-3x3-8r-20260612T114219Z-claw	rep01/no-measurement-diagnostics/campaign/workspaces/68295f9e-ad74-43ca-b6bd-20c0440be27e.checkpoint.fcdb1d76	cplex-final-20260426	1015808	171648c4204dfd8b7d0ca68e8fffca4532711d50	surrogate/cplex-final-20260426	b992f1c84218d64eee1586a0dd33e47569195cac060659bc3fa7231b098fd29f	git -C {repo} archive {git_commit} {git_source} | tar -x -C {experiment_root}/{root}/{parent_relative} --strip-components=1
v04-phase5-warehouse-context-ablation-formal-3x3-8r-20260612T114219Z-claw	rep01/no-measurement-diagnostics/campaign/workspaces/68295f9e-ad74-43ca-b6bd-20c0440be27e.checkpoint.fcdb1d76	sprint-f4-milp-results	466944	171648c4204dfd8b7d0ca68e8fffca4532711d50	surrogate/sprint-f4-milp-results	2a65d92d3876b297da8a70c215e29c02beb12888a6b0cf5782d5b959139ef521	git -C {repo} archive {git_commit} {git_source} | tar -x -C {experiment_root}/{root}/{parent_relative} --strip-components=1
v04-phase5-warehouse-context-ablation-formal-3x3-8r-20260612T114219Z-claw	rep01/no-measurement-diagnostics/campaign/workspaces/68295f9e-ad74-43ca-b6bd-20c0440be27e.checkpoint.fcdb1d76	tests	372736	171648c4204dfd8b7d0ca68e8fffca4532711d50	surrogate/tests	6421b91de97dcff6251ebfc4a2c6fac826b3bf9e622f0f3a9a3b51adcbb561a5	git -C {repo} archive {git_commit} {git_source} | tar -x -C {experiment_root}/{root}/{parent_relative} --strip-components=1
v04-phase5-warehouse-context-ablation-formal-3x3-8r-20260612T114219Z-claw	rep01/no-measurement-diagnostics/campaign/workspaces/68295f9e-ad74-43ca-b6bd-20c0440be27e.checkpoint.fcdb1d76	milp_bounds	327680	171648c4204dfd8b7d0ca68e8fffca4532711d50	surrogate/milp_bounds	c127bcd8e5778b4909edd75c31b2df601f40f512065c23108337dfbaaa1c6808	git -C {repo} archive {git_commit} {git_source} | tar -x -C {experiment_root}/{root}/{parent_relative} --strip-components=1
v04-phase5-warehouse-context-ablation-formal-3x3-8r-20260612T114219Z-claw	rep01/no-measurement-diagnostics/campaign/workspaces/68295f9e-ad74-43ca-b6bd-20c0440be27e.checkpoint.fcdb1d76	calibration	8192	171648c4204dfd8b7d0ca68e8fffca4532711d50	surrogate/calibration	3c7648f54a6456a5824cc7f18140d3b28226300a12bf3bb4196cde86d8453016	git -C {repo} archive {git_commit} {git_source} | tar -x -C {experiment_root}/{root}/{parent_relative} --strip-components=1
v04-phase5-warehouse-context-ablation-formal-3x3-8r-20260612T114219Z-claw	rep02/full/campaign/champions/champion_v1	data	9715712	171648c4204dfd8b7d0ca68e8fffca4532711d50	surrogate/data	e39d71899d6b96e6280b4ad0d8207960c6a393f0e0d6e35b5ad77e854d361ea3	git -C {repo} archive {git_commit} {git_source} | tar -x -C {experiment_root}/{root}/{parent_relative} --strip-components=1
v04-phase5-warehouse-context-ablation-formal-3x3-8r-20260612T114219Z-claw	rep02/full/campaign/champions/champion_v1	cplex-final-20260426	1015808	171648c4204dfd8b7d0ca68e8fffca4532711d50	surrogate/cplex-final-20260426	b992f1c84218d64eee1586a0dd33e47569195cac060659bc3fa7231b098fd29f	git -C {repo} archive {git_commit} {git_source} | tar -x -C {experiment_root}/{root}/{parent_relative} --strip-components=1
v04-phase5-warehouse-context-ablation-formal-3x3-8r-20260612T114219Z-claw	rep02/full/campaign/champions/champion_v1	sprint-f4-milp-results	466944	171648c4204dfd8b7d0ca68e8fffca4532711d50	surrogate/sprint-f4-milp-results	2a65d92d3876b297da8a70c215e29c02beb12888a6b0cf5782d5b959139ef521	git -C {repo} archive {git_commit} {git_source} | tar -x -C {experiment_root}/{root}/{parent_relative} --strip-components=1
v04-phase5-warehouse-context-ablation-formal-3x3-8r-20260612T114219Z-claw	rep02/full/campaign/champions/champion_v1	tests	372736	171648c4204dfd8b7d0ca68e8fffca4532711d50	surrogate/tests	6421b91de97dcff6251ebfc4a2c6fac826b3bf9e622f0f3a9a3b51adcbb561a5	git -C {repo} archive {git_commit} {git_source} | tar -x -C {experiment_root}/{root}/{parent_relative} --strip-components=1
v04-phase5-warehouse-context-ablation-formal-3x3-8r-20260612T114219Z-claw	rep02/full/campaign/champions/champion_v1	milp_bounds	327680	171648c4204dfd8b7d0ca68e8fffca4532711d50	surrogate/milp_bounds	c127bcd8e5778b4909edd75c31b2df601f40f512065c23108337dfbaaa1c6808	git -C {repo} archive {git_commit} {git_source} | tar -x -C {experiment_root}/{root}/{parent_relative} --strip-components=1
v04-phase5-warehouse-context-ablation-formal-3x3-8r-20260612T114219Z-claw	rep02/full/campaign/champions/champion_v1	calibration	8192	171648c4204dfd8b7d0ca68e8fffca4532711d50	surrogate/calibration	3c7648f54a6456a5824cc7f18140d3b28226300a12bf3bb4196cde86d8453016	git -C {repo} archive {git_commit} {git_source} | tar -x -C {experiment_root}/{root}/{parent_relative} --strip-components=1
v04-phase5-warehouse-context-ablation-formal-3x3-8r-20260612T114219Z-claw	rep02/full/campaign/workspaces/4050f06b-b43e-4482-b2dd-b7c76d822b50	data	9715712	171648c4204dfd8b7d0ca68e8fffca4532711d50	surrogate/data	e39d71899d6b96e6280b4ad0d8207960c6a393f0e0d6e35b5ad77e854d361ea3	git -C {repo} archive {git_commit} {git_source} | tar -x -C {experiment_root}/{root}/{parent_relative} --strip-components=1
v04-phase5-warehouse-context-ablation-formal-3x3-8r-20260612T114219Z-claw	rep02/full/campaign/workspaces/4050f06b-b43e-4482-b2dd-b7c76d822b50	cplex-final-20260426	1015808	171648c4204dfd8b7d0ca68e8fffca4532711d50	surrogate/cplex-final-20260426	b992f1c84218d64eee1586a0dd33e47569195cac060659bc3fa7231b098fd29f	git -C {repo} archive {git_commit} {git_source} | tar -x -C {experiment_root}/{root}/{parent_relative} --strip-components=1
v04-phase5-warehouse-context-ablation-formal-3x3-8r-20260612T114219Z-claw	rep02/full/campaign/workspaces/4050f06b-b43e-4482-b2dd-b7c76d822b50	sprint-f4-milp-results	466944	171648c4204dfd8b7d0ca68e8fffca4532711d50	surrogate/sprint-f4-milp-results	2a65d92d3876b297da8a70c215e29c02beb12888a6b0cf5782d5b959139ef521	git -C {repo} archive {git_commit} {git_source} | tar -x -C {experiment_root}/{root}/{parent_relative} --strip-components=1
v04-phase5-warehouse-context-ablation-formal-3x3-8r-20260612T114219Z-claw	rep02/full/campaign/workspaces/4050f06b-b43e-4482-b2dd-b7c76d822b50	tests	372736	171648c4204dfd8b7d0ca68e8fffca4532711d50	surrogate/tests	6421b91de97dcff6251ebfc4a2c6fac826b3bf9e622f0f3a9a3b51adcbb561a5	git -C {repo} archive {git_commit} {git_source} | tar -x -C {experiment_root}/{root}/{parent_relative} --strip-components=1
v04-phase5-warehouse-context-ablation-formal-3x3-8r-20260612T114219Z-claw	rep02/full/campaign/workspaces/4050f06b-b43e-4482-b2dd-b7c76d822b50	milp_bounds	327680	171648c4204dfd8b7d0ca68e8fffca4532711d50	surrogate/milp_bounds	c127bcd8e5778b4909edd75c31b2df601f40f512065c23108337dfbaaa1c6808	git -C {repo} archive {git_commit} {git_source} | tar -x -C {experiment_root}/{root}/{parent_relative} --strip-components=1
v04-phase5-warehouse-context-ablation-formal-3x3-8r-20260612T114219Z-claw	rep02/full/campaign/workspaces/4050f06b-b43e-4482-b2dd-b7c76d822b50	calibration	8192	171648c4204dfd8b7d0ca68e8fffca4532711d50	surrogate/calibration	3c7648f54a6456a5824cc7f18140d3b28226300a12bf3bb4196cde86d8453016	git -C {repo} archive {git_commit} {git_source} | tar -x -C {experiment_root}/{root}/{parent_relative} --strip-components=1
v04-phase5-warehouse-context-ablation-formal-3x3-8r-20260612T114219Z-claw	rep02/full/campaign/workspaces/4050f06b-b43e-4482-b2dd-b7c76d822b50.checkpoint.a526711c	data	9715712	171648c4204dfd8b7d0ca68e8fffca4532711d50	surrogate/data	e39d71899d6b96e6280b4ad0d8207960c6a393f0e0d6e35b5ad77e854d361ea3	git -C {repo} archive {git_commit} {git_source} | tar -x -C {experiment_root}/{root}/{parent_relative} --strip-components=1
v04-phase5-warehouse-context-ablation-formal-3x3-8r-20260612T114219Z-claw	rep02/full/campaign/workspaces/4050f06b-b43e-4482-b2dd-b7c76d822b50.checkpoint.a526711c	cplex-final-20260426	1015808	171648c4204dfd8b7d0ca68e8fffca4532711d50	surrogate/cplex-final-20260426	b992f1c84218d64eee1586a0dd33e47569195cac060659bc3fa7231b098fd29f	git -C {repo} archive {git_commit} {git_source} | tar -x -C {experiment_root}/{root}/{parent_relative} --strip-components=1
v04-phase5-warehouse-context-ablation-formal-3x3-8r-20260612T114219Z-claw	rep02/full/campaign/workspaces/4050f06b-b43e-4482-b2dd-b7c76d822b50.checkpoint.a526711c	sprint-f4-milp-results	466944	171648c4204dfd8b7d0ca68e8fffca4532711d50	surrogate/sprint-f4-milp-results	2a65d92d3876b297da8a70c215e29c02beb12888a6b0cf5782d5b959139ef521	git -C {repo} archive {git_commit} {git_source} | tar -x -C {experiment_root}/{root}/{parent_relative} --strip-components=1
v04-phase5-warehouse-context-ablation-formal-3x3-8r-20260612T114219Z-claw	rep02/full/campaign/workspaces/4050f06b-b43e-4482-b2dd-b7c76d822b50.checkpoint.a526711c	tests	372736	171648c4204dfd8b7d0ca68e8fffca4532711d50	surrogate/tests	6421b91de97dcff6251ebfc4a2c6fac826b3bf9e622f0f3a9a3b51adcbb561a5	git -C {repo} archive {git_commit} {git_source} | tar -x -C {experiment_root}/{root}/{parent_relative} --strip-components=1
v04-phase5-warehouse-context-ablation-formal-3x3-8r-20260612T114219Z-claw	rep02/full/campaign/workspaces/4050f06b-b43e-4482-b2dd-b7c76d822b50.checkpoint.a526711c	milp_bounds	327680	171648c4204dfd8b7d0ca68e8fffca4532711d50	surrogate/milp_bounds	c127bcd8e5778b4909edd75c31b2df601f40f512065c23108337dfbaaa1c6808	git -C {repo} archive {git_commit} {git_source} | tar -x -C {experiment_root}/{root}/{parent_relative} --strip-components=1
v04-phase5-warehouse-context-ablation-formal-3x3-8r-20260612T114219Z-claw	rep02/full/campaign/workspaces/4050f06b-b43e-4482-b2dd-b7c76d822b50.checkpoint.a526711c	calibration	8192	171648c4204dfd8b7d0ca68e8fffca4532711d50	surrogate/calibration	3c7648f54a6456a5824cc7f18140d3b28226300a12bf3bb4196cde86d8453016	git -C {repo} archive {git_commit} {git_source} | tar -x -C {experiment_root}/{root}/{parent_relative} --strip-components=1
v04-phase5-warehouse-context-ablation-formal-3x3-8r-20260612T114219Z-claw	rep02/full/campaign/workspaces/4050f06b-b43e-4482-b2dd-b7c76d822b50.checkpoint.f1174728	data	9715712	171648c4204dfd8b7d0ca68e8fffca4532711d50	surrogate/data	e39d71899d6b96e6280b4ad0d8207960c6a393f0e0d6e35b5ad77e854d361ea3	git -C {repo} archive {git_commit} {git_source} | tar -x -C {experiment_root}/{root}/{parent_relative} --strip-components=1
v04-phase5-warehouse-context-ablation-formal-3x3-8r-20260612T114219Z-claw	rep02/full/campaign/workspaces/4050f06b-b43e-4482-b2dd-b7c76d822b50.checkpoint.f1174728	cplex-final-20260426	1015808	171648c4204dfd8b7d0ca68e8fffca4532711d50	surrogate/cplex-final-20260426	b992f1c84218d64eee1586a0dd33e47569195cac060659bc3fa7231b098fd29f	git -C {repo} archive {git_commit} {git_source} | tar -x -C {experiment_root}/{root}/{parent_relative} --strip-components=1
v04-phase5-warehouse-context-ablation-formal-3x3-8r-20260612T114219Z-claw	rep02/full/campaign/workspaces/4050f06b-b43e-4482-b2dd-b7c76d822b50.checkpoint.f1174728	sprint-f4-milp-results	466944	171648c4204dfd8b7d0ca68e8fffca4532711d50	surrogate/sprint-f4-milp-results	2a65d92d3876b297da8a70c215e29c02beb12888a6b0cf5782d5b959139ef521	git -C {repo} archive {git_commit} {git_source} | tar -x -C {experiment_root}/{root}/{parent_relative} --strip-components=1
v04-phase5-warehouse-context-ablation-formal-3x3-8r-20260612T114219Z-claw	rep02/full/campaign/workspaces/4050f06b-b43e-4482-b2dd-b7c76d822b50.checkpoint.f1174728	tests	372736	171648c4204dfd8b7d0ca68e8fffca4532711d50	surrogate/tests	6421b91de97dcff6251ebfc4a2c6fac826b3bf9e622f0f3a9a3b51adcbb561a5	git -C {repo} archive {git_commit} {git_source} | tar -x -C {experiment_root}/{root}/{parent_relative} --strip-components=1
v04-phase5-warehouse-context-ablation-formal-3x3-8r-20260612T114219Z-claw	rep02/full/campaign/workspaces/4050f06b-b43e-4482-b2dd-b7c76d822b50.checkpoint.f1174728	milp_bounds	327680	171648c4204dfd8b7d0ca68e8fffca4532711d50	surrogate/milp_bounds	c127bcd8e5778b4909edd75c31b2df601f40f512065c23108337dfbaaa1c6808	git -C {repo} archive {git_commit} {git_source} | tar -x -C {experiment_root}/{root}/{parent_relative} --strip-components=1
v04-phase5-warehouse-context-ablation-formal-3x3-8r-20260612T114219Z-claw	rep02/full/campaign/workspaces/4050f06b-b43e-4482-b2dd-b7c76d822b50.checkpoint.f1174728	calibration	8192	171648c4204dfd8b7d0ca68e8fffca4532711d50	surrogate/calibration	3c7648f54a6456a5824cc7f18140d3b28226300a12bf3bb4196cde86d8453016	git -C {repo} archive {git_commit} {git_source} | tar -x -C {experiment_root}/{root}/{parent_relative} --strip-components=1
v04-phase5-warehouse-context-ablation-formal-3x3-8r-20260612T114219Z-claw	rep02/full/campaign/workspaces/b243cd40-1f5f-44ce-9b44-6470f92b1b52	data	9715712	171648c4204dfd8b7d0ca68e8fffca4532711d50	surrogate/data	e39d71899d6b96e6280b4ad0d8207960c6a393f0e0d6e35b5ad77e854d361ea3	git -C {repo} archive {git_commit} {git_source} | tar -x -C {experiment_root}/{root}/{parent_relative} --strip-components=1
v04-phase5-warehouse-context-ablation-formal-3x3-8r-20260612T114219Z-claw	rep02/full/campaign/workspaces/b243cd40-1f5f-44ce-9b44-6470f92b1b52	cplex-final-20260426	1015808	171648c4204dfd8b7d0ca68e8fffca4532711d50	surrogate/cplex-final-20260426	b992f1c84218d64eee1586a0dd33e47569195cac060659bc3fa7231b098fd29f	git -C {repo} archive {git_commit} {git_source} | tar -x -C {experiment_root}/{root}/{parent_relative} --strip-components=1
v04-phase5-warehouse-context-ablation-formal-3x3-8r-20260612T114219Z-claw	rep02/full/campaign/workspaces/b243cd40-1f5f-44ce-9b44-6470f92b1b52	sprint-f4-milp-results	466944	171648c4204dfd8b7d0ca68e8fffca4532711d50	surrogate/sprint-f4-milp-results	2a65d92d3876b297da8a70c215e29c02beb12888a6b0cf5782d5b959139ef521	git -C {repo} archive {git_commit} {git_source} | tar -x -C {experiment_root}/{root}/{parent_relative} --strip-components=1
v04-phase5-warehouse-context-ablation-formal-3x3-8r-20260612T114219Z-claw	rep02/full/campaign/workspaces/b243cd40-1f5f-44ce-9b44-6470f92b1b52	tests	372736	171648c4204dfd8b7d0ca68e8fffca4532711d50	surrogate/tests	6421b91de97dcff6251ebfc4a2c6fac826b3bf9e622f0f3a9a3b51adcbb561a5	git -C {repo} archive {git_commit} {git_source} | tar -x -C {experiment_root}/{root}/{parent_relative} --strip-components=1
v04-phase5-warehouse-context-ablation-formal-3x3-8r-20260612T114219Z-claw	rep02/full/campaign/workspaces/b243cd40-1f5f-44ce-9b44-6470f92b1b52	milp_bounds	327680	171648c4204dfd8b7d0ca68e8fffca4532711d50	surrogate/milp_bounds	c127bcd8e5778b4909edd75c31b2df601f40f512065c23108337dfbaaa1c6808	git -C {repo} archive {git_commit} {git_source} | tar -x -C {experiment_root}/{root}/{parent_relative} --strip-components=1
v04-phase5-warehouse-context-ablation-formal-3x3-8r-20260612T114219Z-claw	rep02/full/campaign/workspaces/b243cd40-1f5f-44ce-9b44-6470f92b1b52	calibration	8192	171648c4204dfd8b7d0ca68e8fffca4532711d50	surrogate/calibration	3c7648f54a6456a5824cc7f18140d3b28226300a12bf3bb4196cde86d8453016	git -C {repo} archive {git_commit} {git_source} | tar -x -C {experiment_root}/{root}/{parent_relative} --strip-components=1
v04-phase5-warehouse-context-ablation-formal-3x3-8r-20260612T114219Z-claw	rep02/full/campaign/workspaces/f7eb2e50-0ce4-4e6c-b3c5-e6cc521237fd	data	9715712	171648c4204dfd8b7d0ca68e8fffca4532711d50	surrogate/data	e39d71899d6b96e6280b4ad0d8207960c6a393f0e0d6e35b5ad77e854d361ea3	git -C {repo} archive {git_commit} {git_source} | tar -x -C {experiment_root}/{root}/{parent_relative} --strip-components=1
v04-phase5-warehouse-context-ablation-formal-3x3-8r-20260612T114219Z-claw	rep02/full/campaign/workspaces/f7eb2e50-0ce4-4e6c-b3c5-e6cc521237fd	cplex-final-20260426	1015808	171648c4204dfd8b7d0ca68e8fffca4532711d50	surrogate/cplex-final-20260426	b992f1c84218d64eee1586a0dd33e47569195cac060659bc3fa7231b098fd29f	git -C {repo} archive {git_commit} {git_source} | tar -x -C {experiment_root}/{root}/{parent_relative} --strip-components=1
v04-phase5-warehouse-context-ablation-formal-3x3-8r-20260612T114219Z-claw	rep02/full/campaign/workspaces/f7eb2e50-0ce4-4e6c-b3c5-e6cc521237fd	sprint-f4-milp-results	466944	171648c4204dfd8b7d0ca68e8fffca4532711d50	surrogate/sprint-f4-milp-results	2a65d92d3876b297da8a70c215e29c02beb12888a6b0cf5782d5b959139ef521	git -C {repo} archive {git_commit} {git_source} | tar -x -C {experiment_root}/{root}/{parent_relative} --strip-components=1
v04-phase5-warehouse-context-ablation-formal-3x3-8r-20260612T114219Z-claw	rep02/full/campaign/workspaces/f7eb2e50-0ce4-4e6c-b3c5-e6cc521237fd	tests	372736	171648c4204dfd8b7d0ca68e8fffca4532711d50	surrogate/tests	6421b91de97dcff6251ebfc4a2c6fac826b3bf9e622f0f3a9a3b51adcbb561a5	git -C {repo} archive {git_commit} {git_source} | tar -x -C {experiment_root}/{root}/{parent_relative} --strip-components=1
v04-phase5-warehouse-context-ablation-formal-3x3-8r-20260612T114219Z-claw	rep02/full/campaign/workspaces/f7eb2e50-0ce4-4e6c-b3c5-e6cc521237fd	milp_bounds	327680	171648c4204dfd8b7d0ca68e8fffca4532711d50	surrogate/milp_bounds	c127bcd8e5778b4909edd75c31b2df601f40f512065c23108337dfbaaa1c6808	git -C {repo} archive {git_commit} {git_source} | tar -x -C {experiment_root}/{root}/{parent_relative} --strip-components=1
v04-phase5-warehouse-context-ablation-formal-3x3-8r-20260612T114219Z-claw	rep02/full/campaign/workspaces/f7eb2e50-0ce4-4e6c-b3c5-e6cc521237fd	calibration	8192	171648c4204dfd8b7d0ca68e8fffca4532711d50	surrogate/calibration	3c7648f54a6456a5824cc7f18140d3b28226300a12bf3bb4196cde86d8453016	git -C {repo} archive {git_commit} {git_source} | tar -x -C {experiment_root}/{root}/{parent_relative} --strip-components=1
v04-phase5-warehouse-context-ablation-formal-3x3-8r-20260612T114219Z-claw	rep02/full/campaign/workspaces/f7eb2e50-0ce4-4e6c-b3c5-e6cc521237fd.checkpoint.bf963567	data	9715712	171648c4204dfd8b7d0ca68e8fffca4532711d50	surrogate/data	e39d71899d6b96e6280b4ad0d8207960c6a393f0e0d6e35b5ad77e854d361ea3	git -C {repo} archive {git_commit} {git_source} | tar -x -C {experiment_root}/{root}/{parent_relative} --strip-components=1
v04-phase5-warehouse-context-ablation-formal-3x3-8r-20260612T114219Z-claw	rep02/full/campaign/workspaces/f7eb2e50-0ce4-4e6c-b3c5-e6cc521237fd.checkpoint.bf963567	cplex-final-20260426	1015808	171648c4204dfd8b7d0ca68e8fffca4532711d50	surrogate/cplex-final-20260426	b992f1c84218d64eee1586a0dd33e47569195cac060659bc3fa7231b098fd29f	git -C {repo} archive {git_commit} {git_source} | tar -x -C {experiment_root}/{root}/{parent_relative} --strip-components=1
v04-phase5-warehouse-context-ablation-formal-3x3-8r-20260612T114219Z-claw	rep02/full/campaign/workspaces/f7eb2e50-0ce4-4e6c-b3c5-e6cc521237fd.checkpoint.bf963567	sprint-f4-milp-results	466944	171648c4204dfd8b7d0ca68e8fffca4532711d50	surrogate/sprint-f4-milp-results	2a65d92d3876b297da8a70c215e29c02beb12888a6b0cf5782d5b959139ef521	git -C {repo} archive {git_commit} {git_source} | tar -x -C {experiment_root}/{root}/{parent_relative} --strip-components=1
v04-phase5-warehouse-context-ablation-formal-3x3-8r-20260612T114219Z-claw	rep02/full/campaign/workspaces/f7eb2e50-0ce4-4e6c-b3c5-e6cc521237fd.checkpoint.bf963567	tests	372736	171648c4204dfd8b7d0ca68e8fffca4532711d50	surrogate/tests	6421b91de97dcff6251ebfc4a2c6fac826b3bf9e622f0f3a9a3b51adcbb561a5	git -C {repo} archive {git_commit} {git_source} | tar -x -C {experiment_root}/{root}/{parent_relative} --strip-components=1
v04-phase5-warehouse-context-ablation-formal-3x3-8r-20260612T114219Z-claw	rep02/full/campaign/workspaces/f7eb2e50-0ce4-4e6c-b3c5-e6cc521237fd.checkpoint.bf963567	milp_bounds	327680	171648c4204dfd8b7d0ca68e8fffca4532711d50	surrogate/milp_bounds	c127bcd8e5778b4909edd75c31b2df601f40f512065c23108337dfbaaa1c6808	git -C {repo} archive {git_commit} {git_source} | tar -x -C {experiment_root}/{root}/{parent_relative} --strip-components=1
v04-phase5-warehouse-context-ablation-formal-3x3-8r-20260612T114219Z-claw	rep02/full/campaign/workspaces/f7eb2e50-0ce4-4e6c-b3c5-e6cc521237fd.checkpoint.bf963567	calibration	8192	171648c4204dfd8b7d0ca68e8fffca4532711d50	surrogate/calibration	3c7648f54a6456a5824cc7f18140d3b28226300a12bf3bb4196cde86d8453016	git -C {repo} archive {git_commit} {git_source} | tar -x -C {experiment_root}/{root}/{parent_relative} --strip-components=1
v04-phase5-warehouse-context-ablation-formal-3x3-8r-20260612T114219Z-claw	rep02/full/campaign/workspaces/f7eb2e50-0ce4-4e6c-b3c5-e6cc521237fd.checkpoint.cdfb5d97	data	9715712	171648c4204dfd8b7d0ca68e8fffca4532711d50	surrogate/data	e39d71899d6b96e6280b4ad0d8207960c6a393f0e0d6e35b5ad77e854d361ea3	git -C {repo} archive {git_commit} {git_source} | tar -x -C {experiment_root}/{root}/{parent_relative} --strip-components=1
v04-phase5-warehouse-context-ablation-formal-3x3-8r-20260612T114219Z-claw	rep02/full/campaign/workspaces/f7eb2e50-0ce4-4e6c-b3c5-e6cc521237fd.checkpoint.cdfb5d97	cplex-final-20260426	1015808	171648c4204dfd8b7d0ca68e8fffca4532711d50	surrogate/cplex-final-20260426	b992f1c84218d64eee1586a0dd33e47569195cac060659bc3fa7231b098fd29f	git -C {repo} archive {git_commit} {git_source} | tar -x -C {experiment_root}/{root}/{parent_relative} --strip-components=1
v04-phase5-warehouse-context-ablation-formal-3x3-8r-20260612T114219Z-claw	rep02/full/campaign/workspaces/f7eb2e50-0ce4-4e6c-b3c5-e6cc521237fd.checkpoint.cdfb5d97	sprint-f4-milp-results	466944	171648c4204dfd8b7d0ca68e8fffca4532711d50	surrogate/sprint-f4-milp-results	2a65d92d3876b297da8a70c215e29c02beb12888a6b0cf5782d5b959139ef521	git -C {repo} archive {git_commit} {git_source} | tar -x -C {experiment_root}/{root}/{parent_relative} --strip-components=1
v04-phase5-warehouse-context-ablation-formal-3x3-8r-20260612T114219Z-claw	rep02/full/campaign/workspaces/f7eb2e50-0ce4-4e6c-b3c5-e6cc521237fd.checkpoint.cdfb5d97	tests	372736	171648c4204dfd8b7d0ca68e8fffca4532711d50	surrogate/tests	6421b91de97dcff6251ebfc4a2c6fac826b3bf9e622f0f3a9a3b51adcbb561a5	git -C {repo} archive {git_commit} {git_source} | tar -x -C {experiment_root}/{root}/{parent_relative} --strip-components=1
v04-phase5-warehouse-context-ablation-formal-3x3-8r-20260612T114219Z-claw	rep02/full/campaign/workspaces/f7eb2e50-0ce4-4e6c-b3c5-e6cc521237fd.checkpoint.cdfb5d97	milp_bounds	327680	171648c4204dfd8b7d0ca68e8fffca4532711d50	surrogate/milp_bounds	c127bcd8e5778b4909edd75c31b2df601f40f512065c23108337dfbaaa1c6808	git -C {repo} archive {git_commit} {git_source} | tar -x -C {experiment_root}/{root}/{parent_relative} --strip-components=1
v04-phase5-warehouse-context-ablation-formal-3x3-8r-20260612T114219Z-claw	rep02/full/campaign/workspaces/f7eb2e50-0ce4-4e6c-b3c5-e6cc521237fd.checkpoint.cdfb5d97	calibration	8192	171648c4204dfd8b7d0ca68e8fffca4532711d50	surrogate/calibration	3c7648f54a6456a5824cc7f18140d3b28226300a12bf3bb4196cde86d8453016	git -C {repo} archive {git_commit} {git_source} | tar -x -C {experiment_root}/{root}/{parent_relative} --strip-components=1
v04-phase5-warehouse-context-ablation-formal-3x3-8r-20260612T114219Z-claw	rep02/minimal-research-context/campaign/champions/champion_v1	data	9715712	171648c4204dfd8b7d0ca68e8fffca4532711d50	surrogate/data	e39d71899d6b96e6280b4ad0d8207960c6a393f0e0d6e35b5ad77e854d361ea3	git -C {repo} archive {git_commit} {git_source} | tar -x -C {experiment_root}/{root}/{parent_relative} --strip-components=1
v04-phase5-warehouse-context-ablation-formal-3x3-8r-20260612T114219Z-claw	rep02/minimal-research-context/campaign/champions/champion_v1	cplex-final-20260426	1015808	171648c4204dfd8b7d0ca68e8fffca4532711d50	surrogate/cplex-final-20260426	b992f1c84218d64eee1586a0dd33e47569195cac060659bc3fa7231b098fd29f	git -C {repo} archive {git_commit} {git_source} | tar -x -C {experiment_root}/{root}/{parent_relative} --strip-components=1
v04-phase5-warehouse-context-ablation-formal-3x3-8r-20260612T114219Z-claw	rep02/minimal-research-context/campaign/champions/champion_v1	sprint-f4-milp-results	466944	171648c4204dfd8b7d0ca68e8fffca4532711d50	surrogate/sprint-f4-milp-results	2a65d92d3876b297da8a70c215e29c02beb12888a6b0cf5782d5b959139ef521	git -C {repo} archive {git_commit} {git_source} | tar -x -C {experiment_root}/{root}/{parent_relative} --strip-components=1
v04-phase5-warehouse-context-ablation-formal-3x3-8r-20260612T114219Z-claw	rep02/minimal-research-context/campaign/champions/champion_v1	tests	372736	171648c4204dfd8b7d0ca68e8fffca4532711d50	surrogate/tests	6421b91de97dcff6251ebfc4a2c6fac826b3bf9e622f0f3a9a3b51adcbb561a5	git -C {repo} archive {git_commit} {git_source} | tar -x -C {experiment_root}/{root}/{parent_relative} --strip-components=1
v04-phase5-warehouse-context-ablation-formal-3x3-8r-20260612T114219Z-claw	rep02/minimal-research-context/campaign/champions/champion_v1	milp_bounds	327680	171648c4204dfd8b7d0ca68e8fffca4532711d50	surrogate/milp_bounds	c127bcd8e5778b4909edd75c31b2df601f40f512065c23108337dfbaaa1c6808	git -C {repo} archive {git_commit} {git_source} | tar -x -C {experiment_root}/{root}/{parent_relative} --strip-components=1
v04-phase5-warehouse-context-ablation-formal-3x3-8r-20260612T114219Z-claw	rep02/minimal-research-context/campaign/champions/champion_v1	calibration	8192	171648c4204dfd8b7d0ca68e8fffca4532711d50	surrogate/calibration	3c7648f54a6456a5824cc7f18140d3b28226300a12bf3bb4196cde86d8453016	git -C {repo} archive {git_commit} {git_source} | tar -x -C {experiment_root}/{root}/{parent_relative} --strip-components=1
v04-phase5-warehouse-context-ablation-formal-3x3-8r-20260612T114219Z-claw	rep02/minimal-research-context/campaign/workspaces/374b2832-e019-4fa6-9463-476eeab6dff4.checkpoint.62b3355f	data	9715712	171648c4204dfd8b7d0ca68e8fffca4532711d50	surrogate/data	e39d71899d6b96e6280b4ad0d8207960c6a393f0e0d6e35b5ad77e854d361ea3	git -C {repo} archive {git_commit} {git_source} | tar -x -C {experiment_root}/{root}/{parent_relative} --strip-components=1
v04-phase5-warehouse-context-ablation-formal-3x3-8r-20260612T114219Z-claw	rep02/minimal-research-context/campaign/workspaces/374b2832-e019-4fa6-9463-476eeab6dff4.checkpoint.62b3355f	cplex-final-20260426	1015808	171648c4204dfd8b7d0ca68e8fffca4532711d50	surrogate/cplex-final-20260426	b992f1c84218d64eee1586a0dd33e47569195cac060659bc3fa7231b098fd29f	git -C {repo} archive {git_commit} {git_source} | tar -x -C {experiment_root}/{root}/{parent_relative} --strip-components=1
v04-phase5-warehouse-context-ablation-formal-3x3-8r-20260612T114219Z-claw	rep02/minimal-research-context/campaign/workspaces/374b2832-e019-4fa6-9463-476eeab6dff4.checkpoint.62b3355f	sprint-f4-milp-results	466944	171648c4204dfd8b7d0ca68e8fffca4532711d50	surrogate/sprint-f4-milp-results	2a65d92d3876b297da8a70c215e29c02beb12888a6b0cf5782d5b959139ef521	git -C {repo} archive {git_commit} {git_source} | tar -x -C {experiment_root}/{root}/{parent_relative} --strip-components=1
v04-phase5-warehouse-context-ablation-formal-3x3-8r-20260612T114219Z-claw	rep02/minimal-research-context/campaign/workspaces/374b2832-e019-4fa6-9463-476eeab6dff4.checkpoint.62b3355f	tests	372736	171648c4204dfd8b7d0ca68e8fffca4532711d50	surrogate/tests	6421b91de97dcff6251ebfc4a2c6fac826b3bf9e622f0f3a9a3b51adcbb561a5	git -C {repo} archive {git_commit} {git_source} | tar -x -C {experiment_root}/{root}/{parent_relative} --strip-components=1
v04-phase5-warehouse-context-ablation-formal-3x3-8r-20260612T114219Z-claw	rep02/minimal-research-context/campaign/workspaces/374b2832-e019-4fa6-9463-476eeab6dff4.checkpoint.62b3355f	milp_bounds	327680	171648c4204dfd8b7d0ca68e8fffca4532711d50	surrogate/milp_bounds	c127bcd8e5778b4909edd75c31b2df601f40f512065c23108337dfbaaa1c6808	git -C {repo} archive {git_commit} {git_source} | tar -x -C {experiment_root}/{root}/{parent_relative} --strip-components=1
v04-phase5-warehouse-context-ablation-formal-3x3-8r-20260612T114219Z-claw	rep02/minimal-research-context/campaign/workspaces/374b2832-e019-4fa6-9463-476eeab6dff4.checkpoint.62b3355f	calibration	8192	171648c4204dfd8b7d0ca68e8fffca4532711d50	surrogate/calibration	3c7648f54a6456a5824cc7f18140d3b28226300a12bf3bb4196cde86d8453016	git -C {repo} archive {git_commit} {git_source} | tar -x -C {experiment_root}/{root}/{parent_relative} --strip-components=1
v04-phase5-warehouse-context-ablation-formal-3x3-8r-20260612T114219Z-claw	rep02/minimal-research-context/campaign/workspaces/374b2832-e019-4fa6-9463-476eeab6dff4.checkpoint.a6a7ff11	data	9715712	171648c4204dfd8b7d0ca68e8fffca4532711d50	surrogate/data	e39d71899d6b96e6280b4ad0d8207960c6a393f0e0d6e35b5ad77e854d361ea3	git -C {repo} archive {git_commit} {git_source} | tar -x -C {experiment_root}/{root}/{parent_relative} --strip-components=1
v04-phase5-warehouse-context-ablation-formal-3x3-8r-20260612T114219Z-claw	rep02/minimal-research-context/campaign/workspaces/374b2832-e019-4fa6-9463-476eeab6dff4.checkpoint.a6a7ff11	cplex-final-20260426	1015808	171648c4204dfd8b7d0ca68e8fffca4532711d50	surrogate/cplex-final-20260426	b992f1c84218d64eee1586a0dd33e47569195cac060659bc3fa7231b098fd29f	git -C {repo} archive {git_commit} {git_source} | tar -x -C {experiment_root}/{root}/{parent_relative} --strip-components=1
v04-phase5-warehouse-context-ablation-formal-3x3-8r-20260612T114219Z-claw	rep02/minimal-research-context/campaign/workspaces/374b2832-e019-4fa6-9463-476eeab6dff4.checkpoint.a6a7ff11	sprint-f4-milp-results	466944	171648c4204dfd8b7d0ca68e8fffca4532711d50	surrogate/sprint-f4-milp-results	2a65d92d3876b297da8a70c215e29c02beb12888a6b0cf5782d5b959139ef521	git -C {repo} archive {git_commit} {git_source} | tar -x -C {experiment_root}/{root}/{parent_relative} --strip-components=1
v04-phase5-warehouse-context-ablation-formal-3x3-8r-20260612T114219Z-claw	rep02/minimal-research-context/campaign/workspaces/374b2832-e019-4fa6-9463-476eeab6dff4.checkpoint.a6a7ff11	tests	372736	171648c4204dfd8b7d0ca68e8fffca4532711d50	surrogate/tests	6421b91de97dcff6251ebfc4a2c6fac826b3bf9e622f0f3a9a3b51adcbb561a5	git -C {repo} archive {git_commit} {git_source} | tar -x -C {experiment_root}/{root}/{parent_relative} --strip-components=1
v04-phase5-warehouse-context-ablation-formal-3x3-8r-20260612T114219Z-claw	rep02/minimal-research-context/campaign/workspaces/374b2832-e019-4fa6-9463-476eeab6dff4.checkpoint.a6a7ff11	milp_bounds	327680	171648c4204dfd8b7d0ca68e8fffca4532711d50	surrogate/milp_bounds	c127bcd8e5778b4909edd75c31b2df601f40f512065c23108337dfbaaa1c6808	git -C {repo} archive {git_commit} {git_source} | tar -x -C {experiment_root}/{root}/{parent_relative} --strip-components=1
v04-phase5-warehouse-context-ablation-formal-3x3-8r-20260612T114219Z-claw	rep02/minimal-research-context/campaign/workspaces/374b2832-e019-4fa6-9463-476eeab6dff4.checkpoint.a6a7ff11	calibration	8192	171648c4204dfd8b7d0ca68e8fffca4532711d50	surrogate/calibration	3c7648f54a6456a5824cc7f18140d3b28226300a12bf3bb4196cde86d8453016	git -C {repo} archive {git_commit} {git_source} | tar -x -C {experiment_root}/{root}/{parent_relative} --strip-components=1
v04-phase5-warehouse-context-ablation-formal-3x3-8r-20260612T114219Z-claw	rep02/minimal-research-context/campaign/workspaces/413f5c96-4849-4917-b2d8-c2c91f005673	data	9715712	171648c4204dfd8b7d0ca68e8fffca4532711d50	surrogate/data	e39d71899d6b96e6280b4ad0d8207960c6a393f0e0d6e35b5ad77e854d361ea3	git -C {repo} archive {git_commit} {git_source} | tar -x -C {experiment_root}/{root}/{parent_relative} --strip-components=1
v04-phase5-warehouse-context-ablation-formal-3x3-8r-20260612T114219Z-claw	rep02/minimal-research-context/campaign/workspaces/413f5c96-4849-4917-b2d8-c2c91f005673	cplex-final-20260426	1015808	171648c4204dfd8b7d0ca68e8fffca4532711d50	surrogate/cplex-final-20260426	b992f1c84218d64eee1586a0dd33e47569195cac060659bc3fa7231b098fd29f	git -C {repo} archive {git_commit} {git_source} | tar -x -C {experiment_root}/{root}/{parent_relative} --strip-components=1
v04-phase5-warehouse-context-ablation-formal-3x3-8r-20260612T114219Z-claw	rep02/minimal-research-context/campaign/workspaces/413f5c96-4849-4917-b2d8-c2c91f005673	sprint-f4-milp-results	466944	171648c4204dfd8b7d0ca68e8fffca4532711d50	surrogate/sprint-f4-milp-results	2a65d92d3876b297da8a70c215e29c02beb12888a6b0cf5782d5b959139ef521	git -C {repo} archive {git_commit} {git_source} | tar -x -C {experiment_root}/{root}/{parent_relative} --strip-components=1
v04-phase5-warehouse-context-ablation-formal-3x3-8r-20260612T114219Z-claw	rep02/minimal-research-context/campaign/workspaces/413f5c96-4849-4917-b2d8-c2c91f005673	tests	372736	171648c4204dfd8b7d0ca68e8fffca4532711d50	surrogate/tests	6421b91de97dcff6251ebfc4a2c6fac826b3bf9e622f0f3a9a3b51adcbb561a5	git -C {repo} archive {git_commit} {git_source} | tar -x -C {experiment_root}/{root}/{parent_relative} --strip-components=1
v04-phase5-warehouse-context-ablation-formal-3x3-8r-20260612T114219Z-claw	rep02/minimal-research-context/campaign/workspaces/413f5c96-4849-4917-b2d8-c2c91f005673	milp_bounds	327680	171648c4204dfd8b7d0ca68e8fffca4532711d50	surrogate/milp_bounds	c127bcd8e5778b4909edd75c31b2df601f40f512065c23108337dfbaaa1c6808	git -C {repo} archive {git_commit} {git_source} | tar -x -C {experiment_root}/{root}/{parent_relative} --strip-components=1
v04-phase5-warehouse-context-ablation-formal-3x3-8r-20260612T114219Z-claw	rep02/minimal-research-context/campaign/workspaces/413f5c96-4849-4917-b2d8-c2c91f005673	calibration	8192	171648c4204dfd8b7d0ca68e8fffca4532711d50	surrogate/calibration	3c7648f54a6456a5824cc7f18140d3b28226300a12bf3bb4196cde86d8453016	git -C {repo} archive {git_commit} {git_source} | tar -x -C {experiment_root}/{root}/{parent_relative} --strip-components=1
v04-phase5-warehouse-context-ablation-formal-3x3-8r-20260612T114219Z-claw	rep02/minimal-research-context/campaign/workspaces/413f5c96-4849-4917-b2d8-c2c91f005673.checkpoint.7734173e	data	9715712	171648c4204dfd8b7d0ca68e8fffca4532711d50	surrogate/data	e39d71899d6b96e6280b4ad0d8207960c6a393f0e0d6e35b5ad77e854d361ea3	git -C {repo} archive {git_commit} {git_source} | tar -x -C {experiment_root}/{root}/{parent_relative} --strip-components=1
v04-phase5-warehouse-context-ablation-formal-3x3-8r-20260612T114219Z-claw	rep02/minimal-research-context/campaign/workspaces/413f5c96-4849-4917-b2d8-c2c91f005673.checkpoint.7734173e	cplex-final-20260426	1015808	171648c4204dfd8b7d0ca68e8fffca4532711d50	surrogate/cplex-final-20260426	b992f1c84218d64eee1586a0dd33e47569195cac060659bc3fa7231b098fd29f	git -C {repo} archive {git_commit} {git_source} | tar -x -C {experiment_root}/{root}/{parent_relative} --strip-components=1
v04-phase5-warehouse-context-ablation-formal-3x3-8r-20260612T114219Z-claw	rep02/minimal-research-context/campaign/workspaces/413f5c96-4849-4917-b2d8-c2c91f005673.checkpoint.7734173e	sprint-f4-milp-results	466944	171648c4204dfd8b7d0ca68e8fffca4532711d50	surrogate/sprint-f4-milp-results	2a65d92d3876b297da8a70c215e29c02beb12888a6b0cf5782d5b959139ef521	git -C {repo} archive {git_commit} {git_source} | tar -x -C {experiment_root}/{root}/{parent_relative} --strip-components=1
v04-phase5-warehouse-context-ablation-formal-3x3-8r-20260612T114219Z-claw	rep02/minimal-research-context/campaign/workspaces/413f5c96-4849-4917-b2d8-c2c91f005673.checkpoint.7734173e	tests	372736	171648c4204dfd8b7d0ca68e8fffca4532711d50	surrogate/tests	6421b91de97dcff6251ebfc4a2c6fac826b3bf9e622f0f3a9a3b51adcbb561a5	git -C {repo} archive {git_commit} {git_source} | tar -x -C {experiment_root}/{root}/{parent_relative} --strip-components=1
v04-phase5-warehouse-context-ablation-formal-3x3-8r-20260612T114219Z-claw	rep02/minimal-research-context/campaign/workspaces/413f5c96-4849-4917-b2d8-c2c91f005673.checkpoint.7734173e	milp_bounds	327680	171648c4204dfd8b7d0ca68e8fffca4532711d50	surrogate/milp_bounds	c127bcd8e5778b4909edd75c31b2df601f40f512065c23108337dfbaaa1c6808	git -C {repo} archive {git_commit} {git_source} | tar -x -C {experiment_root}/{root}/{parent_relative} --strip-components=1
v04-phase5-warehouse-context-ablation-formal-3x3-8r-20260612T114219Z-claw	rep02/minimal-research-context/campaign/workspaces/413f5c96-4849-4917-b2d8-c2c91f005673.checkpoint.7734173e	calibration	8192	171648c4204dfd8b7d0ca68e8fffca4532711d50	surrogate/calibration	3c7648f54a6456a5824cc7f18140d3b28226300a12bf3bb4196cde86d8453016	git -C {repo} archive {git_commit} {git_source} | tar -x -C {experiment_root}/{root}/{parent_relative} --strip-components=1
v04-phase5-warehouse-context-ablation-formal-3x3-8r-20260612T114219Z-claw	rep02/minimal-research-context/campaign/workspaces/413f5c96-4849-4917-b2d8-c2c91f005673.checkpoint.d1378e72	data	9715712	171648c4204dfd8b7d0ca68e8fffca4532711d50	surrogate/data	e39d71899d6b96e6280b4ad0d8207960c6a393f0e0d6e35b5ad77e854d361ea3	git -C {repo} archive {git_commit} {git_source} | tar -x -C {experiment_root}/{root}/{parent_relative} --strip-components=1
v04-phase5-warehouse-context-ablation-formal-3x3-8r-20260612T114219Z-claw	rep02/minimal-research-context/campaign/workspaces/413f5c96-4849-4917-b2d8-c2c91f005673.checkpoint.d1378e72	cplex-final-20260426	1015808	171648c4204dfd8b7d0ca68e8fffca4532711d50	surrogate/cplex-final-20260426	b992f1c84218d64eee1586a0dd33e47569195cac060659bc3fa7231b098fd29f	git -C {repo} archive {git_commit} {git_source} | tar -x -C {experiment_root}/{root}/{parent_relative} --strip-components=1
v04-phase5-warehouse-context-ablation-formal-3x3-8r-20260612T114219Z-claw	rep02/minimal-research-context/campaign/workspaces/413f5c96-4849-4917-b2d8-c2c91f005673.checkpoint.d1378e72	sprint-f4-milp-results	466944	171648c4204dfd8b7d0ca68e8fffca4532711d50	surrogate/sprint-f4-milp-results	2a65d92d3876b297da8a70c215e29c02beb12888a6b0cf5782d5b959139ef521	git -C {repo} archive {git_commit} {git_source} | tar -x -C {experiment_root}/{root}/{parent_relative} --strip-components=1
v04-phase5-warehouse-context-ablation-formal-3x3-8r-20260612T114219Z-claw	rep02/minimal-research-context/campaign/workspaces/413f5c96-4849-4917-b2d8-c2c91f005673.checkpoint.d1378e72	tests	372736	171648c4204dfd8b7d0ca68e8fffca4532711d50	surrogate/tests	6421b91de97dcff6251ebfc4a2c6fac826b3bf9e622f0f3a9a3b51adcbb561a5	git -C {repo} archive {git_commit} {git_source} | tar -x -C {experiment_root}/{root}/{parent_relative} --strip-components=1
v04-phase5-warehouse-context-ablation-formal-3x3-8r-20260612T114219Z-claw	rep02/minimal-research-context/campaign/workspaces/413f5c96-4849-4917-b2d8-c2c91f005673.checkpoint.d1378e72	milp_bounds	327680	171648c4204dfd8b7d0ca68e8fffca4532711d50	surrogate/milp_bounds	c127bcd8e5778b4909edd75c31b2df601f40f512065c23108337dfbaaa1c6808	git -C {repo} archive {git_commit} {git_source} | tar -x -C {experiment_root}/{root}/{parent_relative} --strip-components=1
v04-phase5-warehouse-context-ablation-formal-3x3-8r-20260612T114219Z-claw	rep02/minimal-research-context/campaign/workspaces/413f5c96-4849-4917-b2d8-c2c91f005673.checkpoint.d1378e72	calibration	8192	171648c4204dfd8b7d0ca68e8fffca4532711d50	surrogate/calibration	3c7648f54a6456a5824cc7f18140d3b28226300a12bf3bb4196cde86d8453016	git -C {repo} archive {git_commit} {git_source} | tar -x -C {experiment_root}/{root}/{parent_relative} --strip-components=1
v04-phase5-warehouse-context-ablation-formal-3x3-8r-20260612T114219Z-claw	rep02/minimal-research-context/campaign/workspaces/8561bf13-1376-4cdb-8835-bc6212e2bf9f.checkpoint.abc2ba59	data	9715712	171648c4204dfd8b7d0ca68e8fffca4532711d50	surrogate/data	e39d71899d6b96e6280b4ad0d8207960c6a393f0e0d6e35b5ad77e854d361ea3	git -C {repo} archive {git_commit} {git_source} | tar -x -C {experiment_root}/{root}/{parent_relative} --strip-components=1
v04-phase5-warehouse-context-ablation-formal-3x3-8r-20260612T114219Z-claw	rep02/minimal-research-context/campaign/workspaces/8561bf13-1376-4cdb-8835-bc6212e2bf9f.checkpoint.abc2ba59	cplex-final-20260426	1015808	171648c4204dfd8b7d0ca68e8fffca4532711d50	surrogate/cplex-final-20260426	b992f1c84218d64eee1586a0dd33e47569195cac060659bc3fa7231b098fd29f	git -C {repo} archive {git_commit} {git_source} | tar -x -C {experiment_root}/{root}/{parent_relative} --strip-components=1
v04-phase5-warehouse-context-ablation-formal-3x3-8r-20260612T114219Z-claw	rep02/minimal-research-context/campaign/workspaces/8561bf13-1376-4cdb-8835-bc6212e2bf9f.checkpoint.abc2ba59	sprint-f4-milp-results	466944	171648c4204dfd8b7d0ca68e8fffca4532711d50	surrogate/sprint-f4-milp-results	2a65d92d3876b297da8a70c215e29c02beb12888a6b0cf5782d5b959139ef521	git -C {repo} archive {git_commit} {git_source} | tar -x -C {experiment_root}/{root}/{parent_relative} --strip-components=1
v04-phase5-warehouse-context-ablation-formal-3x3-8r-20260612T114219Z-claw	rep02/minimal-research-context/campaign/workspaces/8561bf13-1376-4cdb-8835-bc6212e2bf9f.checkpoint.abc2ba59	tests	372736	171648c4204dfd8b7d0ca68e8fffca4532711d50	surrogate/tests	6421b91de97dcff6251ebfc4a2c6fac826b3bf9e622f0f3a9a3b51adcbb561a5	git -C {repo} archive {git_commit} {git_source} | tar -x -C {experiment_root}/{root}/{parent_relative} --strip-components=1
v04-phase5-warehouse-context-ablation-formal-3x3-8r-20260612T114219Z-claw	rep02/minimal-research-context/campaign/workspaces/8561bf13-1376-4cdb-8835-bc6212e2bf9f.checkpoint.abc2ba59	milp_bounds	327680	171648c4204dfd8b7d0ca68e8fffca4532711d50	surrogate/milp_bounds	c127bcd8e5778b4909edd75c31b2df601f40f512065c23108337dfbaaa1c6808	git -C {repo} archive {git_commit} {git_source} | tar -x -C {experiment_root}/{root}/{parent_relative} --strip-components=1
v04-phase5-warehouse-context-ablation-formal-3x3-8r-20260612T114219Z-claw	rep02/minimal-research-context/campaign/workspaces/8561bf13-1376-4cdb-8835-bc6212e2bf9f.checkpoint.abc2ba59	calibration	8192	171648c4204dfd8b7d0ca68e8fffca4532711d50	surrogate/calibration	3c7648f54a6456a5824cc7f18140d3b28226300a12bf3bb4196cde86d8453016	git -C {repo} archive {git_commit} {git_source} | tar -x -C {experiment_root}/{root}/{parent_relative} --strip-components=1
v04-phase5-warehouse-context-ablation-formal-3x3-8r-20260612T114219Z-claw	rep02/minimal-research-context/campaign/workspaces/8561bf13-1376-4cdb-8835-bc6212e2bf9f.checkpoint.e56f0f7c	data	9715712	171648c4204dfd8b7d0ca68e8fffca4532711d50	surrogate/data	e39d71899d6b96e6280b4ad0d8207960c6a393f0e0d6e35b5ad77e854d361ea3	git -C {repo} archive {git_commit} {git_source} | tar -x -C {experiment_root}/{root}/{parent_relative} --strip-components=1
v04-phase5-warehouse-context-ablation-formal-3x3-8r-20260612T114219Z-claw	rep02/minimal-research-context/campaign/workspaces/8561bf13-1376-4cdb-8835-bc6212e2bf9f.checkpoint.e56f0f7c	cplex-final-20260426	1015808	171648c4204dfd8b7d0ca68e8fffca4532711d50	surrogate/cplex-final-20260426	b992f1c84218d64eee1586a0dd33e47569195cac060659bc3fa7231b098fd29f	git -C {repo} archive {git_commit} {git_source} | tar -x -C {experiment_root}/{root}/{parent_relative} --strip-components=1
v04-phase5-warehouse-context-ablation-formal-3x3-8r-20260612T114219Z-claw	rep02/minimal-research-context/campaign/workspaces/8561bf13-1376-4cdb-8835-bc6212e2bf9f.checkpoint.e56f0f7c	sprint-f4-milp-results	466944	171648c4204dfd8b7d0ca68e8fffca4532711d50	surrogate/sprint-f4-milp-results	2a65d92d3876b297da8a70c215e29c02beb12888a6b0cf5782d5b959139ef521	git -C {repo} archive {git_commit} {git_source} | tar -x -C {experiment_root}/{root}/{parent_relative} --strip-components=1
v04-phase5-warehouse-context-ablation-formal-3x3-8r-20260612T114219Z-claw	rep02/minimal-research-context/campaign/workspaces/8561bf13-1376-4cdb-8835-bc6212e2bf9f.checkpoint.e56f0f7c	tests	372736	171648c4204dfd8b7d0ca68e8fffca4532711d50	surrogate/tests	6421b91de97dcff6251ebfc4a2c6fac826b3bf9e622f0f3a9a3b51adcbb561a5	git -C {repo} archive {git_commit} {git_source} | tar -x -C {experiment_root}/{root}/{parent_relative} --strip-components=1
v04-phase5-warehouse-context-ablation-formal-3x3-8r-20260612T114219Z-claw	rep02/minimal-research-context/campaign/workspaces/8561bf13-1376-4cdb-8835-bc6212e2bf9f.checkpoint.e56f0f7c	milp_bounds	327680	171648c4204dfd8b7d0ca68e8fffca4532711d50	surrogate/milp_bounds	c127bcd8e5778b4909edd75c31b2df601f40f512065c23108337dfbaaa1c6808	git -C {repo} archive {git_commit} {git_source} | tar -x -C {experiment_root}/{root}/{parent_relative} --strip-components=1
v04-phase5-warehouse-context-ablation-formal-3x3-8r-20260612T114219Z-claw	rep02/minimal-research-context/campaign/workspaces/8561bf13-1376-4cdb-8835-bc6212e2bf9f.checkpoint.e56f0f7c	calibration	8192	171648c4204dfd8b7d0ca68e8fffca4532711d50	surrogate/calibration	3c7648f54a6456a5824cc7f18140d3b28226300a12bf3bb4196cde86d8453016	git -C {repo} archive {git_commit} {git_source} | tar -x -C {experiment_root}/{root}/{parent_relative} --strip-components=1
v04-phase5-warehouse-context-ablation-formal-3x3-8r-20260612T114219Z-claw	rep02/no-measurement-diagnostics/campaign/champions/champion_v1	data	9715712	171648c4204dfd8b7d0ca68e8fffca4532711d50	surrogate/data	e39d71899d6b96e6280b4ad0d8207960c6a393f0e0d6e35b5ad77e854d361ea3	git -C {repo} archive {git_commit} {git_source} | tar -x -C {experiment_root}/{root}/{parent_relative} --strip-components=1
v04-phase5-warehouse-context-ablation-formal-3x3-8r-20260612T114219Z-claw	rep02/no-measurement-diagnostics/campaign/champions/champion_v1	cplex-final-20260426	1015808	171648c4204dfd8b7d0ca68e8fffca4532711d50	surrogate/cplex-final-20260426	b992f1c84218d64eee1586a0dd33e47569195cac060659bc3fa7231b098fd29f	git -C {repo} archive {git_commit} {git_source} | tar -x -C {experiment_root}/{root}/{parent_relative} --strip-components=1
v04-phase5-warehouse-context-ablation-formal-3x3-8r-20260612T114219Z-claw	rep02/no-measurement-diagnostics/campaign/champions/champion_v1	sprint-f4-milp-results	466944	171648c4204dfd8b7d0ca68e8fffca4532711d50	surrogate/sprint-f4-milp-results	2a65d92d3876b297da8a70c215e29c02beb12888a6b0cf5782d5b959139ef521	git -C {repo} archive {git_commit} {git_source} | tar -x -C {experiment_root}/{root}/{parent_relative} --strip-components=1
v04-phase5-warehouse-context-ablation-formal-3x3-8r-20260612T114219Z-claw	rep02/no-measurement-diagnostics/campaign/champions/champion_v1	tests	372736	171648c4204dfd8b7d0ca68e8fffca4532711d50	surrogate/tests	6421b91de97dcff6251ebfc4a2c6fac826b3bf9e622f0f3a9a3b51adcbb561a5	git -C {repo} archive {git_commit} {git_source} | tar -x -C {experiment_root}/{root}/{parent_relative} --strip-components=1
v04-phase5-warehouse-context-ablation-formal-3x3-8r-20260612T114219Z-claw	rep02/no-measurement-diagnostics/campaign/champions/champion_v1	milp_bounds	327680	171648c4204dfd8b7d0ca68e8fffca4532711d50	surrogate/milp_bounds	c127bcd8e5778b4909edd75c31b2df601f40f512065c23108337dfbaaa1c6808	git -C {repo} archive {git_commit} {git_source} | tar -x -C {experiment_root}/{root}/{parent_relative} --strip-components=1
v04-phase5-warehouse-context-ablation-formal-3x3-8r-20260612T114219Z-claw	rep02/no-measurement-diagnostics/campaign/champions/champion_v1	calibration	8192	171648c4204dfd8b7d0ca68e8fffca4532711d50	surrogate/calibration	3c7648f54a6456a5824cc7f18140d3b28226300a12bf3bb4196cde86d8453016	git -C {repo} archive {git_commit} {git_source} | tar -x -C {experiment_root}/{root}/{parent_relative} --strip-components=1
v04-phase5-warehouse-context-ablation-formal-3x3-8r-20260612T114219Z-claw	rep02/no-measurement-diagnostics/campaign/workspaces/d798dbd4-d906-498e-8ffd-318094f1850f	data	9715712	171648c4204dfd8b7d0ca68e8fffca4532711d50	surrogate/data	e39d71899d6b96e6280b4ad0d8207960c6a393f0e0d6e35b5ad77e854d361ea3	git -C {repo} archive {git_commit} {git_source} | tar -x -C {experiment_root}/{root}/{parent_relative} --strip-components=1
v04-phase5-warehouse-context-ablation-formal-3x3-8r-20260612T114219Z-claw	rep02/no-measurement-diagnostics/campaign/workspaces/d798dbd4-d906-498e-8ffd-318094f1850f	cplex-final-20260426	1015808	171648c4204dfd8b7d0ca68e8fffca4532711d50	surrogate/cplex-final-20260426	b992f1c84218d64eee1586a0dd33e47569195cac060659bc3fa7231b098fd29f	git -C {repo} archive {git_commit} {git_source} | tar -x -C {experiment_root}/{root}/{parent_relative} --strip-components=1
v04-phase5-warehouse-context-ablation-formal-3x3-8r-20260612T114219Z-claw	rep02/no-measurement-diagnostics/campaign/workspaces/d798dbd4-d906-498e-8ffd-318094f1850f	sprint-f4-milp-results	466944	171648c4204dfd8b7d0ca68e8fffca4532711d50	surrogate/sprint-f4-milp-results	2a65d92d3876b297da8a70c215e29c02beb12888a6b0cf5782d5b959139ef521	git -C {repo} archive {git_commit} {git_source} | tar -x -C {experiment_root}/{root}/{parent_relative} --strip-components=1
v04-phase5-warehouse-context-ablation-formal-3x3-8r-20260612T114219Z-claw	rep02/no-measurement-diagnostics/campaign/workspaces/d798dbd4-d906-498e-8ffd-318094f1850f	tests	372736	171648c4204dfd8b7d0ca68e8fffca4532711d50	surrogate/tests	6421b91de97dcff6251ebfc4a2c6fac826b3bf9e622f0f3a9a3b51adcbb561a5	git -C {repo} archive {git_commit} {git_source} | tar -x -C {experiment_root}/{root}/{parent_relative} --strip-components=1
v04-phase5-warehouse-context-ablation-formal-3x3-8r-20260612T114219Z-claw	rep02/no-measurement-diagnostics/campaign/workspaces/d798dbd4-d906-498e-8ffd-318094f1850f	milp_bounds	327680	171648c4204dfd8b7d0ca68e8fffca4532711d50	surrogate/milp_bounds	c127bcd8e5778b4909edd75c31b2df601f40f512065c23108337dfbaaa1c6808	git -C {repo} archive {git_commit} {git_source} | tar -x -C {experiment_root}/{root}/{parent_relative} --strip-components=1
v04-phase5-warehouse-context-ablation-formal-3x3-8r-20260612T114219Z-claw	rep02/no-measurement-diagnostics/campaign/workspaces/d798dbd4-d906-498e-8ffd-318094f1850f	calibration	8192	171648c4204dfd8b7d0ca68e8fffca4532711d50	surrogate/calibration	3c7648f54a6456a5824cc7f18140d3b28226300a12bf3bb4196cde86d8453016	git -C {repo} archive {git_commit} {git_source} | tar -x -C {experiment_root}/{root}/{parent_relative} --strip-components=1
v04-phase5-warehouse-context-ablation-formal-3x3-8r-20260612T114219Z-claw	rep02/no-measurement-diagnostics/campaign/workspaces/e080810a-aaf7-49a3-8136-f88c40759f6a	data	9715712	171648c4204dfd8b7d0ca68e8fffca4532711d50	surrogate/data	e39d71899d6b96e6280b4ad0d8207960c6a393f0e0d6e35b5ad77e854d361ea3	git -C {repo} archive {git_commit} {git_source} | tar -x -C {experiment_root}/{root}/{parent_relative} --strip-components=1
v04-phase5-warehouse-context-ablation-formal-3x3-8r-20260612T114219Z-claw	rep02/no-measurement-diagnostics/campaign/workspaces/e080810a-aaf7-49a3-8136-f88c40759f6a	cplex-final-20260426	1015808	171648c4204dfd8b7d0ca68e8fffca4532711d50	surrogate/cplex-final-20260426	b992f1c84218d64eee1586a0dd33e47569195cac060659bc3fa7231b098fd29f	git -C {repo} archive {git_commit} {git_source} | tar -x -C {experiment_root}/{root}/{parent_relative} --strip-components=1
v04-phase5-warehouse-context-ablation-formal-3x3-8r-20260612T114219Z-claw	rep02/no-measurement-diagnostics/campaign/workspaces/e080810a-aaf7-49a3-8136-f88c40759f6a	sprint-f4-milp-results	466944	171648c4204dfd8b7d0ca68e8fffca4532711d50	surrogate/sprint-f4-milp-results	2a65d92d3876b297da8a70c215e29c02beb12888a6b0cf5782d5b959139ef521	git -C {repo} archive {git_commit} {git_source} | tar -x -C {experiment_root}/{root}/{parent_relative} --strip-components=1
v04-phase5-warehouse-context-ablation-formal-3x3-8r-20260612T114219Z-claw	rep02/no-measurement-diagnostics/campaign/workspaces/e080810a-aaf7-49a3-8136-f88c40759f6a	tests	372736	171648c4204dfd8b7d0ca68e8fffca4532711d50	surrogate/tests	6421b91de97dcff6251ebfc4a2c6fac826b3bf9e622f0f3a9a3b51adcbb561a5	git -C {repo} archive {git_commit} {git_source} | tar -x -C {experiment_root}/{root}/{parent_relative} --strip-components=1
v04-phase5-warehouse-context-ablation-formal-3x3-8r-20260612T114219Z-claw	rep02/no-measurement-diagnostics/campaign/workspaces/e080810a-aaf7-49a3-8136-f88c40759f6a	milp_bounds	327680	171648c4204dfd8b7d0ca68e8fffca4532711d50	surrogate/milp_bounds	c127bcd8e5778b4909edd75c31b2df601f40f512065c23108337dfbaaa1c6808	git -C {repo} archive {git_commit} {git_source} | tar -x -C {experiment_root}/{root}/{parent_relative} --strip-components=1
v04-phase5-warehouse-context-ablation-formal-3x3-8r-20260612T114219Z-claw	rep02/no-measurement-diagnostics/campaign/workspaces/e080810a-aaf7-49a3-8136-f88c40759f6a	calibration	8192	171648c4204dfd8b7d0ca68e8fffca4532711d50	surrogate/calibration	3c7648f54a6456a5824cc7f18140d3b28226300a12bf3bb4196cde86d8453016	git -C {repo} archive {git_commit} {git_source} | tar -x -C {experiment_root}/{root}/{parent_relative} --strip-components=1
v04-phase5-warehouse-context-ablation-formal-3x3-8r-20260612T114219Z-claw	rep02/no-measurement-diagnostics/campaign/workspaces/e080810a-aaf7-49a3-8136-f88c40759f6a.checkpoint.60c53260	data	9715712	171648c4204dfd8b7d0ca68e8fffca4532711d50	surrogate/data	e39d71899d6b96e6280b4ad0d8207960c6a393f0e0d6e35b5ad77e854d361ea3	git -C {repo} archive {git_commit} {git_source} | tar -x -C {experiment_root}/{root}/{parent_relative} --strip-components=1
v04-phase5-warehouse-context-ablation-formal-3x3-8r-20260612T114219Z-claw	rep02/no-measurement-diagnostics/campaign/workspaces/e080810a-aaf7-49a3-8136-f88c40759f6a.checkpoint.60c53260	cplex-final-20260426	1015808	171648c4204dfd8b7d0ca68e8fffca4532711d50	surrogate/cplex-final-20260426	b992f1c84218d64eee1586a0dd33e47569195cac060659bc3fa7231b098fd29f	git -C {repo} archive {git_commit} {git_source} | tar -x -C {experiment_root}/{root}/{parent_relative} --strip-components=1
v04-phase5-warehouse-context-ablation-formal-3x3-8r-20260612T114219Z-claw	rep02/no-measurement-diagnostics/campaign/workspaces/e080810a-aaf7-49a3-8136-f88c40759f6a.checkpoint.60c53260	sprint-f4-milp-results	466944	171648c4204dfd8b7d0ca68e8fffca4532711d50	surrogate/sprint-f4-milp-results	2a65d92d3876b297da8a70c215e29c02beb12888a6b0cf5782d5b959139ef521	git -C {repo} archive {git_commit} {git_source} | tar -x -C {experiment_root}/{root}/{parent_relative} --strip-components=1
v04-phase5-warehouse-context-ablation-formal-3x3-8r-20260612T114219Z-claw	rep02/no-measurement-diagnostics/campaign/workspaces/e080810a-aaf7-49a3-8136-f88c40759f6a.checkpoint.60c53260	tests	372736	171648c4204dfd8b7d0ca68e8fffca4532711d50	surrogate/tests	6421b91de97dcff6251ebfc4a2c6fac826b3bf9e622f0f3a9a3b51adcbb561a5	git -C {repo} archive {git_commit} {git_source} | tar -x -C {experiment_root}/{root}/{parent_relative} --strip-components=1
v04-phase5-warehouse-context-ablation-formal-3x3-8r-20260612T114219Z-claw	rep02/no-measurement-diagnostics/campaign/workspaces/e080810a-aaf7-49a3-8136-f88c40759f6a.checkpoint.60c53260	milp_bounds	327680	171648c4204dfd8b7d0ca68e8fffca4532711d50	surrogate/milp_bounds	c127bcd8e5778b4909edd75c31b2df601f40f512065c23108337dfbaaa1c6808	git -C {repo} archive {git_commit} {git_source} | tar -x -C {experiment_root}/{root}/{parent_relative} --strip-components=1
v04-phase5-warehouse-context-ablation-formal-3x3-8r-20260612T114219Z-claw	rep02/no-measurement-diagnostics/campaign/workspaces/e080810a-aaf7-49a3-8136-f88c40759f6a.checkpoint.60c53260	calibration	8192	171648c4204dfd8b7d0ca68e8fffca4532711d50	surrogate/calibration	3c7648f54a6456a5824cc7f18140d3b28226300a12bf3bb4196cde86d8453016	git -C {repo} archive {git_commit} {git_source} | tar -x -C {experiment_root}/{root}/{parent_relative} --strip-components=1
v04-phase5-warehouse-context-ablation-formal-3x3-8r-20260612T114219Z-claw	rep02/no-measurement-diagnostics/campaign/workspaces/e080810a-aaf7-49a3-8136-f88c40759f6a.checkpoint.d35afe5e	data	9715712	171648c4204dfd8b7d0ca68e8fffca4532711d50	surrogate/data	e39d71899d6b96e6280b4ad0d8207960c6a393f0e0d6e35b5ad77e854d361ea3	git -C {repo} archive {git_commit} {git_source} | tar -x -C {experiment_root}/{root}/{parent_relative} --strip-components=1
v04-phase5-warehouse-context-ablation-formal-3x3-8r-20260612T114219Z-claw	rep02/no-measurement-diagnostics/campaign/workspaces/e080810a-aaf7-49a3-8136-f88c40759f6a.checkpoint.d35afe5e	cplex-final-20260426	1015808	171648c4204dfd8b7d0ca68e8fffca4532711d50	surrogate/cplex-final-20260426	b992f1c84218d64eee1586a0dd33e47569195cac060659bc3fa7231b098fd29f	git -C {repo} archive {git_commit} {git_source} | tar -x -C {experiment_root}/{root}/{parent_relative} --strip-components=1
v04-phase5-warehouse-context-ablation-formal-3x3-8r-20260612T114219Z-claw	rep02/no-measurement-diagnostics/campaign/workspaces/e080810a-aaf7-49a3-8136-f88c40759f6a.checkpoint.d35afe5e	sprint-f4-milp-results	466944	171648c4204dfd8b7d0ca68e8fffca4532711d50	surrogate/sprint-f4-milp-results	2a65d92d3876b297da8a70c215e29c02beb12888a6b0cf5782d5b959139ef521	git -C {repo} archive {git_commit} {git_source} | tar -x -C {experiment_root}/{root}/{parent_relative} --strip-components=1
v04-phase5-warehouse-context-ablation-formal-3x3-8r-20260612T114219Z-claw	rep02/no-measurement-diagnostics/campaign/workspaces/e080810a-aaf7-49a3-8136-f88c40759f6a.checkpoint.d35afe5e	tests	372736	171648c4204dfd8b7d0ca68e8fffca4532711d50	surrogate/tests	6421b91de97dcff6251ebfc4a2c6fac826b3bf9e622f0f3a9a3b51adcbb561a5	git -C {repo} archive {git_commit} {git_source} | tar -x -C {experiment_root}/{root}/{parent_relative} --strip-components=1
v04-phase5-warehouse-context-ablation-formal-3x3-8r-20260612T114219Z-claw	rep02/no-measurement-diagnostics/campaign/workspaces/e080810a-aaf7-49a3-8136-f88c40759f6a.checkpoint.d35afe5e	milp_bounds	327680	171648c4204dfd8b7d0ca68e8fffca4532711d50	surrogate/milp_bounds	c127bcd8e5778b4909edd75c31b2df601f40f512065c23108337dfbaaa1c6808	git -C {repo} archive {git_commit} {git_source} | tar -x -C {experiment_root}/{root}/{parent_relative} --strip-components=1
v04-phase5-warehouse-context-ablation-formal-3x3-8r-20260612T114219Z-claw	rep02/no-measurement-diagnostics/campaign/workspaces/e080810a-aaf7-49a3-8136-f88c40759f6a.checkpoint.d35afe5e	calibration	8192	171648c4204dfd8b7d0ca68e8fffca4532711d50	surrogate/calibration	3c7648f54a6456a5824cc7f18140d3b28226300a12bf3bb4196cde86d8453016	git -C {repo} archive {git_commit} {git_source} | tar -x -C {experiment_root}/{root}/{parent_relative} --strip-components=1
v04-phase5-warehouse-context-ablation-formal-3x3-8r-20260612T114219Z-claw	rep03/full/campaign/champions/champion_v1	data	9715712	171648c4204dfd8b7d0ca68e8fffca4532711d50	surrogate/data	e39d71899d6b96e6280b4ad0d8207960c6a393f0e0d6e35b5ad77e854d361ea3	git -C {repo} archive {git_commit} {git_source} | tar -x -C {experiment_root}/{root}/{parent_relative} --strip-components=1
v04-phase5-warehouse-context-ablation-formal-3x3-8r-20260612T114219Z-claw	rep03/full/campaign/champions/champion_v1	cplex-final-20260426	1015808	171648c4204dfd8b7d0ca68e8fffca4532711d50	surrogate/cplex-final-20260426	b992f1c84218d64eee1586a0dd33e47569195cac060659bc3fa7231b098fd29f	git -C {repo} archive {git_commit} {git_source} | tar -x -C {experiment_root}/{root}/{parent_relative} --strip-components=1
v04-phase5-warehouse-context-ablation-formal-3x3-8r-20260612T114219Z-claw	rep03/full/campaign/champions/champion_v1	sprint-f4-milp-results	466944	171648c4204dfd8b7d0ca68e8fffca4532711d50	surrogate/sprint-f4-milp-results	2a65d92d3876b297da8a70c215e29c02beb12888a6b0cf5782d5b959139ef521	git -C {repo} archive {git_commit} {git_source} | tar -x -C {experiment_root}/{root}/{parent_relative} --strip-components=1
v04-phase5-warehouse-context-ablation-formal-3x3-8r-20260612T114219Z-claw	rep03/full/campaign/champions/champion_v1	tests	372736	171648c4204dfd8b7d0ca68e8fffca4532711d50	surrogate/tests	6421b91de97dcff6251ebfc4a2c6fac826b3bf9e622f0f3a9a3b51adcbb561a5	git -C {repo} archive {git_commit} {git_source} | tar -x -C {experiment_root}/{root}/{parent_relative} --strip-components=1
v04-phase5-warehouse-context-ablation-formal-3x3-8r-20260612T114219Z-claw	rep03/full/campaign/champions/champion_v1	milp_bounds	327680	171648c4204dfd8b7d0ca68e8fffca4532711d50	surrogate/milp_bounds	c127bcd8e5778b4909edd75c31b2df601f40f512065c23108337dfbaaa1c6808	git -C {repo} archive {git_commit} {git_source} | tar -x -C {experiment_root}/{root}/{parent_relative} --strip-components=1
v04-phase5-warehouse-context-ablation-formal-3x3-8r-20260612T114219Z-claw	rep03/full/campaign/champions/champion_v1	calibration	8192	171648c4204dfd8b7d0ca68e8fffca4532711d50	surrogate/calibration	3c7648f54a6456a5824cc7f18140d3b28226300a12bf3bb4196cde86d8453016	git -C {repo} archive {git_commit} {git_source} | tar -x -C {experiment_root}/{root}/{parent_relative} --strip-components=1
v04-phase5-warehouse-context-ablation-formal-3x3-8r-20260612T114219Z-claw	rep03/full/campaign/workspaces/44e60e45-9cfc-4216-a584-e0e51c9956cc.checkpoint.ac3320f8	data	9715712	171648c4204dfd8b7d0ca68e8fffca4532711d50	surrogate/data	e39d71899d6b96e6280b4ad0d8207960c6a393f0e0d6e35b5ad77e854d361ea3	git -C {repo} archive {git_commit} {git_source} | tar -x -C {experiment_root}/{root}/{parent_relative} --strip-components=1
v04-phase5-warehouse-context-ablation-formal-3x3-8r-20260612T114219Z-claw	rep03/full/campaign/workspaces/44e60e45-9cfc-4216-a584-e0e51c9956cc.checkpoint.ac3320f8	cplex-final-20260426	1015808	171648c4204dfd8b7d0ca68e8fffca4532711d50	surrogate/cplex-final-20260426	b992f1c84218d64eee1586a0dd33e47569195cac060659bc3fa7231b098fd29f	git -C {repo} archive {git_commit} {git_source} | tar -x -C {experiment_root}/{root}/{parent_relative} --strip-components=1
v04-phase5-warehouse-context-ablation-formal-3x3-8r-20260612T114219Z-claw	rep03/full/campaign/workspaces/44e60e45-9cfc-4216-a584-e0e51c9956cc.checkpoint.ac3320f8	sprint-f4-milp-results	466944	171648c4204dfd8b7d0ca68e8fffca4532711d50	surrogate/sprint-f4-milp-results	2a65d92d3876b297da8a70c215e29c02beb12888a6b0cf5782d5b959139ef521	git -C {repo} archive {git_commit} {git_source} | tar -x -C {experiment_root}/{root}/{parent_relative} --strip-components=1
v04-phase5-warehouse-context-ablation-formal-3x3-8r-20260612T114219Z-claw	rep03/full/campaign/workspaces/44e60e45-9cfc-4216-a584-e0e51c9956cc.checkpoint.ac3320f8	tests	372736	171648c4204dfd8b7d0ca68e8fffca4532711d50	surrogate/tests	6421b91de97dcff6251ebfc4a2c6fac826b3bf9e622f0f3a9a3b51adcbb561a5	git -C {repo} archive {git_commit} {git_source} | tar -x -C {experiment_root}/{root}/{parent_relative} --strip-components=1
v04-phase5-warehouse-context-ablation-formal-3x3-8r-20260612T114219Z-claw	rep03/full/campaign/workspaces/44e60e45-9cfc-4216-a584-e0e51c9956cc.checkpoint.ac3320f8	milp_bounds	327680	171648c4204dfd8b7d0ca68e8fffca4532711d50	surrogate/milp_bounds	c127bcd8e5778b4909edd75c31b2df601f40f512065c23108337dfbaaa1c6808	git -C {repo} archive {git_commit} {git_source} | tar -x -C {experiment_root}/{root}/{parent_relative} --strip-components=1
v04-phase5-warehouse-context-ablation-formal-3x3-8r-20260612T114219Z-claw	rep03/full/campaign/workspaces/44e60e45-9cfc-4216-a584-e0e51c9956cc.checkpoint.ac3320f8	calibration	8192	171648c4204dfd8b7d0ca68e8fffca4532711d50	surrogate/calibration	3c7648f54a6456a5824cc7f18140d3b28226300a12bf3bb4196cde86d8453016	git -C {repo} archive {git_commit} {git_source} | tar -x -C {experiment_root}/{root}/{parent_relative} --strip-components=1
v04-phase5-warehouse-context-ablation-formal-3x3-8r-20260612T114219Z-claw	rep03/full/campaign/workspaces/fe64ff25-3a7c-4291-9fc7-ef94bb937e48	data	9715712	171648c4204dfd8b7d0ca68e8fffca4532711d50	surrogate/data	e39d71899d6b96e6280b4ad0d8207960c6a393f0e0d6e35b5ad77e854d361ea3	git -C {repo} archive {git_commit} {git_source} | tar -x -C {experiment_root}/{root}/{parent_relative} --strip-components=1
v04-phase5-warehouse-context-ablation-formal-3x3-8r-20260612T114219Z-claw	rep03/full/campaign/workspaces/fe64ff25-3a7c-4291-9fc7-ef94bb937e48	cplex-final-20260426	1015808	171648c4204dfd8b7d0ca68e8fffca4532711d50	surrogate/cplex-final-20260426	b992f1c84218d64eee1586a0dd33e47569195cac060659bc3fa7231b098fd29f	git -C {repo} archive {git_commit} {git_source} | tar -x -C {experiment_root}/{root}/{parent_relative} --strip-components=1
v04-phase5-warehouse-context-ablation-formal-3x3-8r-20260612T114219Z-claw	rep03/full/campaign/workspaces/fe64ff25-3a7c-4291-9fc7-ef94bb937e48	sprint-f4-milp-results	466944	171648c4204dfd8b7d0ca68e8fffca4532711d50	surrogate/sprint-f4-milp-results	2a65d92d3876b297da8a70c215e29c02beb12888a6b0cf5782d5b959139ef521	git -C {repo} archive {git_commit} {git_source} | tar -x -C {experiment_root}/{root}/{parent_relative} --strip-components=1
v04-phase5-warehouse-context-ablation-formal-3x3-8r-20260612T114219Z-claw	rep03/full/campaign/workspaces/fe64ff25-3a7c-4291-9fc7-ef94bb937e48	tests	372736	171648c4204dfd8b7d0ca68e8fffca4532711d50	surrogate/tests	6421b91de97dcff6251ebfc4a2c6fac826b3bf9e622f0f3a9a3b51adcbb561a5	git -C {repo} archive {git_commit} {git_source} | tar -x -C {experiment_root}/{root}/{parent_relative} --strip-components=1
v04-phase5-warehouse-context-ablation-formal-3x3-8r-20260612T114219Z-claw	rep03/full/campaign/workspaces/fe64ff25-3a7c-4291-9fc7-ef94bb937e48	milp_bounds	327680	171648c4204dfd8b7d0ca68e8fffca4532711d50	surrogate/milp_bounds	c127bcd8e5778b4909edd75c31b2df601f40f512065c23108337dfbaaa1c6808	git -C {repo} archive {git_commit} {git_source} | tar -x -C {experiment_root}/{root}/{parent_relative} --strip-components=1
v04-phase5-warehouse-context-ablation-formal-3x3-8r-20260612T114219Z-claw	rep03/full/campaign/workspaces/fe64ff25-3a7c-4291-9fc7-ef94bb937e48	calibration	8192	171648c4204dfd8b7d0ca68e8fffca4532711d50	surrogate/calibration	3c7648f54a6456a5824cc7f18140d3b28226300a12bf3bb4196cde86d8453016	git -C {repo} archive {git_commit} {git_source} | tar -x -C {experiment_root}/{root}/{parent_relative} --strip-components=1
v04-phase5-warehouse-context-ablation-formal-3x3-8r-20260612T114219Z-claw	rep03/minimal-research-context/campaign/champions/champion_v1	data	9715712	171648c4204dfd8b7d0ca68e8fffca4532711d50	surrogate/data	e39d71899d6b96e6280b4ad0d8207960c6a393f0e0d6e35b5ad77e854d361ea3	git -C {repo} archive {git_commit} {git_source} | tar -x -C {experiment_root}/{root}/{parent_relative} --strip-components=1
v04-phase5-warehouse-context-ablation-formal-3x3-8r-20260612T114219Z-claw	rep03/minimal-research-context/campaign/champions/champion_v1	cplex-final-20260426	1015808	171648c4204dfd8b7d0ca68e8fffca4532711d50	surrogate/cplex-final-20260426	b992f1c84218d64eee1586a0dd33e47569195cac060659bc3fa7231b098fd29f	git -C {repo} archive {git_commit} {git_source} | tar -x -C {experiment_root}/{root}/{parent_relative} --strip-components=1
v04-phase5-warehouse-context-ablation-formal-3x3-8r-20260612T114219Z-claw	rep03/minimal-research-context/campaign/champions/champion_v1	sprint-f4-milp-results	466944	171648c4204dfd8b7d0ca68e8fffca4532711d50	surrogate/sprint-f4-milp-results	2a65d92d3876b297da8a70c215e29c02beb12888a6b0cf5782d5b959139ef521	git -C {repo} archive {git_commit} {git_source} | tar -x -C {experiment_root}/{root}/{parent_relative} --strip-components=1
v04-phase5-warehouse-context-ablation-formal-3x3-8r-20260612T114219Z-claw	rep03/minimal-research-context/campaign/champions/champion_v1	tests	372736	171648c4204dfd8b7d0ca68e8fffca4532711d50	surrogate/tests	6421b91de97dcff6251ebfc4a2c6fac826b3bf9e622f0f3a9a3b51adcbb561a5	git -C {repo} archive {git_commit} {git_source} | tar -x -C {experiment_root}/{root}/{parent_relative} --strip-components=1
v04-phase5-warehouse-context-ablation-formal-3x3-8r-20260612T114219Z-claw	rep03/minimal-research-context/campaign/champions/champion_v1	milp_bounds	327680	171648c4204dfd8b7d0ca68e8fffca4532711d50	surrogate/milp_bounds	c127bcd8e5778b4909edd75c31b2df601f40f512065c23108337dfbaaa1c6808	git -C {repo} archive {git_commit} {git_source} | tar -x -C {experiment_root}/{root}/{parent_relative} --strip-components=1
v04-phase5-warehouse-context-ablation-formal-3x3-8r-20260612T114219Z-claw	rep03/minimal-research-context/campaign/champions/champion_v1	calibration	8192	171648c4204dfd8b7d0ca68e8fffca4532711d50	surrogate/calibration	3c7648f54a6456a5824cc7f18140d3b28226300a12bf3bb4196cde86d8453016	git -C {repo} archive {git_commit} {git_source} | tar -x -C {experiment_root}/{root}/{parent_relative} --strip-components=1
v04-phase5-warehouse-context-ablation-formal-3x3-8r-20260612T114219Z-claw	rep03/minimal-research-context/campaign/workspaces/2c07c1dd-1acf-4387-b795-ab33912dc97f	data	9715712	171648c4204dfd8b7d0ca68e8fffca4532711d50	surrogate/data	e39d71899d6b96e6280b4ad0d8207960c6a393f0e0d6e35b5ad77e854d361ea3	git -C {repo} archive {git_commit} {git_source} | tar -x -C {experiment_root}/{root}/{parent_relative} --strip-components=1
v04-phase5-warehouse-context-ablation-formal-3x3-8r-20260612T114219Z-claw	rep03/minimal-research-context/campaign/workspaces/2c07c1dd-1acf-4387-b795-ab33912dc97f	cplex-final-20260426	1015808	171648c4204dfd8b7d0ca68e8fffca4532711d50	surrogate/cplex-final-20260426	b992f1c84218d64eee1586a0dd33e47569195cac060659bc3fa7231b098fd29f	git -C {repo} archive {git_commit} {git_source} | tar -x -C {experiment_root}/{root}/{parent_relative} --strip-components=1
v04-phase5-warehouse-context-ablation-formal-3x3-8r-20260612T114219Z-claw	rep03/minimal-research-context/campaign/workspaces/2c07c1dd-1acf-4387-b795-ab33912dc97f	sprint-f4-milp-results	466944	171648c4204dfd8b7d0ca68e8fffca4532711d50	surrogate/sprint-f4-milp-results	2a65d92d3876b297da8a70c215e29c02beb12888a6b0cf5782d5b959139ef521	git -C {repo} archive {git_commit} {git_source} | tar -x -C {experiment_root}/{root}/{parent_relative} --strip-components=1
v04-phase5-warehouse-context-ablation-formal-3x3-8r-20260612T114219Z-claw	rep03/minimal-research-context/campaign/workspaces/2c07c1dd-1acf-4387-b795-ab33912dc97f	tests	372736	171648c4204dfd8b7d0ca68e8fffca4532711d50	surrogate/tests	6421b91de97dcff6251ebfc4a2c6fac826b3bf9e622f0f3a9a3b51adcbb561a5	git -C {repo} archive {git_commit} {git_source} | tar -x -C {experiment_root}/{root}/{parent_relative} --strip-components=1
v04-phase5-warehouse-context-ablation-formal-3x3-8r-20260612T114219Z-claw	rep03/minimal-research-context/campaign/workspaces/2c07c1dd-1acf-4387-b795-ab33912dc97f	milp_bounds	327680	171648c4204dfd8b7d0ca68e8fffca4532711d50	surrogate/milp_bounds	c127bcd8e5778b4909edd75c31b2df601f40f512065c23108337dfbaaa1c6808	git -C {repo} archive {git_commit} {git_source} | tar -x -C {experiment_root}/{root}/{parent_relative} --strip-components=1
v04-phase5-warehouse-context-ablation-formal-3x3-8r-20260612T114219Z-claw	rep03/minimal-research-context/campaign/workspaces/2c07c1dd-1acf-4387-b795-ab33912dc97f	calibration	8192	171648c4204dfd8b7d0ca68e8fffca4532711d50	surrogate/calibration	3c7648f54a6456a5824cc7f18140d3b28226300a12bf3bb4196cde86d8453016	git -C {repo} archive {git_commit} {git_source} | tar -x -C {experiment_root}/{root}/{parent_relative} --strip-components=1
v04-phase5-warehouse-context-ablation-formal-3x3-8r-20260612T114219Z-claw	rep03/minimal-research-context/campaign/workspaces/2c07c1dd-1acf-4387-b795-ab33912dc97f.checkpoint.d6d31958	data	9715712	171648c4204dfd8b7d0ca68e8fffca4532711d50	surrogate/data	e39d71899d6b96e6280b4ad0d8207960c6a393f0e0d6e35b5ad77e854d361ea3	git -C {repo} archive {git_commit} {git_source} | tar -x -C {experiment_root}/{root}/{parent_relative} --strip-components=1
v04-phase5-warehouse-context-ablation-formal-3x3-8r-20260612T114219Z-claw	rep03/minimal-research-context/campaign/workspaces/2c07c1dd-1acf-4387-b795-ab33912dc97f.checkpoint.d6d31958	cplex-final-20260426	1015808	171648c4204dfd8b7d0ca68e8fffca4532711d50	surrogate/cplex-final-20260426	b992f1c84218d64eee1586a0dd33e47569195cac060659bc3fa7231b098fd29f	git -C {repo} archive {git_commit} {git_source} | tar -x -C {experiment_root}/{root}/{parent_relative} --strip-components=1
v04-phase5-warehouse-context-ablation-formal-3x3-8r-20260612T114219Z-claw	rep03/minimal-research-context/campaign/workspaces/2c07c1dd-1acf-4387-b795-ab33912dc97f.checkpoint.d6d31958	sprint-f4-milp-results	466944	171648c4204dfd8b7d0ca68e8fffca4532711d50	surrogate/sprint-f4-milp-results	2a65d92d3876b297da8a70c215e29c02beb12888a6b0cf5782d5b959139ef521	git -C {repo} archive {git_commit} {git_source} | tar -x -C {experiment_root}/{root}/{parent_relative} --strip-components=1
v04-phase5-warehouse-context-ablation-formal-3x3-8r-20260612T114219Z-claw	rep03/minimal-research-context/campaign/workspaces/2c07c1dd-1acf-4387-b795-ab33912dc97f.checkpoint.d6d31958	tests	372736	171648c4204dfd8b7d0ca68e8fffca4532711d50	surrogate/tests	6421b91de97dcff6251ebfc4a2c6fac826b3bf9e622f0f3a9a3b51adcbb561a5	git -C {repo} archive {git_commit} {git_source} | tar -x -C {experiment_root}/{root}/{parent_relative} --strip-components=1
v04-phase5-warehouse-context-ablation-formal-3x3-8r-20260612T114219Z-claw	rep03/minimal-research-context/campaign/workspaces/2c07c1dd-1acf-4387-b795-ab33912dc97f.checkpoint.d6d31958	milp_bounds	327680	171648c4204dfd8b7d0ca68e8fffca4532711d50	surrogate/milp_bounds	c127bcd8e5778b4909edd75c31b2df601f40f512065c23108337dfbaaa1c6808	git -C {repo} archive {git_commit} {git_source} | tar -x -C {experiment_root}/{root}/{parent_relative} --strip-components=1
v04-phase5-warehouse-context-ablation-formal-3x3-8r-20260612T114219Z-claw	rep03/minimal-research-context/campaign/workspaces/2c07c1dd-1acf-4387-b795-ab33912dc97f.checkpoint.d6d31958	calibration	8192	171648c4204dfd8b7d0ca68e8fffca4532711d50	surrogate/calibration	3c7648f54a6456a5824cc7f18140d3b28226300a12bf3bb4196cde86d8453016	git -C {repo} archive {git_commit} {git_source} | tar -x -C {experiment_root}/{root}/{parent_relative} --strip-components=1
v04-phase5-warehouse-context-ablation-formal-3x3-8r-20260612T114219Z-claw	rep03/minimal-research-context/campaign/workspaces/2c07c1dd-1acf-4387-b795-ab33912dc97f.checkpoint.ffa22946	data	9715712	171648c4204dfd8b7d0ca68e8fffca4532711d50	surrogate/data	e39d71899d6b96e6280b4ad0d8207960c6a393f0e0d6e35b5ad77e854d361ea3	git -C {repo} archive {git_commit} {git_source} | tar -x -C {experiment_root}/{root}/{parent_relative} --strip-components=1
v04-phase5-warehouse-context-ablation-formal-3x3-8r-20260612T114219Z-claw	rep03/minimal-research-context/campaign/workspaces/2c07c1dd-1acf-4387-b795-ab33912dc97f.checkpoint.ffa22946	cplex-final-20260426	1015808	171648c4204dfd8b7d0ca68e8fffca4532711d50	surrogate/cplex-final-20260426	b992f1c84218d64eee1586a0dd33e47569195cac060659bc3fa7231b098fd29f	git -C {repo} archive {git_commit} {git_source} | tar -x -C {experiment_root}/{root}/{parent_relative} --strip-components=1
v04-phase5-warehouse-context-ablation-formal-3x3-8r-20260612T114219Z-claw	rep03/minimal-research-context/campaign/workspaces/2c07c1dd-1acf-4387-b795-ab33912dc97f.checkpoint.ffa22946	sprint-f4-milp-results	466944	171648c4204dfd8b7d0ca68e8fffca4532711d50	surrogate/sprint-f4-milp-results	2a65d92d3876b297da8a70c215e29c02beb12888a6b0cf5782d5b959139ef521	git -C {repo} archive {git_commit} {git_source} | tar -x -C {experiment_root}/{root}/{parent_relative} --strip-components=1
v04-phase5-warehouse-context-ablation-formal-3x3-8r-20260612T114219Z-claw	rep03/minimal-research-context/campaign/workspaces/2c07c1dd-1acf-4387-b795-ab33912dc97f.checkpoint.ffa22946	tests	372736	171648c4204dfd8b7d0ca68e8fffca4532711d50	surrogate/tests	6421b91de97dcff6251ebfc4a2c6fac826b3bf9e622f0f3a9a3b51adcbb561a5	git -C {repo} archive {git_commit} {git_source} | tar -x -C {experiment_root}/{root}/{parent_relative} --strip-components=1
v04-phase5-warehouse-context-ablation-formal-3x3-8r-20260612T114219Z-claw	rep03/minimal-research-context/campaign/workspaces/2c07c1dd-1acf-4387-b795-ab33912dc97f.checkpoint.ffa22946	milp_bounds	327680	171648c4204dfd8b7d0ca68e8fffca4532711d50	surrogate/milp_bounds	c127bcd8e5778b4909edd75c31b2df601f40f512065c23108337dfbaaa1c6808	git -C {repo} archive {git_commit} {git_source} | tar -x -C {experiment_root}/{root}/{parent_relative} --strip-components=1
v04-phase5-warehouse-context-ablation-formal-3x3-8r-20260612T114219Z-claw	rep03/minimal-research-context/campaign/workspaces/2c07c1dd-1acf-4387-b795-ab33912dc97f.checkpoint.ffa22946	calibration	8192	171648c4204dfd8b7d0ca68e8fffca4532711d50	surrogate/calibration	3c7648f54a6456a5824cc7f18140d3b28226300a12bf3bb4196cde86d8453016	git -C {repo} archive {git_commit} {git_source} | tar -x -C {experiment_root}/{root}/{parent_relative} --strip-components=1
v04-phase5-warehouse-context-ablation-formal-3x3-8r-20260612T114219Z-claw	rep03/minimal-research-context/campaign/workspaces/57f5c094-9061-48f7-8180-2d6fc4076b75.checkpoint.77c22170	data	9715712	171648c4204dfd8b7d0ca68e8fffca4532711d50	surrogate/data	e39d71899d6b96e6280b4ad0d8207960c6a393f0e0d6e35b5ad77e854d361ea3	git -C {repo} archive {git_commit} {git_source} | tar -x -C {experiment_root}/{root}/{parent_relative} --strip-components=1
v04-phase5-warehouse-context-ablation-formal-3x3-8r-20260612T114219Z-claw	rep03/minimal-research-context/campaign/workspaces/57f5c094-9061-48f7-8180-2d6fc4076b75.checkpoint.77c22170	cplex-final-20260426	1015808	171648c4204dfd8b7d0ca68e8fffca4532711d50	surrogate/cplex-final-20260426	b992f1c84218d64eee1586a0dd33e47569195cac060659bc3fa7231b098fd29f	git -C {repo} archive {git_commit} {git_source} | tar -x -C {experiment_root}/{root}/{parent_relative} --strip-components=1
v04-phase5-warehouse-context-ablation-formal-3x3-8r-20260612T114219Z-claw	rep03/minimal-research-context/campaign/workspaces/57f5c094-9061-48f7-8180-2d6fc4076b75.checkpoint.77c22170	sprint-f4-milp-results	466944	171648c4204dfd8b7d0ca68e8fffca4532711d50	surrogate/sprint-f4-milp-results	2a65d92d3876b297da8a70c215e29c02beb12888a6b0cf5782d5b959139ef521	git -C {repo} archive {git_commit} {git_source} | tar -x -C {experiment_root}/{root}/{parent_relative} --strip-components=1
v04-phase5-warehouse-context-ablation-formal-3x3-8r-20260612T114219Z-claw	rep03/minimal-research-context/campaign/workspaces/57f5c094-9061-48f7-8180-2d6fc4076b75.checkpoint.77c22170	tests	372736	171648c4204dfd8b7d0ca68e8fffca4532711d50	surrogate/tests	6421b91de97dcff6251ebfc4a2c6fac826b3bf9e622f0f3a9a3b51adcbb561a5	git -C {repo} archive {git_commit} {git_source} | tar -x -C {experiment_root}/{root}/{parent_relative} --strip-components=1
v04-phase5-warehouse-context-ablation-formal-3x3-8r-20260612T114219Z-claw	rep03/minimal-research-context/campaign/workspaces/57f5c094-9061-48f7-8180-2d6fc4076b75.checkpoint.77c22170	milp_bounds	327680	171648c4204dfd8b7d0ca68e8fffca4532711d50	surrogate/milp_bounds	c127bcd8e5778b4909edd75c31b2df601f40f512065c23108337dfbaaa1c6808	git -C {repo} archive {git_commit} {git_source} | tar -x -C {experiment_root}/{root}/{parent_relative} --strip-components=1
v04-phase5-warehouse-context-ablation-formal-3x3-8r-20260612T114219Z-claw	rep03/minimal-research-context/campaign/workspaces/57f5c094-9061-48f7-8180-2d6fc4076b75.checkpoint.77c22170	calibration	8192	171648c4204dfd8b7d0ca68e8fffca4532711d50	surrogate/calibration	3c7648f54a6456a5824cc7f18140d3b28226300a12bf3bb4196cde86d8453016	git -C {repo} archive {git_commit} {git_source} | tar -x -C {experiment_root}/{root}/{parent_relative} --strip-components=1
v04-phase5-warehouse-context-ablation-formal-3x3-8r-20260612T114219Z-claw	rep03/minimal-research-context/campaign/workspaces/57f5c094-9061-48f7-8180-2d6fc4076b75.checkpoint.92f79d1a	data	9715712	171648c4204dfd8b7d0ca68e8fffca4532711d50	surrogate/data	e39d71899d6b96e6280b4ad0d8207960c6a393f0e0d6e35b5ad77e854d361ea3	git -C {repo} archive {git_commit} {git_source} | tar -x -C {experiment_root}/{root}/{parent_relative} --strip-components=1
v04-phase5-warehouse-context-ablation-formal-3x3-8r-20260612T114219Z-claw	rep03/minimal-research-context/campaign/workspaces/57f5c094-9061-48f7-8180-2d6fc4076b75.checkpoint.92f79d1a	cplex-final-20260426	1015808	171648c4204dfd8b7d0ca68e8fffca4532711d50	surrogate/cplex-final-20260426	b992f1c84218d64eee1586a0dd33e47569195cac060659bc3fa7231b098fd29f	git -C {repo} archive {git_commit} {git_source} | tar -x -C {experiment_root}/{root}/{parent_relative} --strip-components=1
v04-phase5-warehouse-context-ablation-formal-3x3-8r-20260612T114219Z-claw	rep03/minimal-research-context/campaign/workspaces/57f5c094-9061-48f7-8180-2d6fc4076b75.checkpoint.92f79d1a	sprint-f4-milp-results	466944	171648c4204dfd8b7d0ca68e8fffca4532711d50	surrogate/sprint-f4-milp-results	2a65d92d3876b297da8a70c215e29c02beb12888a6b0cf5782d5b959139ef521	git -C {repo} archive {git_commit} {git_source} | tar -x -C {experiment_root}/{root}/{parent_relative} --strip-components=1
v04-phase5-warehouse-context-ablation-formal-3x3-8r-20260612T114219Z-claw	rep03/minimal-research-context/campaign/workspaces/57f5c094-9061-48f7-8180-2d6fc4076b75.checkpoint.92f79d1a	tests	372736	171648c4204dfd8b7d0ca68e8fffca4532711d50	surrogate/tests	6421b91de97dcff6251ebfc4a2c6fac826b3bf9e622f0f3a9a3b51adcbb561a5	git -C {repo} archive {git_commit} {git_source} | tar -x -C {experiment_root}/{root}/{parent_relative} --strip-components=1
v04-phase5-warehouse-context-ablation-formal-3x3-8r-20260612T114219Z-claw	rep03/minimal-research-context/campaign/workspaces/57f5c094-9061-48f7-8180-2d6fc4076b75.checkpoint.92f79d1a	milp_bounds	327680	171648c4204dfd8b7d0ca68e8fffca4532711d50	surrogate/milp_bounds	c127bcd8e5778b4909edd75c31b2df601f40f512065c23108337dfbaaa1c6808	git -C {repo} archive {git_commit} {git_source} | tar -x -C {experiment_root}/{root}/{parent_relative} --strip-components=1
v04-phase5-warehouse-context-ablation-formal-3x3-8r-20260612T114219Z-claw	rep03/minimal-research-context/campaign/workspaces/57f5c094-9061-48f7-8180-2d6fc4076b75.checkpoint.92f79d1a	calibration	8192	171648c4204dfd8b7d0ca68e8fffca4532711d50	surrogate/calibration	3c7648f54a6456a5824cc7f18140d3b28226300a12bf3bb4196cde86d8453016	git -C {repo} archive {git_commit} {git_source} | tar -x -C {experiment_root}/{root}/{parent_relative} --strip-components=1
v04-phase5-warehouse-context-ablation-formal-3x3-8r-20260612T114219Z-claw	rep03/minimal-research-context/campaign/workspaces/de27a115-389f-4b39-bf4a-723eefa96f52.checkpoint.a6e827e4	data	9715712	171648c4204dfd8b7d0ca68e8fffca4532711d50	surrogate/data	e39d71899d6b96e6280b4ad0d8207960c6a393f0e0d6e35b5ad77e854d361ea3	git -C {repo} archive {git_commit} {git_source} | tar -x -C {experiment_root}/{root}/{parent_relative} --strip-components=1
v04-phase5-warehouse-context-ablation-formal-3x3-8r-20260612T114219Z-claw	rep03/minimal-research-context/campaign/workspaces/de27a115-389f-4b39-bf4a-723eefa96f52.checkpoint.a6e827e4	cplex-final-20260426	1015808	171648c4204dfd8b7d0ca68e8fffca4532711d50	surrogate/cplex-final-20260426	b992f1c84218d64eee1586a0dd33e47569195cac060659bc3fa7231b098fd29f	git -C {repo} archive {git_commit} {git_source} | tar -x -C {experiment_root}/{root}/{parent_relative} --strip-components=1
v04-phase5-warehouse-context-ablation-formal-3x3-8r-20260612T114219Z-claw	rep03/minimal-research-context/campaign/workspaces/de27a115-389f-4b39-bf4a-723eefa96f52.checkpoint.a6e827e4	sprint-f4-milp-results	466944	171648c4204dfd8b7d0ca68e8fffca4532711d50	surrogate/sprint-f4-milp-results	2a65d92d3876b297da8a70c215e29c02beb12888a6b0cf5782d5b959139ef521	git -C {repo} archive {git_commit} {git_source} | tar -x -C {experiment_root}/{root}/{parent_relative} --strip-components=1
v04-phase5-warehouse-context-ablation-formal-3x3-8r-20260612T114219Z-claw	rep03/minimal-research-context/campaign/workspaces/de27a115-389f-4b39-bf4a-723eefa96f52.checkpoint.a6e827e4	tests	372736	171648c4204dfd8b7d0ca68e8fffca4532711d50	surrogate/tests	6421b91de97dcff6251ebfc4a2c6fac826b3bf9e622f0f3a9a3b51adcbb561a5	git -C {repo} archive {git_commit} {git_source} | tar -x -C {experiment_root}/{root}/{parent_relative} --strip-components=1
v04-phase5-warehouse-context-ablation-formal-3x3-8r-20260612T114219Z-claw	rep03/minimal-research-context/campaign/workspaces/de27a115-389f-4b39-bf4a-723eefa96f52.checkpoint.a6e827e4	milp_bounds	327680	171648c4204dfd8b7d0ca68e8fffca4532711d50	surrogate/milp_bounds	c127bcd8e5778b4909edd75c31b2df601f40f512065c23108337dfbaaa1c6808	git -C {repo} archive {git_commit} {git_source} | tar -x -C {experiment_root}/{root}/{parent_relative} --strip-components=1
v04-phase5-warehouse-context-ablation-formal-3x3-8r-20260612T114219Z-claw	rep03/minimal-research-context/campaign/workspaces/de27a115-389f-4b39-bf4a-723eefa96f52.checkpoint.a6e827e4	calibration	8192	171648c4204dfd8b7d0ca68e8fffca4532711d50	surrogate/calibration	3c7648f54a6456a5824cc7f18140d3b28226300a12bf3bb4196cde86d8453016	git -C {repo} archive {git_commit} {git_source} | tar -x -C {experiment_root}/{root}/{parent_relative} --strip-components=1
v04-phase5-warehouse-context-ablation-formal-3x3-8r-20260612T114219Z-claw	rep03/minimal-research-context/campaign/workspaces/de27a115-389f-4b39-bf4a-723eefa96f52.checkpoint.e094e3dc	data	9715712	171648c4204dfd8b7d0ca68e8fffca4532711d50	surrogate/data	e39d71899d6b96e6280b4ad0d8207960c6a393f0e0d6e35b5ad77e854d361ea3	git -C {repo} archive {git_commit} {git_source} | tar -x -C {experiment_root}/{root}/{parent_relative} --strip-components=1
v04-phase5-warehouse-context-ablation-formal-3x3-8r-20260612T114219Z-claw	rep03/minimal-research-context/campaign/workspaces/de27a115-389f-4b39-bf4a-723eefa96f52.checkpoint.e094e3dc	cplex-final-20260426	1015808	171648c4204dfd8b7d0ca68e8fffca4532711d50	surrogate/cplex-final-20260426	b992f1c84218d64eee1586a0dd33e47569195cac060659bc3fa7231b098fd29f	git -C {repo} archive {git_commit} {git_source} | tar -x -C {experiment_root}/{root}/{parent_relative} --strip-components=1
v04-phase5-warehouse-context-ablation-formal-3x3-8r-20260612T114219Z-claw	rep03/minimal-research-context/campaign/workspaces/de27a115-389f-4b39-bf4a-723eefa96f52.checkpoint.e094e3dc	sprint-f4-milp-results	466944	171648c4204dfd8b7d0ca68e8fffca4532711d50	surrogate/sprint-f4-milp-results	2a65d92d3876b297da8a70c215e29c02beb12888a6b0cf5782d5b959139ef521	git -C {repo} archive {git_commit} {git_source} | tar -x -C {experiment_root}/{root}/{parent_relative} --strip-components=1
v04-phase5-warehouse-context-ablation-formal-3x3-8r-20260612T114219Z-claw	rep03/minimal-research-context/campaign/workspaces/de27a115-389f-4b39-bf4a-723eefa96f52.checkpoint.e094e3dc	tests	372736	171648c4204dfd8b7d0ca68e8fffca4532711d50	surrogate/tests	6421b91de97dcff6251ebfc4a2c6fac826b3bf9e622f0f3a9a3b51adcbb561a5	git -C {repo} archive {git_commit} {git_source} | tar -x -C {experiment_root}/{root}/{parent_relative} --strip-components=1
v04-phase5-warehouse-context-ablation-formal-3x3-8r-20260612T114219Z-claw	rep03/minimal-research-context/campaign/workspaces/de27a115-389f-4b39-bf4a-723eefa96f52.checkpoint.e094e3dc	milp_bounds	327680	171648c4204dfd8b7d0ca68e8fffca4532711d50	surrogate/milp_bounds	c127bcd8e5778b4909edd75c31b2df601f40f512065c23108337dfbaaa1c6808	git -C {repo} archive {git_commit} {git_source} | tar -x -C {experiment_root}/{root}/{parent_relative} --strip-components=1
v04-phase5-warehouse-context-ablation-formal-3x3-8r-20260612T114219Z-claw	rep03/minimal-research-context/campaign/workspaces/de27a115-389f-4b39-bf4a-723eefa96f52.checkpoint.e094e3dc	calibration	8192	171648c4204dfd8b7d0ca68e8fffca4532711d50	surrogate/calibration	3c7648f54a6456a5824cc7f18140d3b28226300a12bf3bb4196cde86d8453016	git -C {repo} archive {git_commit} {git_source} | tar -x -C {experiment_root}/{root}/{parent_relative} --strip-components=1
v04-phase5-warehouse-context-ablation-formal-3x3-8r-20260612T114219Z-claw	rep03/no-measurement-diagnostics/campaign/champions/champion_v1	data	9715712	171648c4204dfd8b7d0ca68e8fffca4532711d50	surrogate/data	e39d71899d6b96e6280b4ad0d8207960c6a393f0e0d6e35b5ad77e854d361ea3	git -C {repo} archive {git_commit} {git_source} | tar -x -C {experiment_root}/{root}/{parent_relative} --strip-components=1
v04-phase5-warehouse-context-ablation-formal-3x3-8r-20260612T114219Z-claw	rep03/no-measurement-diagnostics/campaign/champions/champion_v1	cplex-final-20260426	1015808	171648c4204dfd8b7d0ca68e8fffca4532711d50	surrogate/cplex-final-20260426	b992f1c84218d64eee1586a0dd33e47569195cac060659bc3fa7231b098fd29f	git -C {repo} archive {git_commit} {git_source} | tar -x -C {experiment_root}/{root}/{parent_relative} --strip-components=1
v04-phase5-warehouse-context-ablation-formal-3x3-8r-20260612T114219Z-claw	rep03/no-measurement-diagnostics/campaign/champions/champion_v1	sprint-f4-milp-results	466944	171648c4204dfd8b7d0ca68e8fffca4532711d50	surrogate/sprint-f4-milp-results	2a65d92d3876b297da8a70c215e29c02beb12888a6b0cf5782d5b959139ef521	git -C {repo} archive {git_commit} {git_source} | tar -x -C {experiment_root}/{root}/{parent_relative} --strip-components=1
v04-phase5-warehouse-context-ablation-formal-3x3-8r-20260612T114219Z-claw	rep03/no-measurement-diagnostics/campaign/champions/champion_v1	tests	372736	171648c4204dfd8b7d0ca68e8fffca4532711d50	surrogate/tests	6421b91de97dcff6251ebfc4a2c6fac826b3bf9e622f0f3a9a3b51adcbb561a5	git -C {repo} archive {git_commit} {git_source} | tar -x -C {experiment_root}/{root}/{parent_relative} --strip-components=1
v04-phase5-warehouse-context-ablation-formal-3x3-8r-20260612T114219Z-claw	rep03/no-measurement-diagnostics/campaign/champions/champion_v1	milp_bounds	327680	171648c4204dfd8b7d0ca68e8fffca4532711d50	surrogate/milp_bounds	c127bcd8e5778b4909edd75c31b2df601f40f512065c23108337dfbaaa1c6808	git -C {repo} archive {git_commit} {git_source} | tar -x -C {experiment_root}/{root}/{parent_relative} --strip-components=1
v04-phase5-warehouse-context-ablation-formal-3x3-8r-20260612T114219Z-claw	rep03/no-measurement-diagnostics/campaign/champions/champion_v1	calibration	8192	171648c4204dfd8b7d0ca68e8fffca4532711d50	surrogate/calibration	3c7648f54a6456a5824cc7f18140d3b28226300a12bf3bb4196cde86d8453016	git -C {repo} archive {git_commit} {git_source} | tar -x -C {experiment_root}/{root}/{parent_relative} --strip-components=1
v04-phase5-warehouse-context-ablation-formal-3x3-8r-20260612T114219Z-claw	rep03/no-measurement-diagnostics/campaign/workspaces/c27146e9-131f-44ff-8ece-0d4d4aa068d2.checkpoint.8da6e095	data	9715712	171648c4204dfd8b7d0ca68e8fffca4532711d50	surrogate/data	e39d71899d6b96e6280b4ad0d8207960c6a393f0e0d6e35b5ad77e854d361ea3	git -C {repo} archive {git_commit} {git_source} | tar -x -C {experiment_root}/{root}/{parent_relative} --strip-components=1
v04-phase5-warehouse-context-ablation-formal-3x3-8r-20260612T114219Z-claw	rep03/no-measurement-diagnostics/campaign/workspaces/c27146e9-131f-44ff-8ece-0d4d4aa068d2.checkpoint.8da6e095	cplex-final-20260426	1015808	171648c4204dfd8b7d0ca68e8fffca4532711d50	surrogate/cplex-final-20260426	b992f1c84218d64eee1586a0dd33e47569195cac060659bc3fa7231b098fd29f	git -C {repo} archive {git_commit} {git_source} | tar -x -C {experiment_root}/{root}/{parent_relative} --strip-components=1
v04-phase5-warehouse-context-ablation-formal-3x3-8r-20260612T114219Z-claw	rep03/no-measurement-diagnostics/campaign/workspaces/c27146e9-131f-44ff-8ece-0d4d4aa068d2.checkpoint.8da6e095	sprint-f4-milp-results	466944	171648c4204dfd8b7d0ca68e8fffca4532711d50	surrogate/sprint-f4-milp-results	2a65d92d3876b297da8a70c215e29c02beb12888a6b0cf5782d5b959139ef521	git -C {repo} archive {git_commit} {git_source} | tar -x -C {experiment_root}/{root}/{parent_relative} --strip-components=1
v04-phase5-warehouse-context-ablation-formal-3x3-8r-20260612T114219Z-claw	rep03/no-measurement-diagnostics/campaign/workspaces/c27146e9-131f-44ff-8ece-0d4d4aa068d2.checkpoint.8da6e095	tests	372736	171648c4204dfd8b7d0ca68e8fffca4532711d50	surrogate/tests	6421b91de97dcff6251ebfc4a2c6fac826b3bf9e622f0f3a9a3b51adcbb561a5	git -C {repo} archive {git_commit} {git_source} | tar -x -C {experiment_root}/{root}/{parent_relative} --strip-components=1
v04-phase5-warehouse-context-ablation-formal-3x3-8r-20260612T114219Z-claw	rep03/no-measurement-diagnostics/campaign/workspaces/c27146e9-131f-44ff-8ece-0d4d4aa068d2.checkpoint.8da6e095	milp_bounds	327680	171648c4204dfd8b7d0ca68e8fffca4532711d50	surrogate/milp_bounds	c127bcd8e5778b4909edd75c31b2df601f40f512065c23108337dfbaaa1c6808	git -C {repo} archive {git_commit} {git_source} | tar -x -C {experiment_root}/{root}/{parent_relative} --strip-components=1
v04-phase5-warehouse-context-ablation-formal-3x3-8r-20260612T114219Z-claw	rep03/no-measurement-diagnostics/campaign/workspaces/c27146e9-131f-44ff-8ece-0d4d4aa068d2.checkpoint.8da6e095	calibration	8192	171648c4204dfd8b7d0ca68e8fffca4532711d50	surrogate/calibration	3c7648f54a6456a5824cc7f18140d3b28226300a12bf3bb4196cde86d8453016	git -C {repo} archive {git_commit} {git_source} | tar -x -C {experiment_root}/{root}/{parent_relative} --strip-components=1
v04-phase5-warehouse-context-ablation-formal-3x3-8r-20260612T114219Z-claw	rep03/no-measurement-diagnostics/campaign/workspaces/c27146e9-131f-44ff-8ece-0d4d4aa068d2.checkpoint.d7fc2e90	data	9715712	171648c4204dfd8b7d0ca68e8fffca4532711d50	surrogate/data	e39d71899d6b96e6280b4ad0d8207960c6a393f0e0d6e35b5ad77e854d361ea3	git -C {repo} archive {git_commit} {git_source} | tar -x -C {experiment_root}/{root}/{parent_relative} --strip-components=1
v04-phase5-warehouse-context-ablation-formal-3x3-8r-20260612T114219Z-claw	rep03/no-measurement-diagnostics/campaign/workspaces/c27146e9-131f-44ff-8ece-0d4d4aa068d2.checkpoint.d7fc2e90	cplex-final-20260426	1015808	171648c4204dfd8b7d0ca68e8fffca4532711d50	surrogate/cplex-final-20260426	b992f1c84218d64eee1586a0dd33e47569195cac060659bc3fa7231b098fd29f	git -C {repo} archive {git_commit} {git_source} | tar -x -C {experiment_root}/{root}/{parent_relative} --strip-components=1
v04-phase5-warehouse-context-ablation-formal-3x3-8r-20260612T114219Z-claw	rep03/no-measurement-diagnostics/campaign/workspaces/c27146e9-131f-44ff-8ece-0d4d4aa068d2.checkpoint.d7fc2e90	sprint-f4-milp-results	466944	171648c4204dfd8b7d0ca68e8fffca4532711d50	surrogate/sprint-f4-milp-results	2a65d92d3876b297da8a70c215e29c02beb12888a6b0cf5782d5b959139ef521	git -C {repo} archive {git_commit} {git_source} | tar -x -C {experiment_root}/{root}/{parent_relative} --strip-components=1
v04-phase5-warehouse-context-ablation-formal-3x3-8r-20260612T114219Z-claw	rep03/no-measurement-diagnostics/campaign/workspaces/c27146e9-131f-44ff-8ece-0d4d4aa068d2.checkpoint.d7fc2e90	tests	372736	171648c4204dfd8b7d0ca68e8fffca4532711d50	surrogate/tests	6421b91de97dcff6251ebfc4a2c6fac826b3bf9e622f0f3a9a3b51adcbb561a5	git -C {repo} archive {git_commit} {git_source} | tar -x -C {experiment_root}/{root}/{parent_relative} --strip-components=1
v04-phase5-warehouse-context-ablation-formal-3x3-8r-20260612T114219Z-claw	rep03/no-measurement-diagnostics/campaign/workspaces/c27146e9-131f-44ff-8ece-0d4d4aa068d2.checkpoint.d7fc2e90	milp_bounds	327680	171648c4204dfd8b7d0ca68e8fffca4532711d50	surrogate/milp_bounds	c127bcd8e5778b4909edd75c31b2df601f40f512065c23108337dfbaaa1c6808	git -C {repo} archive {git_commit} {git_source} | tar -x -C {experiment_root}/{root}/{parent_relative} --strip-components=1
v04-phase5-warehouse-context-ablation-formal-3x3-8r-20260612T114219Z-claw	rep03/no-measurement-diagnostics/campaign/workspaces/c27146e9-131f-44ff-8ece-0d4d4aa068d2.checkpoint.d7fc2e90	calibration	8192	171648c4204dfd8b7d0ca68e8fffca4532711d50	surrogate/calibration	3c7648f54a6456a5824cc7f18140d3b28226300a12bf3bb4196cde86d8453016	git -C {repo} archive {git_commit} {git_source} | tar -x -C {experiment_root}/{root}/{parent_relative} --strip-components=1
v04-phase5-warehouse-context-ablation-formal-3x3-8r-20260612T114219Z-claw	rep03/no-measurement-diagnostics/campaign/workspaces/d1d2e579-2f1d-4bf2-a1ff-2ba4aa1e9481.checkpoint.69d0968d	data	9715712	171648c4204dfd8b7d0ca68e8fffca4532711d50	surrogate/data	e39d71899d6b96e6280b4ad0d8207960c6a393f0e0d6e35b5ad77e854d361ea3	git -C {repo} archive {git_commit} {git_source} | tar -x -C {experiment_root}/{root}/{parent_relative} --strip-components=1
v04-phase5-warehouse-context-ablation-formal-3x3-8r-20260612T114219Z-claw	rep03/no-measurement-diagnostics/campaign/workspaces/d1d2e579-2f1d-4bf2-a1ff-2ba4aa1e9481.checkpoint.69d0968d	cplex-final-20260426	1015808	171648c4204dfd8b7d0ca68e8fffca4532711d50	surrogate/cplex-final-20260426	b992f1c84218d64eee1586a0dd33e47569195cac060659bc3fa7231b098fd29f	git -C {repo} archive {git_commit} {git_source} | tar -x -C {experiment_root}/{root}/{parent_relative} --strip-components=1
v04-phase5-warehouse-context-ablation-formal-3x3-8r-20260612T114219Z-claw	rep03/no-measurement-diagnostics/campaign/workspaces/d1d2e579-2f1d-4bf2-a1ff-2ba4aa1e9481.checkpoint.69d0968d	sprint-f4-milp-results	466944	171648c4204dfd8b7d0ca68e8fffca4532711d50	surrogate/sprint-f4-milp-results	2a65d92d3876b297da8a70c215e29c02beb12888a6b0cf5782d5b959139ef521	git -C {repo} archive {git_commit} {git_source} | tar -x -C {experiment_root}/{root}/{parent_relative} --strip-components=1
v04-phase5-warehouse-context-ablation-formal-3x3-8r-20260612T114219Z-claw	rep03/no-measurement-diagnostics/campaign/workspaces/d1d2e579-2f1d-4bf2-a1ff-2ba4aa1e9481.checkpoint.69d0968d	tests	372736	171648c4204dfd8b7d0ca68e8fffca4532711d50	surrogate/tests	6421b91de97dcff6251ebfc4a2c6fac826b3bf9e622f0f3a9a3b51adcbb561a5	git -C {repo} archive {git_commit} {git_source} | tar -x -C {experiment_root}/{root}/{parent_relative} --strip-components=1
v04-phase5-warehouse-context-ablation-formal-3x3-8r-20260612T114219Z-claw	rep03/no-measurement-diagnostics/campaign/workspaces/d1d2e579-2f1d-4bf2-a1ff-2ba4aa1e9481.checkpoint.69d0968d	milp_bounds	327680	171648c4204dfd8b7d0ca68e8fffca4532711d50	surrogate/milp_bounds	c127bcd8e5778b4909edd75c31b2df601f40f512065c23108337dfbaaa1c6808	git -C {repo} archive {git_commit} {git_source} | tar -x -C {experiment_root}/{root}/{parent_relative} --strip-components=1
v04-phase5-warehouse-context-ablation-formal-3x3-8r-20260612T114219Z-claw	rep03/no-measurement-diagnostics/campaign/workspaces/d1d2e579-2f1d-4bf2-a1ff-2ba4aa1e9481.checkpoint.69d0968d	calibration	8192	171648c4204dfd8b7d0ca68e8fffca4532711d50	surrogate/calibration	3c7648f54a6456a5824cc7f18140d3b28226300a12bf3bb4196cde86d8453016	git -C {repo} archive {git_commit} {git_source} | tar -x -C {experiment_root}/{root}/{parent_relative} --strip-components=1
v04-phase5-warehouse-context-ablation-formal-3x3-8r-20260612T114219Z-claw	rep03/no-measurement-diagnostics/campaign/workspaces/d1d2e579-2f1d-4bf2-a1ff-2ba4aa1e9481.checkpoint.b34dd977	data	9715712	171648c4204dfd8b7d0ca68e8fffca4532711d50	surrogate/data	e39d71899d6b96e6280b4ad0d8207960c6a393f0e0d6e35b5ad77e854d361ea3	git -C {repo} archive {git_commit} {git_source} | tar -x -C {experiment_root}/{root}/{parent_relative} --strip-components=1
v04-phase5-warehouse-context-ablation-formal-3x3-8r-20260612T114219Z-claw	rep03/no-measurement-diagnostics/campaign/workspaces/d1d2e579-2f1d-4bf2-a1ff-2ba4aa1e9481.checkpoint.b34dd977	cplex-final-20260426	1015808	171648c4204dfd8b7d0ca68e8fffca4532711d50	surrogate/cplex-final-20260426	b992f1c84218d64eee1586a0dd33e47569195cac060659bc3fa7231b098fd29f	git -C {repo} archive {git_commit} {git_source} | tar -x -C {experiment_root}/{root}/{parent_relative} --strip-components=1
v04-phase5-warehouse-context-ablation-formal-3x3-8r-20260612T114219Z-claw	rep03/no-measurement-diagnostics/campaign/workspaces/d1d2e579-2f1d-4bf2-a1ff-2ba4aa1e9481.checkpoint.b34dd977	sprint-f4-milp-results	466944	171648c4204dfd8b7d0ca68e8fffca4532711d50	surrogate/sprint-f4-milp-results	2a65d92d3876b297da8a70c215e29c02beb12888a6b0cf5782d5b959139ef521	git -C {repo} archive {git_commit} {git_source} | tar -x -C {experiment_root}/{root}/{parent_relative} --strip-components=1
v04-phase5-warehouse-context-ablation-formal-3x3-8r-20260612T114219Z-claw	rep03/no-measurement-diagnostics/campaign/workspaces/d1d2e579-2f1d-4bf2-a1ff-2ba4aa1e9481.checkpoint.b34dd977	tests	372736	171648c4204dfd8b7d0ca68e8fffca4532711d50	surrogate/tests	6421b91de97dcff6251ebfc4a2c6fac826b3bf9e622f0f3a9a3b51adcbb561a5	git -C {repo} archive {git_commit} {git_source} | tar -x -C {experiment_root}/{root}/{parent_relative} --strip-components=1
v04-phase5-warehouse-context-ablation-formal-3x3-8r-20260612T114219Z-claw	rep03/no-measurement-diagnostics/campaign/workspaces/d1d2e579-2f1d-4bf2-a1ff-2ba4aa1e9481.checkpoint.b34dd977	milp_bounds	327680	171648c4204dfd8b7d0ca68e8fffca4532711d50	surrogate/milp_bounds	c127bcd8e5778b4909edd75c31b2df601f40f512065c23108337dfbaaa1c6808	git -C {repo} archive {git_commit} {git_source} | tar -x -C {experiment_root}/{root}/{parent_relative} --strip-components=1
v04-phase5-warehouse-context-ablation-formal-3x3-8r-20260612T114219Z-claw	rep03/no-measurement-diagnostics/campaign/workspaces/d1d2e579-2f1d-4bf2-a1ff-2ba4aa1e9481.checkpoint.b34dd977	calibration	8192	171648c4204dfd8b7d0ca68e8fffca4532711d50	surrogate/calibration	3c7648f54a6456a5824cc7f18140d3b28226300a12bf3bb4196cde86d8453016	git -C {repo} archive {git_commit} {git_source} | tar -x -C {experiment_root}/{root}/{parent_relative} --strip-components=1
v04-phase5-warehouse-compact-diagnostics-control-3x3-4r-20260613T092510Z-claw	rep01/compact-measurement-diagnostics/campaign/champions/champion_v1	data	9715712	0eca84f46f5e70d726d2d768e077a283f6114552	surrogate/data	e39d71899d6b96e6280b4ad0d8207960c6a393f0e0d6e35b5ad77e854d361ea3	git -C {repo} archive {git_commit} {git_source} | tar -x -C {experiment_root}/{root}/{parent_relative} --strip-components=1
v04-phase5-warehouse-compact-diagnostics-control-3x3-4r-20260613T092510Z-claw	rep01/compact-measurement-diagnostics/campaign/champions/champion_v1	cplex-final-20260426	1015808	0eca84f46f5e70d726d2d768e077a283f6114552	surrogate/cplex-final-20260426	b992f1c84218d64eee1586a0dd33e47569195cac060659bc3fa7231b098fd29f	git -C {repo} archive {git_commit} {git_source} | tar -x -C {experiment_root}/{root}/{parent_relative} --strip-components=1
v04-phase5-warehouse-compact-diagnostics-control-3x3-4r-20260613T092510Z-claw	rep01/compact-measurement-diagnostics/campaign/champions/champion_v1	sprint-f4-milp-results	466944	0eca84f46f5e70d726d2d768e077a283f6114552	surrogate/sprint-f4-milp-results	2a65d92d3876b297da8a70c215e29c02beb12888a6b0cf5782d5b959139ef521	git -C {repo} archive {git_commit} {git_source} | tar -x -C {experiment_root}/{root}/{parent_relative} --strip-components=1
v04-phase5-warehouse-compact-diagnostics-control-3x3-4r-20260613T092510Z-claw	rep01/compact-measurement-diagnostics/campaign/champions/champion_v1	tests	372736	0eca84f46f5e70d726d2d768e077a283f6114552	surrogate/tests	6421b91de97dcff6251ebfc4a2c6fac826b3bf9e622f0f3a9a3b51adcbb561a5	git -C {repo} archive {git_commit} {git_source} | tar -x -C {experiment_root}/{root}/{parent_relative} --strip-components=1
v04-phase5-warehouse-compact-diagnostics-control-3x3-4r-20260613T092510Z-claw	rep01/compact-measurement-diagnostics/campaign/champions/champion_v1	milp_bounds	327680	0eca84f46f5e70d726d2d768e077a283f6114552	surrogate/milp_bounds	c127bcd8e5778b4909edd75c31b2df601f40f512065c23108337dfbaaa1c6808	git -C {repo} archive {git_commit} {git_source} | tar -x -C {experiment_root}/{root}/{parent_relative} --strip-components=1
v04-phase5-warehouse-compact-diagnostics-control-3x3-4r-20260613T092510Z-claw	rep01/compact-measurement-diagnostics/campaign/champions/champion_v1	calibration	8192	0eca84f46f5e70d726d2d768e077a283f6114552	surrogate/calibration	3c7648f54a6456a5824cc7f18140d3b28226300a12bf3bb4196cde86d8453016	git -C {repo} archive {git_commit} {git_source} | tar -x -C {experiment_root}/{root}/{parent_relative} --strip-components=1
v04-phase5-warehouse-compact-diagnostics-control-3x3-4r-20260613T092510Z-claw	rep01/compact-measurement-diagnostics/campaign/workspaces/2e69beab-f699-4fc1-aebe-87a6246a3ff0	data	9715712	0eca84f46f5e70d726d2d768e077a283f6114552	surrogate/data	e39d71899d6b96e6280b4ad0d8207960c6a393f0e0d6e35b5ad77e854d361ea3	git -C {repo} archive {git_commit} {git_source} | tar -x -C {experiment_root}/{root}/{parent_relative} --strip-components=1
v04-phase5-warehouse-compact-diagnostics-control-3x3-4r-20260613T092510Z-claw	rep01/compact-measurement-diagnostics/campaign/workspaces/2e69beab-f699-4fc1-aebe-87a6246a3ff0	cplex-final-20260426	1015808	0eca84f46f5e70d726d2d768e077a283f6114552	surrogate/cplex-final-20260426	b992f1c84218d64eee1586a0dd33e47569195cac060659bc3fa7231b098fd29f	git -C {repo} archive {git_commit} {git_source} | tar -x -C {experiment_root}/{root}/{parent_relative} --strip-components=1
v04-phase5-warehouse-compact-diagnostics-control-3x3-4r-20260613T092510Z-claw	rep01/compact-measurement-diagnostics/campaign/workspaces/2e69beab-f699-4fc1-aebe-87a6246a3ff0	sprint-f4-milp-results	466944	0eca84f46f5e70d726d2d768e077a283f6114552	surrogate/sprint-f4-milp-results	2a65d92d3876b297da8a70c215e29c02beb12888a6b0cf5782d5b959139ef521	git -C {repo} archive {git_commit} {git_source} | tar -x -C {experiment_root}/{root}/{parent_relative} --strip-components=1
v04-phase5-warehouse-compact-diagnostics-control-3x3-4r-20260613T092510Z-claw	rep01/compact-measurement-diagnostics/campaign/workspaces/2e69beab-f699-4fc1-aebe-87a6246a3ff0	tests	372736	0eca84f46f5e70d726d2d768e077a283f6114552	surrogate/tests	6421b91de97dcff6251ebfc4a2c6fac826b3bf9e622f0f3a9a3b51adcbb561a5	git -C {repo} archive {git_commit} {git_source} | tar -x -C {experiment_root}/{root}/{parent_relative} --strip-components=1
v04-phase5-warehouse-compact-diagnostics-control-3x3-4r-20260613T092510Z-claw	rep01/compact-measurement-diagnostics/campaign/workspaces/2e69beab-f699-4fc1-aebe-87a6246a3ff0	milp_bounds	327680	0eca84f46f5e70d726d2d768e077a283f6114552	surrogate/milp_bounds	c127bcd8e5778b4909edd75c31b2df601f40f512065c23108337dfbaaa1c6808	git -C {repo} archive {git_commit} {git_source} | tar -x -C {experiment_root}/{root}/{parent_relative} --strip-components=1
v04-phase5-warehouse-compact-diagnostics-control-3x3-4r-20260613T092510Z-claw	rep01/compact-measurement-diagnostics/campaign/workspaces/2e69beab-f699-4fc1-aebe-87a6246a3ff0	calibration	8192	0eca84f46f5e70d726d2d768e077a283f6114552	surrogate/calibration	3c7648f54a6456a5824cc7f18140d3b28226300a12bf3bb4196cde86d8453016	git -C {repo} archive {git_commit} {git_source} | tar -x -C {experiment_root}/{root}/{parent_relative} --strip-components=1
v04-phase5-warehouse-compact-diagnostics-control-3x3-4r-20260613T092510Z-claw	rep01/compact-measurement-diagnostics/campaign/workspaces/2e69beab-f699-4fc1-aebe-87a6246a3ff0.checkpoint.ef574528	data	9715712	0eca84f46f5e70d726d2d768e077a283f6114552	surrogate/data	e39d71899d6b96e6280b4ad0d8207960c6a393f0e0d6e35b5ad77e854d361ea3	git -C {repo} archive {git_commit} {git_source} | tar -x -C {experiment_root}/{root}/{parent_relative} --strip-components=1
v04-phase5-warehouse-compact-diagnostics-control-3x3-4r-20260613T092510Z-claw	rep01/compact-measurement-diagnostics/campaign/workspaces/2e69beab-f699-4fc1-aebe-87a6246a3ff0.checkpoint.ef574528	cplex-final-20260426	1015808	0eca84f46f5e70d726d2d768e077a283f6114552	surrogate/cplex-final-20260426	b992f1c84218d64eee1586a0dd33e47569195cac060659bc3fa7231b098fd29f	git -C {repo} archive {git_commit} {git_source} | tar -x -C {experiment_root}/{root}/{parent_relative} --strip-components=1
v04-phase5-warehouse-compact-diagnostics-control-3x3-4r-20260613T092510Z-claw	rep01/compact-measurement-diagnostics/campaign/workspaces/2e69beab-f699-4fc1-aebe-87a6246a3ff0.checkpoint.ef574528	sprint-f4-milp-results	466944	0eca84f46f5e70d726d2d768e077a283f6114552	surrogate/sprint-f4-milp-results	2a65d92d3876b297da8a70c215e29c02beb12888a6b0cf5782d5b959139ef521	git -C {repo} archive {git_commit} {git_source} | tar -x -C {experiment_root}/{root}/{parent_relative} --strip-components=1
v04-phase5-warehouse-compact-diagnostics-control-3x3-4r-20260613T092510Z-claw	rep01/compact-measurement-diagnostics/campaign/workspaces/2e69beab-f699-4fc1-aebe-87a6246a3ff0.checkpoint.ef574528	tests	372736	0eca84f46f5e70d726d2d768e077a283f6114552	surrogate/tests	6421b91de97dcff6251ebfc4a2c6fac826b3bf9e622f0f3a9a3b51adcbb561a5	git -C {repo} archive {git_commit} {git_source} | tar -x -C {experiment_root}/{root}/{parent_relative} --strip-components=1
v04-phase5-warehouse-compact-diagnostics-control-3x3-4r-20260613T092510Z-claw	rep01/compact-measurement-diagnostics/campaign/workspaces/2e69beab-f699-4fc1-aebe-87a6246a3ff0.checkpoint.ef574528	milp_bounds	327680	0eca84f46f5e70d726d2d768e077a283f6114552	surrogate/milp_bounds	c127bcd8e5778b4909edd75c31b2df601f40f512065c23108337dfbaaa1c6808	git -C {repo} archive {git_commit} {git_source} | tar -x -C {experiment_root}/{root}/{parent_relative} --strip-components=1
v04-phase5-warehouse-compact-diagnostics-control-3x3-4r-20260613T092510Z-claw	rep01/compact-measurement-diagnostics/campaign/workspaces/2e69beab-f699-4fc1-aebe-87a6246a3ff0.checkpoint.ef574528	calibration	8192	0eca84f46f5e70d726d2d768e077a283f6114552	surrogate/calibration	3c7648f54a6456a5824cc7f18140d3b28226300a12bf3bb4196cde86d8453016	git -C {repo} archive {git_commit} {git_source} | tar -x -C {experiment_root}/{root}/{parent_relative} --strip-components=1
v04-phase5-warehouse-compact-diagnostics-control-3x3-4r-20260613T092510Z-claw	rep01/compact-measurement-diagnostics/campaign/workspaces/5fb9009a-44d9-4813-8f3e-b57137cd05e5	data	9715712	0eca84f46f5e70d726d2d768e077a283f6114552	surrogate/data	e39d71899d6b96e6280b4ad0d8207960c6a393f0e0d6e35b5ad77e854d361ea3	git -C {repo} archive {git_commit} {git_source} | tar -x -C {experiment_root}/{root}/{parent_relative} --strip-components=1
v04-phase5-warehouse-compact-diagnostics-control-3x3-4r-20260613T092510Z-claw	rep01/compact-measurement-diagnostics/campaign/workspaces/5fb9009a-44d9-4813-8f3e-b57137cd05e5	cplex-final-20260426	1015808	0eca84f46f5e70d726d2d768e077a283f6114552	surrogate/cplex-final-20260426	b992f1c84218d64eee1586a0dd33e47569195cac060659bc3fa7231b098fd29f	git -C {repo} archive {git_commit} {git_source} | tar -x -C {experiment_root}/{root}/{parent_relative} --strip-components=1
v04-phase5-warehouse-compact-diagnostics-control-3x3-4r-20260613T092510Z-claw	rep01/compact-measurement-diagnostics/campaign/workspaces/5fb9009a-44d9-4813-8f3e-b57137cd05e5	sprint-f4-milp-results	466944	0eca84f46f5e70d726d2d768e077a283f6114552	surrogate/sprint-f4-milp-results	2a65d92d3876b297da8a70c215e29c02beb12888a6b0cf5782d5b959139ef521	git -C {repo} archive {git_commit} {git_source} | tar -x -C {experiment_root}/{root}/{parent_relative} --strip-components=1
v04-phase5-warehouse-compact-diagnostics-control-3x3-4r-20260613T092510Z-claw	rep01/compact-measurement-diagnostics/campaign/workspaces/5fb9009a-44d9-4813-8f3e-b57137cd05e5	tests	372736	0eca84f46f5e70d726d2d768e077a283f6114552	surrogate/tests	6421b91de97dcff6251ebfc4a2c6fac826b3bf9e622f0f3a9a3b51adcbb561a5	git -C {repo} archive {git_commit} {git_source} | tar -x -C {experiment_root}/{root}/{parent_relative} --strip-components=1
v04-phase5-warehouse-compact-diagnostics-control-3x3-4r-20260613T092510Z-claw	rep01/compact-measurement-diagnostics/campaign/workspaces/5fb9009a-44d9-4813-8f3e-b57137cd05e5	milp_bounds	327680	0eca84f46f5e70d726d2d768e077a283f6114552	surrogate/milp_bounds	c127bcd8e5778b4909edd75c31b2df601f40f512065c23108337dfbaaa1c6808	git -C {repo} archive {git_commit} {git_source} | tar -x -C {experiment_root}/{root}/{parent_relative} --strip-components=1
v04-phase5-warehouse-compact-diagnostics-control-3x3-4r-20260613T092510Z-claw	rep01/compact-measurement-diagnostics/campaign/workspaces/5fb9009a-44d9-4813-8f3e-b57137cd05e5	calibration	8192	0eca84f46f5e70d726d2d768e077a283f6114552	surrogate/calibration	3c7648f54a6456a5824cc7f18140d3b28226300a12bf3bb4196cde86d8453016	git -C {repo} archive {git_commit} {git_source} | tar -x -C {experiment_root}/{root}/{parent_relative} --strip-components=1
v04-phase5-warehouse-compact-diagnostics-control-3x3-4r-20260613T092510Z-claw	rep01/compact-measurement-diagnostics/campaign/workspaces/5fb9009a-44d9-4813-8f3e-b57137cd05e5.checkpoint.026a9570	data	9715712	0eca84f46f5e70d726d2d768e077a283f6114552	surrogate/data	e39d71899d6b96e6280b4ad0d8207960c6a393f0e0d6e35b5ad77e854d361ea3	git -C {repo} archive {git_commit} {git_source} | tar -x -C {experiment_root}/{root}/{parent_relative} --strip-components=1
v04-phase5-warehouse-compact-diagnostics-control-3x3-4r-20260613T092510Z-claw	rep01/compact-measurement-diagnostics/campaign/workspaces/5fb9009a-44d9-4813-8f3e-b57137cd05e5.checkpoint.026a9570	cplex-final-20260426	1015808	0eca84f46f5e70d726d2d768e077a283f6114552	surrogate/cplex-final-20260426	b992f1c84218d64eee1586a0dd33e47569195cac060659bc3fa7231b098fd29f	git -C {repo} archive {git_commit} {git_source} | tar -x -C {experiment_root}/{root}/{parent_relative} --strip-components=1
v04-phase5-warehouse-compact-diagnostics-control-3x3-4r-20260613T092510Z-claw	rep01/compact-measurement-diagnostics/campaign/workspaces/5fb9009a-44d9-4813-8f3e-b57137cd05e5.checkpoint.026a9570	sprint-f4-milp-results	466944	0eca84f46f5e70d726d2d768e077a283f6114552	surrogate/sprint-f4-milp-results	2a65d92d3876b297da8a70c215e29c02beb12888a6b0cf5782d5b959139ef521	git -C {repo} archive {git_commit} {git_source} | tar -x -C {experiment_root}/{root}/{parent_relative} --strip-components=1
v04-phase5-warehouse-compact-diagnostics-control-3x3-4r-20260613T092510Z-claw	rep01/compact-measurement-diagnostics/campaign/workspaces/5fb9009a-44d9-4813-8f3e-b57137cd05e5.checkpoint.026a9570	tests	372736	0eca84f46f5e70d726d2d768e077a283f6114552	surrogate/tests	6421b91de97dcff6251ebfc4a2c6fac826b3bf9e622f0f3a9a3b51adcbb561a5	git -C {repo} archive {git_commit} {git_source} | tar -x -C {experiment_root}/{root}/{parent_relative} --strip-components=1
v04-phase5-warehouse-compact-diagnostics-control-3x3-4r-20260613T092510Z-claw	rep01/compact-measurement-diagnostics/campaign/workspaces/5fb9009a-44d9-4813-8f3e-b57137cd05e5.checkpoint.026a9570	milp_bounds	327680	0eca84f46f5e70d726d2d768e077a283f6114552	surrogate/milp_bounds	c127bcd8e5778b4909edd75c31b2df601f40f512065c23108337dfbaaa1c6808	git -C {repo} archive {git_commit} {git_source} | tar -x -C {experiment_root}/{root}/{parent_relative} --strip-components=1
v04-phase5-warehouse-compact-diagnostics-control-3x3-4r-20260613T092510Z-claw	rep01/compact-measurement-diagnostics/campaign/workspaces/5fb9009a-44d9-4813-8f3e-b57137cd05e5.checkpoint.026a9570	calibration	8192	0eca84f46f5e70d726d2d768e077a283f6114552	surrogate/calibration	3c7648f54a6456a5824cc7f18140d3b28226300a12bf3bb4196cde86d8453016	git -C {repo} archive {git_commit} {git_source} | tar -x -C {experiment_root}/{root}/{parent_relative} --strip-components=1
v04-phase5-warehouse-compact-diagnostics-control-3x3-4r-20260613T092510Z-claw	rep01/compact-measurement-diagnostics/campaign/workspaces/5fb9009a-44d9-4813-8f3e-b57137cd05e5.checkpoint.2bc11f4f	data	9715712	0eca84f46f5e70d726d2d768e077a283f6114552	surrogate/data	e39d71899d6b96e6280b4ad0d8207960c6a393f0e0d6e35b5ad77e854d361ea3	git -C {repo} archive {git_commit} {git_source} | tar -x -C {experiment_root}/{root}/{parent_relative} --strip-components=1
v04-phase5-warehouse-compact-diagnostics-control-3x3-4r-20260613T092510Z-claw	rep01/compact-measurement-diagnostics/campaign/workspaces/5fb9009a-44d9-4813-8f3e-b57137cd05e5.checkpoint.2bc11f4f	cplex-final-20260426	1015808	0eca84f46f5e70d726d2d768e077a283f6114552	surrogate/cplex-final-20260426	b992f1c84218d64eee1586a0dd33e47569195cac060659bc3fa7231b098fd29f	git -C {repo} archive {git_commit} {git_source} | tar -x -C {experiment_root}/{root}/{parent_relative} --strip-components=1
v04-phase5-warehouse-compact-diagnostics-control-3x3-4r-20260613T092510Z-claw	rep01/compact-measurement-diagnostics/campaign/workspaces/5fb9009a-44d9-4813-8f3e-b57137cd05e5.checkpoint.2bc11f4f	sprint-f4-milp-results	466944	0eca84f46f5e70d726d2d768e077a283f6114552	surrogate/sprint-f4-milp-results	2a65d92d3876b297da8a70c215e29c02beb12888a6b0cf5782d5b959139ef521	git -C {repo} archive {git_commit} {git_source} | tar -x -C {experiment_root}/{root}/{parent_relative} --strip-components=1
v04-phase5-warehouse-compact-diagnostics-control-3x3-4r-20260613T092510Z-claw	rep01/compact-measurement-diagnostics/campaign/workspaces/5fb9009a-44d9-4813-8f3e-b57137cd05e5.checkpoint.2bc11f4f	tests	372736	0eca84f46f5e70d726d2d768e077a283f6114552	surrogate/tests	6421b91de97dcff6251ebfc4a2c6fac826b3bf9e622f0f3a9a3b51adcbb561a5	git -C {repo} archive {git_commit} {git_source} | tar -x -C {experiment_root}/{root}/{parent_relative} --strip-components=1
v04-phase5-warehouse-compact-diagnostics-control-3x3-4r-20260613T092510Z-claw	rep01/compact-measurement-diagnostics/campaign/workspaces/5fb9009a-44d9-4813-8f3e-b57137cd05e5.checkpoint.2bc11f4f	milp_bounds	327680	0eca84f46f5e70d726d2d768e077a283f6114552	surrogate/milp_bounds	c127bcd8e5778b4909edd75c31b2df601f40f512065c23108337dfbaaa1c6808	git -C {repo} archive {git_commit} {git_source} | tar -x -C {experiment_root}/{root}/{parent_relative} --strip-components=1
v04-phase5-warehouse-compact-diagnostics-control-3x3-4r-20260613T092510Z-claw	rep01/compact-measurement-diagnostics/campaign/workspaces/5fb9009a-44d9-4813-8f3e-b57137cd05e5.checkpoint.2bc11f4f	calibration	8192	0eca84f46f5e70d726d2d768e077a283f6114552	surrogate/calibration	3c7648f54a6456a5824cc7f18140d3b28226300a12bf3bb4196cde86d8453016	git -C {repo} archive {git_commit} {git_source} | tar -x -C {experiment_root}/{root}/{parent_relative} --strip-components=1
v04-phase5-warehouse-compact-diagnostics-control-3x3-4r-20260613T092510Z-claw	rep01/full/campaign/champions/champion_v1	data	9715712	0eca84f46f5e70d726d2d768e077a283f6114552	surrogate/data	e39d71899d6b96e6280b4ad0d8207960c6a393f0e0d6e35b5ad77e854d361ea3	git -C {repo} archive {git_commit} {git_source} | tar -x -C {experiment_root}/{root}/{parent_relative} --strip-components=1
v04-phase5-warehouse-compact-diagnostics-control-3x3-4r-20260613T092510Z-claw	rep01/full/campaign/champions/champion_v1	cplex-final-20260426	1015808	0eca84f46f5e70d726d2d768e077a283f6114552	surrogate/cplex-final-20260426	b992f1c84218d64eee1586a0dd33e47569195cac060659bc3fa7231b098fd29f	git -C {repo} archive {git_commit} {git_source} | tar -x -C {experiment_root}/{root}/{parent_relative} --strip-components=1
v04-phase5-warehouse-compact-diagnostics-control-3x3-4r-20260613T092510Z-claw	rep01/full/campaign/champions/champion_v1	sprint-f4-milp-results	466944	0eca84f46f5e70d726d2d768e077a283f6114552	surrogate/sprint-f4-milp-results	2a65d92d3876b297da8a70c215e29c02beb12888a6b0cf5782d5b959139ef521	git -C {repo} archive {git_commit} {git_source} | tar -x -C {experiment_root}/{root}/{parent_relative} --strip-components=1
v04-phase5-warehouse-compact-diagnostics-control-3x3-4r-20260613T092510Z-claw	rep01/full/campaign/champions/champion_v1	tests	372736	0eca84f46f5e70d726d2d768e077a283f6114552	surrogate/tests	6421b91de97dcff6251ebfc4a2c6fac826b3bf9e622f0f3a9a3b51adcbb561a5	git -C {repo} archive {git_commit} {git_source} | tar -x -C {experiment_root}/{root}/{parent_relative} --strip-components=1
v04-phase5-warehouse-compact-diagnostics-control-3x3-4r-20260613T092510Z-claw	rep01/full/campaign/champions/champion_v1	milp_bounds	327680	0eca84f46f5e70d726d2d768e077a283f6114552	surrogate/milp_bounds	c127bcd8e5778b4909edd75c31b2df601f40f512065c23108337dfbaaa1c6808	git -C {repo} archive {git_commit} {git_source} | tar -x -C {experiment_root}/{root}/{parent_relative} --strip-components=1
v04-phase5-warehouse-compact-diagnostics-control-3x3-4r-20260613T092510Z-claw	rep01/full/campaign/champions/champion_v1	calibration	8192	0eca84f46f5e70d726d2d768e077a283f6114552	surrogate/calibration	3c7648f54a6456a5824cc7f18140d3b28226300a12bf3bb4196cde86d8453016	git -C {repo} archive {git_commit} {git_source} | tar -x -C {experiment_root}/{root}/{parent_relative} --strip-components=1
v04-phase5-warehouse-compact-diagnostics-control-3x3-4r-20260613T092510Z-claw	rep01/full/campaign/workspaces/2537734c-ab1a-4ea0-91c5-4ff35a686a5d	data	9715712	0eca84f46f5e70d726d2d768e077a283f6114552	surrogate/data	e39d71899d6b96e6280b4ad0d8207960c6a393f0e0d6e35b5ad77e854d361ea3	git -C {repo} archive {git_commit} {git_source} | tar -x -C {experiment_root}/{root}/{parent_relative} --strip-components=1
v04-phase5-warehouse-compact-diagnostics-control-3x3-4r-20260613T092510Z-claw	rep01/full/campaign/workspaces/2537734c-ab1a-4ea0-91c5-4ff35a686a5d	cplex-final-20260426	1015808	0eca84f46f5e70d726d2d768e077a283f6114552	surrogate/cplex-final-20260426	b992f1c84218d64eee1586a0dd33e47569195cac060659bc3fa7231b098fd29f	git -C {repo} archive {git_commit} {git_source} | tar -x -C {experiment_root}/{root}/{parent_relative} --strip-components=1
v04-phase5-warehouse-compact-diagnostics-control-3x3-4r-20260613T092510Z-claw	rep01/full/campaign/workspaces/2537734c-ab1a-4ea0-91c5-4ff35a686a5d	sprint-f4-milp-results	466944	0eca84f46f5e70d726d2d768e077a283f6114552	surrogate/sprint-f4-milp-results	2a65d92d3876b297da8a70c215e29c02beb12888a6b0cf5782d5b959139ef521	git -C {repo} archive {git_commit} {git_source} | tar -x -C {experiment_root}/{root}/{parent_relative} --strip-components=1
v04-phase5-warehouse-compact-diagnostics-control-3x3-4r-20260613T092510Z-claw	rep01/full/campaign/workspaces/2537734c-ab1a-4ea0-91c5-4ff35a686a5d	tests	372736	0eca84f46f5e70d726d2d768e077a283f6114552	surrogate/tests	6421b91de97dcff6251ebfc4a2c6fac826b3bf9e622f0f3a9a3b51adcbb561a5	git -C {repo} archive {git_commit} {git_source} | tar -x -C {experiment_root}/{root}/{parent_relative} --strip-components=1
v04-phase5-warehouse-compact-diagnostics-control-3x3-4r-20260613T092510Z-claw	rep01/full/campaign/workspaces/2537734c-ab1a-4ea0-91c5-4ff35a686a5d	milp_bounds	327680	0eca84f46f5e70d726d2d768e077a283f6114552	surrogate/milp_bounds	c127bcd8e5778b4909edd75c31b2df601f40f512065c23108337dfbaaa1c6808	git -C {repo} archive {git_commit} {git_source} | tar -x -C {experiment_root}/{root}/{parent_relative} --strip-components=1
v04-phase5-warehouse-compact-diagnostics-control-3x3-4r-20260613T092510Z-claw	rep01/full/campaign/workspaces/2537734c-ab1a-4ea0-91c5-4ff35a686a5d	calibration	8192	0eca84f46f5e70d726d2d768e077a283f6114552	surrogate/calibration	3c7648f54a6456a5824cc7f18140d3b28226300a12bf3bb4196cde86d8453016	git -C {repo} archive {git_commit} {git_source} | tar -x -C {experiment_root}/{root}/{parent_relative} --strip-components=1
v04-phase5-warehouse-compact-diagnostics-control-3x3-4r-20260613T092510Z-claw	rep01/full/campaign/workspaces/2537734c-ab1a-4ea0-91c5-4ff35a686a5d.checkpoint.5d14e126	data	9715712	0eca84f46f5e70d726d2d768e077a283f6114552	surrogate/data	e39d71899d6b96e6280b4ad0d8207960c6a393f0e0d6e35b5ad77e854d361ea3	git -C {repo} archive {git_commit} {git_source} | tar -x -C {experiment_root}/{root}/{parent_relative} --strip-components=1
v04-phase5-warehouse-compact-diagnostics-control-3x3-4r-20260613T092510Z-claw	rep01/full/campaign/workspaces/2537734c-ab1a-4ea0-91c5-4ff35a686a5d.checkpoint.5d14e126	cplex-final-20260426	1015808	0eca84f46f5e70d726d2d768e077a283f6114552	surrogate/cplex-final-20260426	b992f1c84218d64eee1586a0dd33e47569195cac060659bc3fa7231b098fd29f	git -C {repo} archive {git_commit} {git_source} | tar -x -C {experiment_root}/{root}/{parent_relative} --strip-components=1
v04-phase5-warehouse-compact-diagnostics-control-3x3-4r-20260613T092510Z-claw	rep01/full/campaign/workspaces/2537734c-ab1a-4ea0-91c5-4ff35a686a5d.checkpoint.5d14e126	sprint-f4-milp-results	466944	0eca84f46f5e70d726d2d768e077a283f6114552	surrogate/sprint-f4-milp-results	2a65d92d3876b297da8a70c215e29c02beb12888a6b0cf5782d5b959139ef521	git -C {repo} archive {git_commit} {git_source} | tar -x -C {experiment_root}/{root}/{parent_relative} --strip-components=1
v04-phase5-warehouse-compact-diagnostics-control-3x3-4r-20260613T092510Z-claw	rep01/full/campaign/workspaces/2537734c-ab1a-4ea0-91c5-4ff35a686a5d.checkpoint.5d14e126	tests	372736	0eca84f46f5e70d726d2d768e077a283f6114552	surrogate/tests	6421b91de97dcff6251ebfc4a2c6fac826b3bf9e622f0f3a9a3b51adcbb561a5	git -C {repo} archive {git_commit} {git_source} | tar -x -C {experiment_root}/{root}/{parent_relative} --strip-components=1
v04-phase5-warehouse-compact-diagnostics-control-3x3-4r-20260613T092510Z-claw	rep01/full/campaign/workspaces/2537734c-ab1a-4ea0-91c5-4ff35a686a5d.checkpoint.5d14e126	milp_bounds	327680	0eca84f46f5e70d726d2d768e077a283f6114552	surrogate/milp_bounds	c127bcd8e5778b4909edd75c31b2df601f40f512065c23108337dfbaaa1c6808	git -C {repo} archive {git_commit} {git_source} | tar -x -C {experiment_root}/{root}/{parent_relative} --strip-components=1
v04-phase5-warehouse-compact-diagnostics-control-3x3-4r-20260613T092510Z-claw	rep01/full/campaign/workspaces/2537734c-ab1a-4ea0-91c5-4ff35a686a5d.checkpoint.5d14e126	calibration	8192	0eca84f46f5e70d726d2d768e077a283f6114552	surrogate/calibration	3c7648f54a6456a5824cc7f18140d3b28226300a12bf3bb4196cde86d8453016	git -C {repo} archive {git_commit} {git_source} | tar -x -C {experiment_root}/{root}/{parent_relative} --strip-components=1
v04-phase5-warehouse-compact-diagnostics-control-3x3-4r-20260613T092510Z-claw	rep01/no-measurement-diagnostics/campaign/champions/champion_v1	data	9715712	0eca84f46f5e70d726d2d768e077a283f6114552	surrogate/data	e39d71899d6b96e6280b4ad0d8207960c6a393f0e0d6e35b5ad77e854d361ea3	git -C {repo} archive {git_commit} {git_source} | tar -x -C {experiment_root}/{root}/{parent_relative} --strip-components=1
v04-phase5-warehouse-compact-diagnostics-control-3x3-4r-20260613T092510Z-claw	rep01/no-measurement-diagnostics/campaign/champions/champion_v1	cplex-final-20260426	1015808	0eca84f46f5e70d726d2d768e077a283f6114552	surrogate/cplex-final-20260426	b992f1c84218d64eee1586a0dd33e47569195cac060659bc3fa7231b098fd29f	git -C {repo} archive {git_commit} {git_source} | tar -x -C {experiment_root}/{root}/{parent_relative} --strip-components=1
v04-phase5-warehouse-compact-diagnostics-control-3x3-4r-20260613T092510Z-claw	rep01/no-measurement-diagnostics/campaign/champions/champion_v1	sprint-f4-milp-results	466944	0eca84f46f5e70d726d2d768e077a283f6114552	surrogate/sprint-f4-milp-results	2a65d92d3876b297da8a70c215e29c02beb12888a6b0cf5782d5b959139ef521	git -C {repo} archive {git_commit} {git_source} | tar -x -C {experiment_root}/{root}/{parent_relative} --strip-components=1
v04-phase5-warehouse-compact-diagnostics-control-3x3-4r-20260613T092510Z-claw	rep01/no-measurement-diagnostics/campaign/champions/champion_v1	tests	372736	0eca84f46f5e70d726d2d768e077a283f6114552	surrogate/tests	6421b91de97dcff6251ebfc4a2c6fac826b3bf9e622f0f3a9a3b51adcbb561a5	git -C {repo} archive {git_commit} {git_source} | tar -x -C {experiment_root}/{root}/{parent_relative} --strip-components=1
v04-phase5-warehouse-compact-diagnostics-control-3x3-4r-20260613T092510Z-claw	rep01/no-measurement-diagnostics/campaign/champions/champion_v1	milp_bounds	327680	0eca84f46f5e70d726d2d768e077a283f6114552	surrogate/milp_bounds	c127bcd8e5778b4909edd75c31b2df601f40f512065c23108337dfbaaa1c6808	git -C {repo} archive {git_commit} {git_source} | tar -x -C {experiment_root}/{root}/{parent_relative} --strip-components=1
v04-phase5-warehouse-compact-diagnostics-control-3x3-4r-20260613T092510Z-claw	rep01/no-measurement-diagnostics/campaign/champions/champion_v1	calibration	8192	0eca84f46f5e70d726d2d768e077a283f6114552	surrogate/calibration	3c7648f54a6456a5824cc7f18140d3b28226300a12bf3bb4196cde86d8453016	git -C {repo} archive {git_commit} {git_source} | tar -x -C {experiment_root}/{root}/{parent_relative} --strip-components=1
v04-phase5-warehouse-compact-diagnostics-control-3x3-4r-20260613T092510Z-claw	rep01/no-measurement-diagnostics/campaign/workspaces/40e9c7e4-acb0-4de4-bce8-701ffac4b117	data	9715712	0eca84f46f5e70d726d2d768e077a283f6114552	surrogate/data	e39d71899d6b96e6280b4ad0d8207960c6a393f0e0d6e35b5ad77e854d361ea3	git -C {repo} archive {git_commit} {git_source} | tar -x -C {experiment_root}/{root}/{parent_relative} --strip-components=1
v04-phase5-warehouse-compact-diagnostics-control-3x3-4r-20260613T092510Z-claw	rep01/no-measurement-diagnostics/campaign/workspaces/40e9c7e4-acb0-4de4-bce8-701ffac4b117	cplex-final-20260426	1015808	0eca84f46f5e70d726d2d768e077a283f6114552	surrogate/cplex-final-20260426	b992f1c84218d64eee1586a0dd33e47569195cac060659bc3fa7231b098fd29f	git -C {repo} archive {git_commit} {git_source} | tar -x -C {experiment_root}/{root}/{parent_relative} --strip-components=1
v04-phase5-warehouse-compact-diagnostics-control-3x3-4r-20260613T092510Z-claw	rep01/no-measurement-diagnostics/campaign/workspaces/40e9c7e4-acb0-4de4-bce8-701ffac4b117	sprint-f4-milp-results	466944	0eca84f46f5e70d726d2d768e077a283f6114552	surrogate/sprint-f4-milp-results	2a65d92d3876b297da8a70c215e29c02beb12888a6b0cf5782d5b959139ef521	git -C {repo} archive {git_commit} {git_source} | tar -x -C {experiment_root}/{root}/{parent_relative} --strip-components=1
v04-phase5-warehouse-compact-diagnostics-control-3x3-4r-20260613T092510Z-claw	rep01/no-measurement-diagnostics/campaign/workspaces/40e9c7e4-acb0-4de4-bce8-701ffac4b117	tests	372736	0eca84f46f5e70d726d2d768e077a283f6114552	surrogate/tests	6421b91de97dcff6251ebfc4a2c6fac826b3bf9e622f0f3a9a3b51adcbb561a5	git -C {repo} archive {git_commit} {git_source} | tar -x -C {experiment_root}/{root}/{parent_relative} --strip-components=1
v04-phase5-warehouse-compact-diagnostics-control-3x3-4r-20260613T092510Z-claw	rep01/no-measurement-diagnostics/campaign/workspaces/40e9c7e4-acb0-4de4-bce8-701ffac4b117	milp_bounds	327680	0eca84f46f5e70d726d2d768e077a283f6114552	surrogate/milp_bounds	c127bcd8e5778b4909edd75c31b2df601f40f512065c23108337dfbaaa1c6808	git -C {repo} archive {git_commit} {git_source} | tar -x -C {experiment_root}/{root}/{parent_relative} --strip-components=1
v04-phase5-warehouse-compact-diagnostics-control-3x3-4r-20260613T092510Z-claw	rep01/no-measurement-diagnostics/campaign/workspaces/40e9c7e4-acb0-4de4-bce8-701ffac4b117	calibration	8192	0eca84f46f5e70d726d2d768e077a283f6114552	surrogate/calibration	3c7648f54a6456a5824cc7f18140d3b28226300a12bf3bb4196cde86d8453016	git -C {repo} archive {git_commit} {git_source} | tar -x -C {experiment_root}/{root}/{parent_relative} --strip-components=1
v04-phase5-warehouse-compact-diagnostics-control-3x3-4r-20260613T092510Z-claw	rep01/no-measurement-diagnostics/campaign/workspaces/40e9c7e4-acb0-4de4-bce8-701ffac4b117.checkpoint.4c78932e	data	9715712	0eca84f46f5e70d726d2d768e077a283f6114552	surrogate/data	e39d71899d6b96e6280b4ad0d8207960c6a393f0e0d6e35b5ad77e854d361ea3	git -C {repo} archive {git_commit} {git_source} | tar -x -C {experiment_root}/{root}/{parent_relative} --strip-components=1
v04-phase5-warehouse-compact-diagnostics-control-3x3-4r-20260613T092510Z-claw	rep01/no-measurement-diagnostics/campaign/workspaces/40e9c7e4-acb0-4de4-bce8-701ffac4b117.checkpoint.4c78932e	cplex-final-20260426	1015808	0eca84f46f5e70d726d2d768e077a283f6114552	surrogate/cplex-final-20260426	b992f1c84218d64eee1586a0dd33e47569195cac060659bc3fa7231b098fd29f	git -C {repo} archive {git_commit} {git_source} | tar -x -C {experiment_root}/{root}/{parent_relative} --strip-components=1
v04-phase5-warehouse-compact-diagnostics-control-3x3-4r-20260613T092510Z-claw	rep01/no-measurement-diagnostics/campaign/workspaces/40e9c7e4-acb0-4de4-bce8-701ffac4b117.checkpoint.4c78932e	sprint-f4-milp-results	466944	0eca84f46f5e70d726d2d768e077a283f6114552	surrogate/sprint-f4-milp-results	2a65d92d3876b297da8a70c215e29c02beb12888a6b0cf5782d5b959139ef521	git -C {repo} archive {git_commit} {git_source} | tar -x -C {experiment_root}/{root}/{parent_relative} --strip-components=1
v04-phase5-warehouse-compact-diagnostics-control-3x3-4r-20260613T092510Z-claw	rep01/no-measurement-diagnostics/campaign/workspaces/40e9c7e4-acb0-4de4-bce8-701ffac4b117.checkpoint.4c78932e	tests	372736	0eca84f46f5e70d726d2d768e077a283f6114552	surrogate/tests	6421b91de97dcff6251ebfc4a2c6fac826b3bf9e622f0f3a9a3b51adcbb561a5	git -C {repo} archive {git_commit} {git_source} | tar -x -C {experiment_root}/{root}/{parent_relative} --strip-components=1
v04-phase5-warehouse-compact-diagnostics-control-3x3-4r-20260613T092510Z-claw	rep01/no-measurement-diagnostics/campaign/workspaces/40e9c7e4-acb0-4de4-bce8-701ffac4b117.checkpoint.4c78932e	milp_bounds	327680	0eca84f46f5e70d726d2d768e077a283f6114552	surrogate/milp_bounds	c127bcd8e5778b4909edd75c31b2df601f40f512065c23108337dfbaaa1c6808	git -C {repo} archive {git_commit} {git_source} | tar -x -C {experiment_root}/{root}/{parent_relative} --strip-components=1
v04-phase5-warehouse-compact-diagnostics-control-3x3-4r-20260613T092510Z-claw	rep01/no-measurement-diagnostics/campaign/workspaces/40e9c7e4-acb0-4de4-bce8-701ffac4b117.checkpoint.4c78932e	calibration	8192	0eca84f46f5e70d726d2d768e077a283f6114552	surrogate/calibration	3c7648f54a6456a5824cc7f18140d3b28226300a12bf3bb4196cde86d8453016	git -C {repo} archive {git_commit} {git_source} | tar -x -C {experiment_root}/{root}/{parent_relative} --strip-components=1
v04-phase5-warehouse-compact-diagnostics-control-3x3-4r-20260613T092510Z-claw	rep01/no-measurement-diagnostics/campaign/workspaces/5ae7fd64-4346-4b50-97d9-099e5ad53ccf.checkpoint.eb67ca9b	data	9715712	0eca84f46f5e70d726d2d768e077a283f6114552	surrogate/data	e39d71899d6b96e6280b4ad0d8207960c6a393f0e0d6e35b5ad77e854d361ea3	git -C {repo} archive {git_commit} {git_source} | tar -x -C {experiment_root}/{root}/{parent_relative} --strip-components=1
v04-phase5-warehouse-compact-diagnostics-control-3x3-4r-20260613T092510Z-claw	rep01/no-measurement-diagnostics/campaign/workspaces/5ae7fd64-4346-4b50-97d9-099e5ad53ccf.checkpoint.eb67ca9b	cplex-final-20260426	1015808	0eca84f46f5e70d726d2d768e077a283f6114552	surrogate/cplex-final-20260426	b992f1c84218d64eee1586a0dd33e47569195cac060659bc3fa7231b098fd29f	git -C {repo} archive {git_commit} {git_source} | tar -x -C {experiment_root}/{root}/{parent_relative} --strip-components=1
v04-phase5-warehouse-compact-diagnostics-control-3x3-4r-20260613T092510Z-claw	rep01/no-measurement-diagnostics/campaign/workspaces/5ae7fd64-4346-4b50-97d9-099e5ad53ccf.checkpoint.eb67ca9b	sprint-f4-milp-results	466944	0eca84f46f5e70d726d2d768e077a283f6114552	surrogate/sprint-f4-milp-results	2a65d92d3876b297da8a70c215e29c02beb12888a6b0cf5782d5b959139ef521	git -C {repo} archive {git_commit} {git_source} | tar -x -C {experiment_root}/{root}/{parent_relative} --strip-components=1
v04-phase5-warehouse-compact-diagnostics-control-3x3-4r-20260613T092510Z-claw	rep01/no-measurement-diagnostics/campaign/workspaces/5ae7fd64-4346-4b50-97d9-099e5ad53ccf.checkpoint.eb67ca9b	tests	372736	0eca84f46f5e70d726d2d768e077a283f6114552	surrogate/tests	6421b91de97dcff6251ebfc4a2c6fac826b3bf9e622f0f3a9a3b51adcbb561a5	git -C {repo} archive {git_commit} {git_source} | tar -x -C {experiment_root}/{root}/{parent_relative} --strip-components=1
v04-phase5-warehouse-compact-diagnostics-control-3x3-4r-20260613T092510Z-claw	rep01/no-measurement-diagnostics/campaign/workspaces/5ae7fd64-4346-4b50-97d9-099e5ad53ccf.checkpoint.eb67ca9b	milp_bounds	327680	0eca84f46f5e70d726d2d768e077a283f6114552	surrogate/milp_bounds	c127bcd8e5778b4909edd75c31b2df601f40f512065c23108337dfbaaa1c6808	git -C {repo} archive {git_commit} {git_source} | tar -x -C {experiment_root}/{root}/{parent_relative} --strip-components=1
v04-phase5-warehouse-compact-diagnostics-control-3x3-4r-20260613T092510Z-claw	rep01/no-measurement-diagnostics/campaign/workspaces/5ae7fd64-4346-4b50-97d9-099e5ad53ccf.checkpoint.eb67ca9b	calibration	8192	0eca84f46f5e70d726d2d768e077a283f6114552	surrogate/calibration	3c7648f54a6456a5824cc7f18140d3b28226300a12bf3bb4196cde86d8453016	git -C {repo} archive {git_commit} {git_source} | tar -x -C {experiment_root}/{root}/{parent_relative} --strip-components=1
v04-phase5-warehouse-compact-diagnostics-control-3x3-4r-20260613T092510Z-claw	rep01/no-measurement-diagnostics/campaign/workspaces/5ae7fd64-4346-4b50-97d9-099e5ad53ccf.checkpoint.ef888c98	data	9715712	0eca84f46f5e70d726d2d768e077a283f6114552	surrogate/data	e39d71899d6b96e6280b4ad0d8207960c6a393f0e0d6e35b5ad77e854d361ea3	git -C {repo} archive {git_commit} {git_source} | tar -x -C {experiment_root}/{root}/{parent_relative} --strip-components=1
v04-phase5-warehouse-compact-diagnostics-control-3x3-4r-20260613T092510Z-claw	rep01/no-measurement-diagnostics/campaign/workspaces/5ae7fd64-4346-4b50-97d9-099e5ad53ccf.checkpoint.ef888c98	cplex-final-20260426	1015808	0eca84f46f5e70d726d2d768e077a283f6114552	surrogate/cplex-final-20260426	b992f1c84218d64eee1586a0dd33e47569195cac060659bc3fa7231b098fd29f	git -C {repo} archive {git_commit} {git_source} | tar -x -C {experiment_root}/{root}/{parent_relative} --strip-components=1
v04-phase5-warehouse-compact-diagnostics-control-3x3-4r-20260613T092510Z-claw	rep01/no-measurement-diagnostics/campaign/workspaces/5ae7fd64-4346-4b50-97d9-099e5ad53ccf.checkpoint.ef888c98	sprint-f4-milp-results	466944	0eca84f46f5e70d726d2d768e077a283f6114552	surrogate/sprint-f4-milp-results	2a65d92d3876b297da8a70c215e29c02beb12888a6b0cf5782d5b959139ef521	git -C {repo} archive {git_commit} {git_source} | tar -x -C {experiment_root}/{root}/{parent_relative} --strip-components=1
v04-phase5-warehouse-compact-diagnostics-control-3x3-4r-20260613T092510Z-claw	rep01/no-measurement-diagnostics/campaign/workspaces/5ae7fd64-4346-4b50-97d9-099e5ad53ccf.checkpoint.ef888c98	tests	372736	0eca84f46f5e70d726d2d768e077a283f6114552	surrogate/tests	6421b91de97dcff6251ebfc4a2c6fac826b3bf9e622f0f3a9a3b51adcbb561a5	git -C {repo} archive {git_commit} {git_source} | tar -x -C {experiment_root}/{root}/{parent_relative} --strip-components=1
v04-phase5-warehouse-compact-diagnostics-control-3x3-4r-20260613T092510Z-claw	rep01/no-measurement-diagnostics/campaign/workspaces/5ae7fd64-4346-4b50-97d9-099e5ad53ccf.checkpoint.ef888c98	milp_bounds	327680	0eca84f46f5e70d726d2d768e077a283f6114552	surrogate/milp_bounds	c127bcd8e5778b4909edd75c31b2df601f40f512065c23108337dfbaaa1c6808	git -C {repo} archive {git_commit} {git_source} | tar -x -C {experiment_root}/{root}/{parent_relative} --strip-components=1
v04-phase5-warehouse-compact-diagnostics-control-3x3-4r-20260613T092510Z-claw	rep01/no-measurement-diagnostics/campaign/workspaces/5ae7fd64-4346-4b50-97d9-099e5ad53ccf.checkpoint.ef888c98	calibration	8192	0eca84f46f5e70d726d2d768e077a283f6114552	surrogate/calibration	3c7648f54a6456a5824cc7f18140d3b28226300a12bf3bb4196cde86d8453016	git -C {repo} archive {git_commit} {git_source} | tar -x -C {experiment_root}/{root}/{parent_relative} --strip-components=1
v04-phase5-warehouse-compact-diagnostics-control-3x3-4r-20260613T092510Z-claw	rep02/compact-measurement-diagnostics/campaign/champions/champion_v1	data	9715712	0eca84f46f5e70d726d2d768e077a283f6114552	surrogate/data	e39d71899d6b96e6280b4ad0d8207960c6a393f0e0d6e35b5ad77e854d361ea3	git -C {repo} archive {git_commit} {git_source} | tar -x -C {experiment_root}/{root}/{parent_relative} --strip-components=1
v04-phase5-warehouse-compact-diagnostics-control-3x3-4r-20260613T092510Z-claw	rep02/compact-measurement-diagnostics/campaign/champions/champion_v1	cplex-final-20260426	1015808	0eca84f46f5e70d726d2d768e077a283f6114552	surrogate/cplex-final-20260426	b992f1c84218d64eee1586a0dd33e47569195cac060659bc3fa7231b098fd29f	git -C {repo} archive {git_commit} {git_source} | tar -x -C {experiment_root}/{root}/{parent_relative} --strip-components=1
v04-phase5-warehouse-compact-diagnostics-control-3x3-4r-20260613T092510Z-claw	rep02/compact-measurement-diagnostics/campaign/champions/champion_v1	sprint-f4-milp-results	466944	0eca84f46f5e70d726d2d768e077a283f6114552	surrogate/sprint-f4-milp-results	2a65d92d3876b297da8a70c215e29c02beb12888a6b0cf5782d5b959139ef521	git -C {repo} archive {git_commit} {git_source} | tar -x -C {experiment_root}/{root}/{parent_relative} --strip-components=1
v04-phase5-warehouse-compact-diagnostics-control-3x3-4r-20260613T092510Z-claw	rep02/compact-measurement-diagnostics/campaign/champions/champion_v1	tests	372736	0eca84f46f5e70d726d2d768e077a283f6114552	surrogate/tests	6421b91de97dcff6251ebfc4a2c6fac826b3bf9e622f0f3a9a3b51adcbb561a5	git -C {repo} archive {git_commit} {git_source} | tar -x -C {experiment_root}/{root}/{parent_relative} --strip-components=1
v04-phase5-warehouse-compact-diagnostics-control-3x3-4r-20260613T092510Z-claw	rep02/compact-measurement-diagnostics/campaign/champions/champion_v1	milp_bounds	327680	0eca84f46f5e70d726d2d768e077a283f6114552	surrogate/milp_bounds	c127bcd8e5778b4909edd75c31b2df601f40f512065c23108337dfbaaa1c6808	git -C {repo} archive {git_commit} {git_source} | tar -x -C {experiment_root}/{root}/{parent_relative} --strip-components=1
v04-phase5-warehouse-compact-diagnostics-control-3x3-4r-20260613T092510Z-claw	rep02/compact-measurement-diagnostics/campaign/champions/champion_v1	calibration	8192	0eca84f46f5e70d726d2d768e077a283f6114552	surrogate/calibration	3c7648f54a6456a5824cc7f18140d3b28226300a12bf3bb4196cde86d8453016	git -C {repo} archive {git_commit} {git_source} | tar -x -C {experiment_root}/{root}/{parent_relative} --strip-components=1
v04-phase5-warehouse-compact-diagnostics-control-3x3-4r-20260613T092510Z-claw	rep02/compact-measurement-diagnostics/campaign/workspaces/1f1a9e10-1475-4438-80c6-e63e0b42d1fd	data	9715712	0eca84f46f5e70d726d2d768e077a283f6114552	surrogate/data	e39d71899d6b96e6280b4ad0d8207960c6a393f0e0d6e35b5ad77e854d361ea3	git -C {repo} archive {git_commit} {git_source} | tar -x -C {experiment_root}/{root}/{parent_relative} --strip-components=1
v04-phase5-warehouse-compact-diagnostics-control-3x3-4r-20260613T092510Z-claw	rep02/compact-measurement-diagnostics/campaign/workspaces/1f1a9e10-1475-4438-80c6-e63e0b42d1fd	cplex-final-20260426	1015808	0eca84f46f5e70d726d2d768e077a283f6114552	surrogate/cplex-final-20260426	b992f1c84218d64eee1586a0dd33e47569195cac060659bc3fa7231b098fd29f	git -C {repo} archive {git_commit} {git_source} | tar -x -C {experiment_root}/{root}/{parent_relative} --strip-components=1
v04-phase5-warehouse-compact-diagnostics-control-3x3-4r-20260613T092510Z-claw	rep02/compact-measurement-diagnostics/campaign/workspaces/1f1a9e10-1475-4438-80c6-e63e0b42d1fd	sprint-f4-milp-results	466944	0eca84f46f5e70d726d2d768e077a283f6114552	surrogate/sprint-f4-milp-results	2a65d92d3876b297da8a70c215e29c02beb12888a6b0cf5782d5b959139ef521	git -C {repo} archive {git_commit} {git_source} | tar -x -C {experiment_root}/{root}/{parent_relative} --strip-components=1
v04-phase5-warehouse-compact-diagnostics-control-3x3-4r-20260613T092510Z-claw	rep02/compact-measurement-diagnostics/campaign/workspaces/1f1a9e10-1475-4438-80c6-e63e0b42d1fd	tests	372736	0eca84f46f5e70d726d2d768e077a283f6114552	surrogate/tests	6421b91de97dcff6251ebfc4a2c6fac826b3bf9e622f0f3a9a3b51adcbb561a5	git -C {repo} archive {git_commit} {git_source} | tar -x -C {experiment_root}/{root}/{parent_relative} --strip-components=1
v04-phase5-warehouse-compact-diagnostics-control-3x3-4r-20260613T092510Z-claw	rep02/compact-measurement-diagnostics/campaign/workspaces/1f1a9e10-1475-4438-80c6-e63e0b42d1fd	milp_bounds	327680	0eca84f46f5e70d726d2d768e077a283f6114552	surrogate/milp_bounds	c127bcd8e5778b4909edd75c31b2df601f40f512065c23108337dfbaaa1c6808	git -C {repo} archive {git_commit} {git_source} | tar -x -C {experiment_root}/{root}/{parent_relative} --strip-components=1
v04-phase5-warehouse-compact-diagnostics-control-3x3-4r-20260613T092510Z-claw	rep02/compact-measurement-diagnostics/campaign/workspaces/1f1a9e10-1475-4438-80c6-e63e0b42d1fd	calibration	8192	0eca84f46f5e70d726d2d768e077a283f6114552	surrogate/calibration	3c7648f54a6456a5824cc7f18140d3b28226300a12bf3bb4196cde86d8453016	git -C {repo} archive {git_commit} {git_source} | tar -x -C {experiment_root}/{root}/{parent_relative} --strip-components=1
v04-phase5-warehouse-compact-diagnostics-control-3x3-4r-20260613T092510Z-claw	rep02/compact-measurement-diagnostics/campaign/workspaces/1f1a9e10-1475-4438-80c6-e63e0b42d1fd.checkpoint.a4f78cdf	data	9715712	0eca84f46f5e70d726d2d768e077a283f6114552	surrogate/data	e39d71899d6b96e6280b4ad0d8207960c6a393f0e0d6e35b5ad77e854d361ea3	git -C {repo} archive {git_commit} {git_source} | tar -x -C {experiment_root}/{root}/{parent_relative} --strip-components=1
v04-phase5-warehouse-compact-diagnostics-control-3x3-4r-20260613T092510Z-claw	rep02/compact-measurement-diagnostics/campaign/workspaces/1f1a9e10-1475-4438-80c6-e63e0b42d1fd.checkpoint.a4f78cdf	cplex-final-20260426	1015808	0eca84f46f5e70d726d2d768e077a283f6114552	surrogate/cplex-final-20260426	b992f1c84218d64eee1586a0dd33e47569195cac060659bc3fa7231b098fd29f	git -C {repo} archive {git_commit} {git_source} | tar -x -C {experiment_root}/{root}/{parent_relative} --strip-components=1
v04-phase5-warehouse-compact-diagnostics-control-3x3-4r-20260613T092510Z-claw	rep02/compact-measurement-diagnostics/campaign/workspaces/1f1a9e10-1475-4438-80c6-e63e0b42d1fd.checkpoint.a4f78cdf	sprint-f4-milp-results	466944	0eca84f46f5e70d726d2d768e077a283f6114552	surrogate/sprint-f4-milp-results	2a65d92d3876b297da8a70c215e29c02beb12888a6b0cf5782d5b959139ef521	git -C {repo} archive {git_commit} {git_source} | tar -x -C {experiment_root}/{root}/{parent_relative} --strip-components=1
v04-phase5-warehouse-compact-diagnostics-control-3x3-4r-20260613T092510Z-claw	rep02/compact-measurement-diagnostics/campaign/workspaces/1f1a9e10-1475-4438-80c6-e63e0b42d1fd.checkpoint.a4f78cdf	tests	372736	0eca84f46f5e70d726d2d768e077a283f6114552	surrogate/tests	6421b91de97dcff6251ebfc4a2c6fac826b3bf9e622f0f3a9a3b51adcbb561a5	git -C {repo} archive {git_commit} {git_source} | tar -x -C {experiment_root}/{root}/{parent_relative} --strip-components=1
v04-phase5-warehouse-compact-diagnostics-control-3x3-4r-20260613T092510Z-claw	rep02/compact-measurement-diagnostics/campaign/workspaces/1f1a9e10-1475-4438-80c6-e63e0b42d1fd.checkpoint.a4f78cdf	milp_bounds	327680	0eca84f46f5e70d726d2d768e077a283f6114552	surrogate/milp_bounds	c127bcd8e5778b4909edd75c31b2df601f40f512065c23108337dfbaaa1c6808	git -C {repo} archive {git_commit} {git_source} | tar -x -C {experiment_root}/{root}/{parent_relative} --strip-components=1
v04-phase5-warehouse-compact-diagnostics-control-3x3-4r-20260613T092510Z-claw	rep02/compact-measurement-diagnostics/campaign/workspaces/1f1a9e10-1475-4438-80c6-e63e0b42d1fd.checkpoint.a4f78cdf	calibration	8192	0eca84f46f5e70d726d2d768e077a283f6114552	surrogate/calibration	3c7648f54a6456a5824cc7f18140d3b28226300a12bf3bb4196cde86d8453016	git -C {repo} archive {git_commit} {git_source} | tar -x -C {experiment_root}/{root}/{parent_relative} --strip-components=1
v04-phase5-warehouse-compact-diagnostics-control-3x3-4r-20260613T092510Z-claw	rep02/compact-measurement-diagnostics/campaign/workspaces/1f1a9e10-1475-4438-80c6-e63e0b42d1fd.checkpoint.c6ca94fe	data	9715712	0eca84f46f5e70d726d2d768e077a283f6114552	surrogate/data	e39d71899d6b96e6280b4ad0d8207960c6a393f0e0d6e35b5ad77e854d361ea3	git -C {repo} archive {git_commit} {git_source} | tar -x -C {experiment_root}/{root}/{parent_relative} --strip-components=1
v04-phase5-warehouse-compact-diagnostics-control-3x3-4r-20260613T092510Z-claw	rep02/compact-measurement-diagnostics/campaign/workspaces/1f1a9e10-1475-4438-80c6-e63e0b42d1fd.checkpoint.c6ca94fe	cplex-final-20260426	1015808	0eca84f46f5e70d726d2d768e077a283f6114552	surrogate/cplex-final-20260426	b992f1c84218d64eee1586a0dd33e47569195cac060659bc3fa7231b098fd29f	git -C {repo} archive {git_commit} {git_source} | tar -x -C {experiment_root}/{root}/{parent_relative} --strip-components=1
v04-phase5-warehouse-compact-diagnostics-control-3x3-4r-20260613T092510Z-claw	rep02/compact-measurement-diagnostics/campaign/workspaces/1f1a9e10-1475-4438-80c6-e63e0b42d1fd.checkpoint.c6ca94fe	sprint-f4-milp-results	466944	0eca84f46f5e70d726d2d768e077a283f6114552	surrogate/sprint-f4-milp-results	2a65d92d3876b297da8a70c215e29c02beb12888a6b0cf5782d5b959139ef521	git -C {repo} archive {git_commit} {git_source} | tar -x -C {experiment_root}/{root}/{parent_relative} --strip-components=1
v04-phase5-warehouse-compact-diagnostics-control-3x3-4r-20260613T092510Z-claw	rep02/compact-measurement-diagnostics/campaign/workspaces/1f1a9e10-1475-4438-80c6-e63e0b42d1fd.checkpoint.c6ca94fe	tests	372736	0eca84f46f5e70d726d2d768e077a283f6114552	surrogate/tests	6421b91de97dcff6251ebfc4a2c6fac826b3bf9e622f0f3a9a3b51adcbb561a5	git -C {repo} archive {git_commit} {git_source} | tar -x -C {experiment_root}/{root}/{parent_relative} --strip-components=1
v04-phase5-warehouse-compact-diagnostics-control-3x3-4r-20260613T092510Z-claw	rep02/compact-measurement-diagnostics/campaign/workspaces/1f1a9e10-1475-4438-80c6-e63e0b42d1fd.checkpoint.c6ca94fe	milp_bounds	327680	0eca84f46f5e70d726d2d768e077a283f6114552	surrogate/milp_bounds	c127bcd8e5778b4909edd75c31b2df601f40f512065c23108337dfbaaa1c6808	git -C {repo} archive {git_commit} {git_source} | tar -x -C {experiment_root}/{root}/{parent_relative} --strip-components=1
v04-phase5-warehouse-compact-diagnostics-control-3x3-4r-20260613T092510Z-claw	rep02/compact-measurement-diagnostics/campaign/workspaces/1f1a9e10-1475-4438-80c6-e63e0b42d1fd.checkpoint.c6ca94fe	calibration	8192	0eca84f46f5e70d726d2d768e077a283f6114552	surrogate/calibration	3c7648f54a6456a5824cc7f18140d3b28226300a12bf3bb4196cde86d8453016	git -C {repo} archive {git_commit} {git_source} | tar -x -C {experiment_root}/{root}/{parent_relative} --strip-components=1
v04-phase5-warehouse-compact-diagnostics-control-3x3-4r-20260613T092510Z-claw	rep02/compact-measurement-diagnostics/campaign/workspaces/b612c4e7-4032-452c-9b7c-f63ecef52650.checkpoint.2beec7c1	data	9715712	0eca84f46f5e70d726d2d768e077a283f6114552	surrogate/data	e39d71899d6b96e6280b4ad0d8207960c6a393f0e0d6e35b5ad77e854d361ea3	git -C {repo} archive {git_commit} {git_source} | tar -x -C {experiment_root}/{root}/{parent_relative} --strip-components=1
v04-phase5-warehouse-compact-diagnostics-control-3x3-4r-20260613T092510Z-claw	rep02/compact-measurement-diagnostics/campaign/workspaces/b612c4e7-4032-452c-9b7c-f63ecef52650.checkpoint.2beec7c1	cplex-final-20260426	1015808	0eca84f46f5e70d726d2d768e077a283f6114552	surrogate/cplex-final-20260426	b992f1c84218d64eee1586a0dd33e47569195cac060659bc3fa7231b098fd29f	git -C {repo} archive {git_commit} {git_source} | tar -x -C {experiment_root}/{root}/{parent_relative} --strip-components=1
v04-phase5-warehouse-compact-diagnostics-control-3x3-4r-20260613T092510Z-claw	rep02/compact-measurement-diagnostics/campaign/workspaces/b612c4e7-4032-452c-9b7c-f63ecef52650.checkpoint.2beec7c1	sprint-f4-milp-results	466944	0eca84f46f5e70d726d2d768e077a283f6114552	surrogate/sprint-f4-milp-results	2a65d92d3876b297da8a70c215e29c02beb12888a6b0cf5782d5b959139ef521	git -C {repo} archive {git_commit} {git_source} | tar -x -C {experiment_root}/{root}/{parent_relative} --strip-components=1
v04-phase5-warehouse-compact-diagnostics-control-3x3-4r-20260613T092510Z-claw	rep02/compact-measurement-diagnostics/campaign/workspaces/b612c4e7-4032-452c-9b7c-f63ecef52650.checkpoint.2beec7c1	tests	372736	0eca84f46f5e70d726d2d768e077a283f6114552	surrogate/tests	6421b91de97dcff6251ebfc4a2c6fac826b3bf9e622f0f3a9a3b51adcbb561a5	git -C {repo} archive {git_commit} {git_source} | tar -x -C {experiment_root}/{root}/{parent_relative} --strip-components=1
v04-phase5-warehouse-compact-diagnostics-control-3x3-4r-20260613T092510Z-claw	rep02/compact-measurement-diagnostics/campaign/workspaces/b612c4e7-4032-452c-9b7c-f63ecef52650.checkpoint.2beec7c1	milp_bounds	327680	0eca84f46f5e70d726d2d768e077a283f6114552	surrogate/milp_bounds	c127bcd8e5778b4909edd75c31b2df601f40f512065c23108337dfbaaa1c6808	git -C {repo} archive {git_commit} {git_source} | tar -x -C {experiment_root}/{root}/{parent_relative} --strip-components=1
v04-phase5-warehouse-compact-diagnostics-control-3x3-4r-20260613T092510Z-claw	rep02/compact-measurement-diagnostics/campaign/workspaces/b612c4e7-4032-452c-9b7c-f63ecef52650.checkpoint.2beec7c1	calibration	8192	0eca84f46f5e70d726d2d768e077a283f6114552	surrogate/calibration	3c7648f54a6456a5824cc7f18140d3b28226300a12bf3bb4196cde86d8453016	git -C {repo} archive {git_commit} {git_source} | tar -x -C {experiment_root}/{root}/{parent_relative} --strip-components=1
v04-phase5-warehouse-compact-diagnostics-control-3x3-4r-20260613T092510Z-claw	rep02/compact-measurement-diagnostics/campaign/workspaces/b612c4e7-4032-452c-9b7c-f63ecef52650.checkpoint.f59e943c	data	9715712	0eca84f46f5e70d726d2d768e077a283f6114552	surrogate/data	e39d71899d6b96e6280b4ad0d8207960c6a393f0e0d6e35b5ad77e854d361ea3	git -C {repo} archive {git_commit} {git_source} | tar -x -C {experiment_root}/{root}/{parent_relative} --strip-components=1
v04-phase5-warehouse-compact-diagnostics-control-3x3-4r-20260613T092510Z-claw	rep02/compact-measurement-diagnostics/campaign/workspaces/b612c4e7-4032-452c-9b7c-f63ecef52650.checkpoint.f59e943c	cplex-final-20260426	1015808	0eca84f46f5e70d726d2d768e077a283f6114552	surrogate/cplex-final-20260426	b992f1c84218d64eee1586a0dd33e47569195cac060659bc3fa7231b098fd29f	git -C {repo} archive {git_commit} {git_source} | tar -x -C {experiment_root}/{root}/{parent_relative} --strip-components=1
v04-phase5-warehouse-compact-diagnostics-control-3x3-4r-20260613T092510Z-claw	rep02/compact-measurement-diagnostics/campaign/workspaces/b612c4e7-4032-452c-9b7c-f63ecef52650.checkpoint.f59e943c	sprint-f4-milp-results	466944	0eca84f46f5e70d726d2d768e077a283f6114552	surrogate/sprint-f4-milp-results	2a65d92d3876b297da8a70c215e29c02beb12888a6b0cf5782d5b959139ef521	git -C {repo} archive {git_commit} {git_source} | tar -x -C {experiment_root}/{root}/{parent_relative} --strip-components=1
v04-phase5-warehouse-compact-diagnostics-control-3x3-4r-20260613T092510Z-claw	rep02/compact-measurement-diagnostics/campaign/workspaces/b612c4e7-4032-452c-9b7c-f63ecef52650.checkpoint.f59e943c	tests	372736	0eca84f46f5e70d726d2d768e077a283f6114552	surrogate/tests	6421b91de97dcff6251ebfc4a2c6fac826b3bf9e622f0f3a9a3b51adcbb561a5	git -C {repo} archive {git_commit} {git_source} | tar -x -C {experiment_root}/{root}/{parent_relative} --strip-components=1
v04-phase5-warehouse-compact-diagnostics-control-3x3-4r-20260613T092510Z-claw	rep02/compact-measurement-diagnostics/campaign/workspaces/b612c4e7-4032-452c-9b7c-f63ecef52650.checkpoint.f59e943c	milp_bounds	327680	0eca84f46f5e70d726d2d768e077a283f6114552	surrogate/milp_bounds	c127bcd8e5778b4909edd75c31b2df601f40f512065c23108337dfbaaa1c6808	git -C {repo} archive {git_commit} {git_source} | tar -x -C {experiment_root}/{root}/{parent_relative} --strip-components=1
v04-phase5-warehouse-compact-diagnostics-control-3x3-4r-20260613T092510Z-claw	rep02/compact-measurement-diagnostics/campaign/workspaces/b612c4e7-4032-452c-9b7c-f63ecef52650.checkpoint.f59e943c	calibration	8192	0eca84f46f5e70d726d2d768e077a283f6114552	surrogate/calibration	3c7648f54a6456a5824cc7f18140d3b28226300a12bf3bb4196cde86d8453016	git -C {repo} archive {git_commit} {git_source} | tar -x -C {experiment_root}/{root}/{parent_relative} --strip-components=1
v04-phase5-warehouse-compact-diagnostics-control-3x3-4r-20260613T092510Z-claw	rep02/full/campaign/champions/champion_v1	data	9715712	0eca84f46f5e70d726d2d768e077a283f6114552	surrogate/data	e39d71899d6b96e6280b4ad0d8207960c6a393f0e0d6e35b5ad77e854d361ea3	git -C {repo} archive {git_commit} {git_source} | tar -x -C {experiment_root}/{root}/{parent_relative} --strip-components=1
v04-phase5-warehouse-compact-diagnostics-control-3x3-4r-20260613T092510Z-claw	rep02/full/campaign/champions/champion_v1	cplex-final-20260426	1015808	0eca84f46f5e70d726d2d768e077a283f6114552	surrogate/cplex-final-20260426	b992f1c84218d64eee1586a0dd33e47569195cac060659bc3fa7231b098fd29f	git -C {repo} archive {git_commit} {git_source} | tar -x -C {experiment_root}/{root}/{parent_relative} --strip-components=1
v04-phase5-warehouse-compact-diagnostics-control-3x3-4r-20260613T092510Z-claw	rep02/full/campaign/champions/champion_v1	sprint-f4-milp-results	466944	0eca84f46f5e70d726d2d768e077a283f6114552	surrogate/sprint-f4-milp-results	2a65d92d3876b297da8a70c215e29c02beb12888a6b0cf5782d5b959139ef521	git -C {repo} archive {git_commit} {git_source} | tar -x -C {experiment_root}/{root}/{parent_relative} --strip-components=1
v04-phase5-warehouse-compact-diagnostics-control-3x3-4r-20260613T092510Z-claw	rep02/full/campaign/champions/champion_v1	tests	372736	0eca84f46f5e70d726d2d768e077a283f6114552	surrogate/tests	6421b91de97dcff6251ebfc4a2c6fac826b3bf9e622f0f3a9a3b51adcbb561a5	git -C {repo} archive {git_commit} {git_source} | tar -x -C {experiment_root}/{root}/{parent_relative} --strip-components=1
v04-phase5-warehouse-compact-diagnostics-control-3x3-4r-20260613T092510Z-claw	rep02/full/campaign/champions/champion_v1	milp_bounds	327680	0eca84f46f5e70d726d2d768e077a283f6114552	surrogate/milp_bounds	c127bcd8e5778b4909edd75c31b2df601f40f512065c23108337dfbaaa1c6808	git -C {repo} archive {git_commit} {git_source} | tar -x -C {experiment_root}/{root}/{parent_relative} --strip-components=1
v04-phase5-warehouse-compact-diagnostics-control-3x3-4r-20260613T092510Z-claw	rep02/full/campaign/champions/champion_v1	calibration	8192	0eca84f46f5e70d726d2d768e077a283f6114552	surrogate/calibration	3c7648f54a6456a5824cc7f18140d3b28226300a12bf3bb4196cde86d8453016	git -C {repo} archive {git_commit} {git_source} | tar -x -C {experiment_root}/{root}/{parent_relative} --strip-components=1
v04-phase5-warehouse-compact-diagnostics-control-3x3-4r-20260613T092510Z-claw	rep02/full/campaign/workspaces/bf99f9a0-4732-4665-b3ee-082fe9091062.checkpoint.07aa758b	data	9715712	0eca84f46f5e70d726d2d768e077a283f6114552	surrogate/data	e39d71899d6b96e6280b4ad0d8207960c6a393f0e0d6e35b5ad77e854d361ea3	git -C {repo} archive {git_commit} {git_source} | tar -x -C {experiment_root}/{root}/{parent_relative} --strip-components=1
v04-phase5-warehouse-compact-diagnostics-control-3x3-4r-20260613T092510Z-claw	rep02/full/campaign/workspaces/bf99f9a0-4732-4665-b3ee-082fe9091062.checkpoint.07aa758b	cplex-final-20260426	1015808	0eca84f46f5e70d726d2d768e077a283f6114552	surrogate/cplex-final-20260426	b992f1c84218d64eee1586a0dd33e47569195cac060659bc3fa7231b098fd29f	git -C {repo} archive {git_commit} {git_source} | tar -x -C {experiment_root}/{root}/{parent_relative} --strip-components=1
v04-phase5-warehouse-compact-diagnostics-control-3x3-4r-20260613T092510Z-claw	rep02/full/campaign/workspaces/bf99f9a0-4732-4665-b3ee-082fe9091062.checkpoint.07aa758b	sprint-f4-milp-results	466944	0eca84f46f5e70d726d2d768e077a283f6114552	surrogate/sprint-f4-milp-results	2a65d92d3876b297da8a70c215e29c02beb12888a6b0cf5782d5b959139ef521	git -C {repo} archive {git_commit} {git_source} | tar -x -C {experiment_root}/{root}/{parent_relative} --strip-components=1
v04-phase5-warehouse-compact-diagnostics-control-3x3-4r-20260613T092510Z-claw	rep02/full/campaign/workspaces/bf99f9a0-4732-4665-b3ee-082fe9091062.checkpoint.07aa758b	tests	372736	0eca84f46f5e70d726d2d768e077a283f6114552	surrogate/tests	6421b91de97dcff6251ebfc4a2c6fac826b3bf9e622f0f3a9a3b51adcbb561a5	git -C {repo} archive {git_commit} {git_source} | tar -x -C {experiment_root}/{root}/{parent_relative} --strip-components=1
v04-phase5-warehouse-compact-diagnostics-control-3x3-4r-20260613T092510Z-claw	rep02/full/campaign/workspaces/bf99f9a0-4732-4665-b3ee-082fe9091062.checkpoint.07aa758b	milp_bounds	327680	0eca84f46f5e70d726d2d768e077a283f6114552	surrogate/milp_bounds	c127bcd8e5778b4909edd75c31b2df601f40f512065c23108337dfbaaa1c6808	git -C {repo} archive {git_commit} {git_source} | tar -x -C {experiment_root}/{root}/{parent_relative} --strip-components=1
v04-phase5-warehouse-compact-diagnostics-control-3x3-4r-20260613T092510Z-claw	rep02/full/campaign/workspaces/bf99f9a0-4732-4665-b3ee-082fe9091062.checkpoint.07aa758b	calibration	8192	0eca84f46f5e70d726d2d768e077a283f6114552	surrogate/calibration	3c7648f54a6456a5824cc7f18140d3b28226300a12bf3bb4196cde86d8453016	git -C {repo} archive {git_commit} {git_source} | tar -x -C {experiment_root}/{root}/{parent_relative} --strip-components=1
v04-phase5-warehouse-compact-diagnostics-control-3x3-4r-20260613T092510Z-claw	rep02/full/campaign/workspaces/bf99f9a0-4732-4665-b3ee-082fe9091062.checkpoint.1b7e7cc0	data	9715712	0eca84f46f5e70d726d2d768e077a283f6114552	surrogate/data	e39d71899d6b96e6280b4ad0d8207960c6a393f0e0d6e35b5ad77e854d361ea3	git -C {repo} archive {git_commit} {git_source} | tar -x -C {experiment_root}/{root}/{parent_relative} --strip-components=1
v04-phase5-warehouse-compact-diagnostics-control-3x3-4r-20260613T092510Z-claw	rep02/full/campaign/workspaces/bf99f9a0-4732-4665-b3ee-082fe9091062.checkpoint.1b7e7cc0	cplex-final-20260426	1015808	0eca84f46f5e70d726d2d768e077a283f6114552	surrogate/cplex-final-20260426	b992f1c84218d64eee1586a0dd33e47569195cac060659bc3fa7231b098fd29f	git -C {repo} archive {git_commit} {git_source} | tar -x -C {experiment_root}/{root}/{parent_relative} --strip-components=1
v04-phase5-warehouse-compact-diagnostics-control-3x3-4r-20260613T092510Z-claw	rep02/full/campaign/workspaces/bf99f9a0-4732-4665-b3ee-082fe9091062.checkpoint.1b7e7cc0	sprint-f4-milp-results	466944	0eca84f46f5e70d726d2d768e077a283f6114552	surrogate/sprint-f4-milp-results	2a65d92d3876b297da8a70c215e29c02beb12888a6b0cf5782d5b959139ef521	git -C {repo} archive {git_commit} {git_source} | tar -x -C {experiment_root}/{root}/{parent_relative} --strip-components=1
v04-phase5-warehouse-compact-diagnostics-control-3x3-4r-20260613T092510Z-claw	rep02/full/campaign/workspaces/bf99f9a0-4732-4665-b3ee-082fe9091062.checkpoint.1b7e7cc0	tests	372736	0eca84f46f5e70d726d2d768e077a283f6114552	surrogate/tests	6421b91de97dcff6251ebfc4a2c6fac826b3bf9e622f0f3a9a3b51adcbb561a5	git -C {repo} archive {git_commit} {git_source} | tar -x -C {experiment_root}/{root}/{parent_relative} --strip-components=1
v04-phase5-warehouse-compact-diagnostics-control-3x3-4r-20260613T092510Z-claw	rep02/full/campaign/workspaces/bf99f9a0-4732-4665-b3ee-082fe9091062.checkpoint.1b7e7cc0	milp_bounds	327680	0eca84f46f5e70d726d2d768e077a283f6114552	surrogate/milp_bounds	c127bcd8e5778b4909edd75c31b2df601f40f512065c23108337dfbaaa1c6808	git -C {repo} archive {git_commit} {git_source} | tar -x -C {experiment_root}/{root}/{parent_relative} --strip-components=1
v04-phase5-warehouse-compact-diagnostics-control-3x3-4r-20260613T092510Z-claw	rep02/full/campaign/workspaces/bf99f9a0-4732-4665-b3ee-082fe9091062.checkpoint.1b7e7cc0	calibration	8192	0eca84f46f5e70d726d2d768e077a283f6114552	surrogate/calibration	3c7648f54a6456a5824cc7f18140d3b28226300a12bf3bb4196cde86d8453016	git -C {repo} archive {git_commit} {git_source} | tar -x -C {experiment_root}/{root}/{parent_relative} --strip-components=1
v04-phase5-warehouse-compact-diagnostics-control-3x3-4r-20260613T092510Z-claw	rep02/no-measurement-diagnostics/campaign/champions/champion_v1	data	9715712	0eca84f46f5e70d726d2d768e077a283f6114552	surrogate/data	e39d71899d6b96e6280b4ad0d8207960c6a393f0e0d6e35b5ad77e854d361ea3	git -C {repo} archive {git_commit} {git_source} | tar -x -C {experiment_root}/{root}/{parent_relative} --strip-components=1
v04-phase5-warehouse-compact-diagnostics-control-3x3-4r-20260613T092510Z-claw	rep02/no-measurement-diagnostics/campaign/champions/champion_v1	cplex-final-20260426	1015808	0eca84f46f5e70d726d2d768e077a283f6114552	surrogate/cplex-final-20260426	b992f1c84218d64eee1586a0dd33e47569195cac060659bc3fa7231b098fd29f	git -C {repo} archive {git_commit} {git_source} | tar -x -C {experiment_root}/{root}/{parent_relative} --strip-components=1
v04-phase5-warehouse-compact-diagnostics-control-3x3-4r-20260613T092510Z-claw	rep02/no-measurement-diagnostics/campaign/champions/champion_v1	sprint-f4-milp-results	466944	0eca84f46f5e70d726d2d768e077a283f6114552	surrogate/sprint-f4-milp-results	2a65d92d3876b297da8a70c215e29c02beb12888a6b0cf5782d5b959139ef521	git -C {repo} archive {git_commit} {git_source} | tar -x -C {experiment_root}/{root}/{parent_relative} --strip-components=1
v04-phase5-warehouse-compact-diagnostics-control-3x3-4r-20260613T092510Z-claw	rep02/no-measurement-diagnostics/campaign/champions/champion_v1	tests	372736	0eca84f46f5e70d726d2d768e077a283f6114552	surrogate/tests	6421b91de97dcff6251ebfc4a2c6fac826b3bf9e622f0f3a9a3b51adcbb561a5	git -C {repo} archive {git_commit} {git_source} | tar -x -C {experiment_root}/{root}/{parent_relative} --strip-components=1
v04-phase5-warehouse-compact-diagnostics-control-3x3-4r-20260613T092510Z-claw	rep02/no-measurement-diagnostics/campaign/champions/champion_v1	milp_bounds	327680	0eca84f46f5e70d726d2d768e077a283f6114552	surrogate/milp_bounds	c127bcd8e5778b4909edd75c31b2df601f40f512065c23108337dfbaaa1c6808	git -C {repo} archive {git_commit} {git_source} | tar -x -C {experiment_root}/{root}/{parent_relative} --strip-components=1
v04-phase5-warehouse-compact-diagnostics-control-3x3-4r-20260613T092510Z-claw	rep02/no-measurement-diagnostics/campaign/champions/champion_v1	calibration	8192	0eca84f46f5e70d726d2d768e077a283f6114552	surrogate/calibration	3c7648f54a6456a5824cc7f18140d3b28226300a12bf3bb4196cde86d8453016	git -C {repo} archive {git_commit} {git_source} | tar -x -C {experiment_root}/{root}/{parent_relative} --strip-components=1
v04-phase5-warehouse-compact-diagnostics-control-3x3-4r-20260613T092510Z-claw	rep02/no-measurement-diagnostics/campaign/workspaces/7370be6e-25eb-4c67-9287-881b82851569	data	9715712	0eca84f46f5e70d726d2d768e077a283f6114552	surrogate/data	e39d71899d6b96e6280b4ad0d8207960c6a393f0e0d6e35b5ad77e854d361ea3	git -C {repo} archive {git_commit} {git_source} | tar -x -C {experiment_root}/{root}/{parent_relative} --strip-components=1
v04-phase5-warehouse-compact-diagnostics-control-3x3-4r-20260613T092510Z-claw	rep02/no-measurement-diagnostics/campaign/workspaces/7370be6e-25eb-4c67-9287-881b82851569	cplex-final-20260426	1015808	0eca84f46f5e70d726d2d768e077a283f6114552	surrogate/cplex-final-20260426	b992f1c84218d64eee1586a0dd33e47569195cac060659bc3fa7231b098fd29f	git -C {repo} archive {git_commit} {git_source} | tar -x -C {experiment_root}/{root}/{parent_relative} --strip-components=1
v04-phase5-warehouse-compact-diagnostics-control-3x3-4r-20260613T092510Z-claw	rep02/no-measurement-diagnostics/campaign/workspaces/7370be6e-25eb-4c67-9287-881b82851569	sprint-f4-milp-results	466944	0eca84f46f5e70d726d2d768e077a283f6114552	surrogate/sprint-f4-milp-results	2a65d92d3876b297da8a70c215e29c02beb12888a6b0cf5782d5b959139ef521	git -C {repo} archive {git_commit} {git_source} | tar -x -C {experiment_root}/{root}/{parent_relative} --strip-components=1
v04-phase5-warehouse-compact-diagnostics-control-3x3-4r-20260613T092510Z-claw	rep02/no-measurement-diagnostics/campaign/workspaces/7370be6e-25eb-4c67-9287-881b82851569	tests	372736	0eca84f46f5e70d726d2d768e077a283f6114552	surrogate/tests	6421b91de97dcff6251ebfc4a2c6fac826b3bf9e622f0f3a9a3b51adcbb561a5	git -C {repo} archive {git_commit} {git_source} | tar -x -C {experiment_root}/{root}/{parent_relative} --strip-components=1
v04-phase5-warehouse-compact-diagnostics-control-3x3-4r-20260613T092510Z-claw	rep02/no-measurement-diagnostics/campaign/workspaces/7370be6e-25eb-4c67-9287-881b82851569	milp_bounds	327680	0eca84f46f5e70d726d2d768e077a283f6114552	surrogate/milp_bounds	c127bcd8e5778b4909edd75c31b2df601f40f512065c23108337dfbaaa1c6808	git -C {repo} archive {git_commit} {git_source} | tar -x -C {experiment_root}/{root}/{parent_relative} --strip-components=1
v04-phase5-warehouse-compact-diagnostics-control-3x3-4r-20260613T092510Z-claw	rep02/no-measurement-diagnostics/campaign/workspaces/7370be6e-25eb-4c67-9287-881b82851569	calibration	8192	0eca84f46f5e70d726d2d768e077a283f6114552	surrogate/calibration	3c7648f54a6456a5824cc7f18140d3b28226300a12bf3bb4196cde86d8453016	git -C {repo} archive {git_commit} {git_source} | tar -x -C {experiment_root}/{root}/{parent_relative} --strip-components=1
v04-phase5-warehouse-compact-diagnostics-control-3x3-4r-20260613T092510Z-claw	rep02/no-measurement-diagnostics/campaign/workspaces/dd06e50c-9d73-45c6-98ae-afde1afcdbe6	data	9715712	0eca84f46f5e70d726d2d768e077a283f6114552	surrogate/data	e39d71899d6b96e6280b4ad0d8207960c6a393f0e0d6e35b5ad77e854d361ea3	git -C {repo} archive {git_commit} {git_source} | tar -x -C {experiment_root}/{root}/{parent_relative} --strip-components=1
v04-phase5-warehouse-compact-diagnostics-control-3x3-4r-20260613T092510Z-claw	rep02/no-measurement-diagnostics/campaign/workspaces/dd06e50c-9d73-45c6-98ae-afde1afcdbe6	cplex-final-20260426	1015808	0eca84f46f5e70d726d2d768e077a283f6114552	surrogate/cplex-final-20260426	b992f1c84218d64eee1586a0dd33e47569195cac060659bc3fa7231b098fd29f	git -C {repo} archive {git_commit} {git_source} | tar -x -C {experiment_root}/{root}/{parent_relative} --strip-components=1
v04-phase5-warehouse-compact-diagnostics-control-3x3-4r-20260613T092510Z-claw	rep02/no-measurement-diagnostics/campaign/workspaces/dd06e50c-9d73-45c6-98ae-afde1afcdbe6	sprint-f4-milp-results	466944	0eca84f46f5e70d726d2d768e077a283f6114552	surrogate/sprint-f4-milp-results	2a65d92d3876b297da8a70c215e29c02beb12888a6b0cf5782d5b959139ef521	git -C {repo} archive {git_commit} {git_source} | tar -x -C {experiment_root}/{root}/{parent_relative} --strip-components=1
v04-phase5-warehouse-compact-diagnostics-control-3x3-4r-20260613T092510Z-claw	rep02/no-measurement-diagnostics/campaign/workspaces/dd06e50c-9d73-45c6-98ae-afde1afcdbe6	tests	372736	0eca84f46f5e70d726d2d768e077a283f6114552	surrogate/tests	6421b91de97dcff6251ebfc4a2c6fac826b3bf9e622f0f3a9a3b51adcbb561a5	git -C {repo} archive {git_commit} {git_source} | tar -x -C {experiment_root}/{root}/{parent_relative} --strip-components=1
v04-phase5-warehouse-compact-diagnostics-control-3x3-4r-20260613T092510Z-claw	rep02/no-measurement-diagnostics/campaign/workspaces/dd06e50c-9d73-45c6-98ae-afde1afcdbe6	milp_bounds	327680	0eca84f46f5e70d726d2d768e077a283f6114552	surrogate/milp_bounds	c127bcd8e5778b4909edd75c31b2df601f40f512065c23108337dfbaaa1c6808	git -C {repo} archive {git_commit} {git_source} | tar -x -C {experiment_root}/{root}/{parent_relative} --strip-components=1
v04-phase5-warehouse-compact-diagnostics-control-3x3-4r-20260613T092510Z-claw	rep02/no-measurement-diagnostics/campaign/workspaces/dd06e50c-9d73-45c6-98ae-afde1afcdbe6	calibration	8192	0eca84f46f5e70d726d2d768e077a283f6114552	surrogate/calibration	3c7648f54a6456a5824cc7f18140d3b28226300a12bf3bb4196cde86d8453016	git -C {repo} archive {git_commit} {git_source} | tar -x -C {experiment_root}/{root}/{parent_relative} --strip-components=1
v04-phase5-warehouse-compact-diagnostics-control-3x3-4r-20260613T092510Z-claw	rep02/no-measurement-diagnostics/campaign/workspaces/dd06e50c-9d73-45c6-98ae-afde1afcdbe6.checkpoint.b3003b15	data	9715712	0eca84f46f5e70d726d2d768e077a283f6114552	surrogate/data	e39d71899d6b96e6280b4ad0d8207960c6a393f0e0d6e35b5ad77e854d361ea3	git -C {repo} archive {git_commit} {git_source} | tar -x -C {experiment_root}/{root}/{parent_relative} --strip-components=1
v04-phase5-warehouse-compact-diagnostics-control-3x3-4r-20260613T092510Z-claw	rep02/no-measurement-diagnostics/campaign/workspaces/dd06e50c-9d73-45c6-98ae-afde1afcdbe6.checkpoint.b3003b15	cplex-final-20260426	1015808	0eca84f46f5e70d726d2d768e077a283f6114552	surrogate/cplex-final-20260426	b992f1c84218d64eee1586a0dd33e47569195cac060659bc3fa7231b098fd29f	git -C {repo} archive {git_commit} {git_source} | tar -x -C {experiment_root}/{root}/{parent_relative} --strip-components=1
v04-phase5-warehouse-compact-diagnostics-control-3x3-4r-20260613T092510Z-claw	rep02/no-measurement-diagnostics/campaign/workspaces/dd06e50c-9d73-45c6-98ae-afde1afcdbe6.checkpoint.b3003b15	sprint-f4-milp-results	466944	0eca84f46f5e70d726d2d768e077a283f6114552	surrogate/sprint-f4-milp-results	2a65d92d3876b297da8a70c215e29c02beb12888a6b0cf5782d5b959139ef521	git -C {repo} archive {git_commit} {git_source} | tar -x -C {experiment_root}/{root}/{parent_relative} --strip-components=1
v04-phase5-warehouse-compact-diagnostics-control-3x3-4r-20260613T092510Z-claw	rep02/no-measurement-diagnostics/campaign/workspaces/dd06e50c-9d73-45c6-98ae-afde1afcdbe6.checkpoint.b3003b15	tests	372736	0eca84f46f5e70d726d2d768e077a283f6114552	surrogate/tests	6421b91de97dcff6251ebfc4a2c6fac826b3bf9e622f0f3a9a3b51adcbb561a5	git -C {repo} archive {git_commit} {git_source} | tar -x -C {experiment_root}/{root}/{parent_relative} --strip-components=1
v04-phase5-warehouse-compact-diagnostics-control-3x3-4r-20260613T092510Z-claw	rep02/no-measurement-diagnostics/campaign/workspaces/dd06e50c-9d73-45c6-98ae-afde1afcdbe6.checkpoint.b3003b15	milp_bounds	327680	0eca84f46f5e70d726d2d768e077a283f6114552	surrogate/milp_bounds	c127bcd8e5778b4909edd75c31b2df601f40f512065c23108337dfbaaa1c6808	git -C {repo} archive {git_commit} {git_source} | tar -x -C {experiment_root}/{root}/{parent_relative} --strip-components=1
v04-phase5-warehouse-compact-diagnostics-control-3x3-4r-20260613T092510Z-claw	rep02/no-measurement-diagnostics/campaign/workspaces/dd06e50c-9d73-45c6-98ae-afde1afcdbe6.checkpoint.b3003b15	calibration	8192	0eca84f46f5e70d726d2d768e077a283f6114552	surrogate/calibration	3c7648f54a6456a5824cc7f18140d3b28226300a12bf3bb4196cde86d8453016	git -C {repo} archive {git_commit} {git_source} | tar -x -C {experiment_root}/{root}/{parent_relative} --strip-components=1
v04-phase5-warehouse-compact-diagnostics-control-3x3-4r-20260613T092510Z-claw	rep03/compact-measurement-diagnostics/campaign/champions/champion_v1	data	9715712	0eca84f46f5e70d726d2d768e077a283f6114552	surrogate/data	e39d71899d6b96e6280b4ad0d8207960c6a393f0e0d6e35b5ad77e854d361ea3	git -C {repo} archive {git_commit} {git_source} | tar -x -C {experiment_root}/{root}/{parent_relative} --strip-components=1
v04-phase5-warehouse-compact-diagnostics-control-3x3-4r-20260613T092510Z-claw	rep03/compact-measurement-diagnostics/campaign/champions/champion_v1	cplex-final-20260426	1015808	0eca84f46f5e70d726d2d768e077a283f6114552	surrogate/cplex-final-20260426	b992f1c84218d64eee1586a0dd33e47569195cac060659bc3fa7231b098fd29f	git -C {repo} archive {git_commit} {git_source} | tar -x -C {experiment_root}/{root}/{parent_relative} --strip-components=1
v04-phase5-warehouse-compact-diagnostics-control-3x3-4r-20260613T092510Z-claw	rep03/compact-measurement-diagnostics/campaign/champions/champion_v1	sprint-f4-milp-results	466944	0eca84f46f5e70d726d2d768e077a283f6114552	surrogate/sprint-f4-milp-results	2a65d92d3876b297da8a70c215e29c02beb12888a6b0cf5782d5b959139ef521	git -C {repo} archive {git_commit} {git_source} | tar -x -C {experiment_root}/{root}/{parent_relative} --strip-components=1
v04-phase5-warehouse-compact-diagnostics-control-3x3-4r-20260613T092510Z-claw	rep03/compact-measurement-diagnostics/campaign/champions/champion_v1	tests	372736	0eca84f46f5e70d726d2d768e077a283f6114552	surrogate/tests	6421b91de97dcff6251ebfc4a2c6fac826b3bf9e622f0f3a9a3b51adcbb561a5	git -C {repo} archive {git_commit} {git_source} | tar -x -C {experiment_root}/{root}/{parent_relative} --strip-components=1
v04-phase5-warehouse-compact-diagnostics-control-3x3-4r-20260613T092510Z-claw	rep03/compact-measurement-diagnostics/campaign/champions/champion_v1	milp_bounds	327680	0eca84f46f5e70d726d2d768e077a283f6114552	surrogate/milp_bounds	c127bcd8e5778b4909edd75c31b2df601f40f512065c23108337dfbaaa1c6808	git -C {repo} archive {git_commit} {git_source} | tar -x -C {experiment_root}/{root}/{parent_relative} --strip-components=1
v04-phase5-warehouse-compact-diagnostics-control-3x3-4r-20260613T092510Z-claw	rep03/compact-measurement-diagnostics/campaign/champions/champion_v1	calibration	8192	0eca84f46f5e70d726d2d768e077a283f6114552	surrogate/calibration	3c7648f54a6456a5824cc7f18140d3b28226300a12bf3bb4196cde86d8453016	git -C {repo} archive {git_commit} {git_source} | tar -x -C {experiment_root}/{root}/{parent_relative} --strip-components=1
v04-phase5-warehouse-compact-diagnostics-control-3x3-4r-20260613T092510Z-claw	rep03/compact-measurement-diagnostics/campaign/workspaces/4742ec77-9255-4e0c-acee-5e61027dbebc	data	9715712	0eca84f46f5e70d726d2d768e077a283f6114552	surrogate/data	e39d71899d6b96e6280b4ad0d8207960c6a393f0e0d6e35b5ad77e854d361ea3	git -C {repo} archive {git_commit} {git_source} | tar -x -C {experiment_root}/{root}/{parent_relative} --strip-components=1
v04-phase5-warehouse-compact-diagnostics-control-3x3-4r-20260613T092510Z-claw	rep03/compact-measurement-diagnostics/campaign/workspaces/4742ec77-9255-4e0c-acee-5e61027dbebc	cplex-final-20260426	1015808	0eca84f46f5e70d726d2d768e077a283f6114552	surrogate/cplex-final-20260426	b992f1c84218d64eee1586a0dd33e47569195cac060659bc3fa7231b098fd29f	git -C {repo} archive {git_commit} {git_source} | tar -x -C {experiment_root}/{root}/{parent_relative} --strip-components=1
v04-phase5-warehouse-compact-diagnostics-control-3x3-4r-20260613T092510Z-claw	rep03/compact-measurement-diagnostics/campaign/workspaces/4742ec77-9255-4e0c-acee-5e61027dbebc	sprint-f4-milp-results	466944	0eca84f46f5e70d726d2d768e077a283f6114552	surrogate/sprint-f4-milp-results	2a65d92d3876b297da8a70c215e29c02beb12888a6b0cf5782d5b959139ef521	git -C {repo} archive {git_commit} {git_source} | tar -x -C {experiment_root}/{root}/{parent_relative} --strip-components=1
v04-phase5-warehouse-compact-diagnostics-control-3x3-4r-20260613T092510Z-claw	rep03/compact-measurement-diagnostics/campaign/workspaces/4742ec77-9255-4e0c-acee-5e61027dbebc	tests	372736	0eca84f46f5e70d726d2d768e077a283f6114552	surrogate/tests	6421b91de97dcff6251ebfc4a2c6fac826b3bf9e622f0f3a9a3b51adcbb561a5	git -C {repo} archive {git_commit} {git_source} | tar -x -C {experiment_root}/{root}/{parent_relative} --strip-components=1
v04-phase5-warehouse-compact-diagnostics-control-3x3-4r-20260613T092510Z-claw	rep03/compact-measurement-diagnostics/campaign/workspaces/4742ec77-9255-4e0c-acee-5e61027dbebc	milp_bounds	327680	0eca84f46f5e70d726d2d768e077a283f6114552	surrogate/milp_bounds	c127bcd8e5778b4909edd75c31b2df601f40f512065c23108337dfbaaa1c6808	git -C {repo} archive {git_commit} {git_source} | tar -x -C {experiment_root}/{root}/{parent_relative} --strip-components=1
v04-phase5-warehouse-compact-diagnostics-control-3x3-4r-20260613T092510Z-claw	rep03/compact-measurement-diagnostics/campaign/workspaces/4742ec77-9255-4e0c-acee-5e61027dbebc	calibration	8192	0eca84f46f5e70d726d2d768e077a283f6114552	surrogate/calibration	3c7648f54a6456a5824cc7f18140d3b28226300a12bf3bb4196cde86d8453016	git -C {repo} archive {git_commit} {git_source} | tar -x -C {experiment_root}/{root}/{parent_relative} --strip-components=1
v04-phase5-warehouse-compact-diagnostics-control-3x3-4r-20260613T092510Z-claw	rep03/compact-measurement-diagnostics/campaign/workspaces/4742ec77-9255-4e0c-acee-5e61027dbebc.checkpoint.64390e11	data	9715712	0eca84f46f5e70d726d2d768e077a283f6114552	surrogate/data	e39d71899d6b96e6280b4ad0d8207960c6a393f0e0d6e35b5ad77e854d361ea3	git -C {repo} archive {git_commit} {git_source} | tar -x -C {experiment_root}/{root}/{parent_relative} --strip-components=1
v04-phase5-warehouse-compact-diagnostics-control-3x3-4r-20260613T092510Z-claw	rep03/compact-measurement-diagnostics/campaign/workspaces/4742ec77-9255-4e0c-acee-5e61027dbebc.checkpoint.64390e11	cplex-final-20260426	1015808	0eca84f46f5e70d726d2d768e077a283f6114552	surrogate/cplex-final-20260426	b992f1c84218d64eee1586a0dd33e47569195cac060659bc3fa7231b098fd29f	git -C {repo} archive {git_commit} {git_source} | tar -x -C {experiment_root}/{root}/{parent_relative} --strip-components=1
v04-phase5-warehouse-compact-diagnostics-control-3x3-4r-20260613T092510Z-claw	rep03/compact-measurement-diagnostics/campaign/workspaces/4742ec77-9255-4e0c-acee-5e61027dbebc.checkpoint.64390e11	sprint-f4-milp-results	466944	0eca84f46f5e70d726d2d768e077a283f6114552	surrogate/sprint-f4-milp-results	2a65d92d3876b297da8a70c215e29c02beb12888a6b0cf5782d5b959139ef521	git -C {repo} archive {git_commit} {git_source} | tar -x -C {experiment_root}/{root}/{parent_relative} --strip-components=1
v04-phase5-warehouse-compact-diagnostics-control-3x3-4r-20260613T092510Z-claw	rep03/compact-measurement-diagnostics/campaign/workspaces/4742ec77-9255-4e0c-acee-5e61027dbebc.checkpoint.64390e11	tests	372736	0eca84f46f5e70d726d2d768e077a283f6114552	surrogate/tests	6421b91de97dcff6251ebfc4a2c6fac826b3bf9e622f0f3a9a3b51adcbb561a5	git -C {repo} archive {git_commit} {git_source} | tar -x -C {experiment_root}/{root}/{parent_relative} --strip-components=1
v04-phase5-warehouse-compact-diagnostics-control-3x3-4r-20260613T092510Z-claw	rep03/compact-measurement-diagnostics/campaign/workspaces/4742ec77-9255-4e0c-acee-5e61027dbebc.checkpoint.64390e11	milp_bounds	327680	0eca84f46f5e70d726d2d768e077a283f6114552	surrogate/milp_bounds	c127bcd8e5778b4909edd75c31b2df601f40f512065c23108337dfbaaa1c6808	git -C {repo} archive {git_commit} {git_source} | tar -x -C {experiment_root}/{root}/{parent_relative} --strip-components=1
v04-phase5-warehouse-compact-diagnostics-control-3x3-4r-20260613T092510Z-claw	rep03/compact-measurement-diagnostics/campaign/workspaces/4742ec77-9255-4e0c-acee-5e61027dbebc.checkpoint.64390e11	calibration	8192	0eca84f46f5e70d726d2d768e077a283f6114552	surrogate/calibration	3c7648f54a6456a5824cc7f18140d3b28226300a12bf3bb4196cde86d8453016	git -C {repo} archive {git_commit} {git_source} | tar -x -C {experiment_root}/{root}/{parent_relative} --strip-components=1
v04-phase5-warehouse-compact-diagnostics-control-3x3-4r-20260613T092510Z-claw	rep03/compact-measurement-diagnostics/campaign/workspaces/4742ec77-9255-4e0c-acee-5e61027dbebc.checkpoint.cf3ed17b	data	9715712	0eca84f46f5e70d726d2d768e077a283f6114552	surrogate/data	e39d71899d6b96e6280b4ad0d8207960c6a393f0e0d6e35b5ad77e854d361ea3	git -C {repo} archive {git_commit} {git_source} | tar -x -C {experiment_root}/{root}/{parent_relative} --strip-components=1
v04-phase5-warehouse-compact-diagnostics-control-3x3-4r-20260613T092510Z-claw	rep03/compact-measurement-diagnostics/campaign/workspaces/4742ec77-9255-4e0c-acee-5e61027dbebc.checkpoint.cf3ed17b	cplex-final-20260426	1015808	0eca84f46f5e70d726d2d768e077a283f6114552	surrogate/cplex-final-20260426	b992f1c84218d64eee1586a0dd33e47569195cac060659bc3fa7231b098fd29f	git -C {repo} archive {git_commit} {git_source} | tar -x -C {experiment_root}/{root}/{parent_relative} --strip-components=1
v04-phase5-warehouse-compact-diagnostics-control-3x3-4r-20260613T092510Z-claw	rep03/compact-measurement-diagnostics/campaign/workspaces/4742ec77-9255-4e0c-acee-5e61027dbebc.checkpoint.cf3ed17b	sprint-f4-milp-results	466944	0eca84f46f5e70d726d2d768e077a283f6114552	surrogate/sprint-f4-milp-results	2a65d92d3876b297da8a70c215e29c02beb12888a6b0cf5782d5b959139ef521	git -C {repo} archive {git_commit} {git_source} | tar -x -C {experiment_root}/{root}/{parent_relative} --strip-components=1
v04-phase5-warehouse-compact-diagnostics-control-3x3-4r-20260613T092510Z-claw	rep03/compact-measurement-diagnostics/campaign/workspaces/4742ec77-9255-4e0c-acee-5e61027dbebc.checkpoint.cf3ed17b	tests	372736	0eca84f46f5e70d726d2d768e077a283f6114552	surrogate/tests	6421b91de97dcff6251ebfc4a2c6fac826b3bf9e622f0f3a9a3b51adcbb561a5	git -C {repo} archive {git_commit} {git_source} | tar -x -C {experiment_root}/{root}/{parent_relative} --strip-components=1
v04-phase5-warehouse-compact-diagnostics-control-3x3-4r-20260613T092510Z-claw	rep03/compact-measurement-diagnostics/campaign/workspaces/4742ec77-9255-4e0c-acee-5e61027dbebc.checkpoint.cf3ed17b	milp_bounds	327680	0eca84f46f5e70d726d2d768e077a283f6114552	surrogate/milp_bounds	c127bcd8e5778b4909edd75c31b2df601f40f512065c23108337dfbaaa1c6808	git -C {repo} archive {git_commit} {git_source} | tar -x -C {experiment_root}/{root}/{parent_relative} --strip-components=1
v04-phase5-warehouse-compact-diagnostics-control-3x3-4r-20260613T092510Z-claw	rep03/compact-measurement-diagnostics/campaign/workspaces/4742ec77-9255-4e0c-acee-5e61027dbebc.checkpoint.cf3ed17b	calibration	8192	0eca84f46f5e70d726d2d768e077a283f6114552	surrogate/calibration	3c7648f54a6456a5824cc7f18140d3b28226300a12bf3bb4196cde86d8453016	git -C {repo} archive {git_commit} {git_source} | tar -x -C {experiment_root}/{root}/{parent_relative} --strip-components=1
v04-phase5-warehouse-compact-diagnostics-control-3x3-4r-20260613T092510Z-claw	rep03/full/campaign/champions/champion_v1	data	9715712	0eca84f46f5e70d726d2d768e077a283f6114552	surrogate/data	e39d71899d6b96e6280b4ad0d8207960c6a393f0e0d6e35b5ad77e854d361ea3	git -C {repo} archive {git_commit} {git_source} | tar -x -C {experiment_root}/{root}/{parent_relative} --strip-components=1
v04-phase5-warehouse-compact-diagnostics-control-3x3-4r-20260613T092510Z-claw	rep03/full/campaign/champions/champion_v1	cplex-final-20260426	1015808	0eca84f46f5e70d726d2d768e077a283f6114552	surrogate/cplex-final-20260426	b992f1c84218d64eee1586a0dd33e47569195cac060659bc3fa7231b098fd29f	git -C {repo} archive {git_commit} {git_source} | tar -x -C {experiment_root}/{root}/{parent_relative} --strip-components=1
v04-phase5-warehouse-compact-diagnostics-control-3x3-4r-20260613T092510Z-claw	rep03/full/campaign/champions/champion_v1	sprint-f4-milp-results	466944	0eca84f46f5e70d726d2d768e077a283f6114552	surrogate/sprint-f4-milp-results	2a65d92d3876b297da8a70c215e29c02beb12888a6b0cf5782d5b959139ef521	git -C {repo} archive {git_commit} {git_source} | tar -x -C {experiment_root}/{root}/{parent_relative} --strip-components=1
v04-phase5-warehouse-compact-diagnostics-control-3x3-4r-20260613T092510Z-claw	rep03/full/campaign/champions/champion_v1	tests	372736	0eca84f46f5e70d726d2d768e077a283f6114552	surrogate/tests	6421b91de97dcff6251ebfc4a2c6fac826b3bf9e622f0f3a9a3b51adcbb561a5	git -C {repo} archive {git_commit} {git_source} | tar -x -C {experiment_root}/{root}/{parent_relative} --strip-components=1
v04-phase5-warehouse-compact-diagnostics-control-3x3-4r-20260613T092510Z-claw	rep03/full/campaign/champions/champion_v1	milp_bounds	327680	0eca84f46f5e70d726d2d768e077a283f6114552	surrogate/milp_bounds	c127bcd8e5778b4909edd75c31b2df601f40f512065c23108337dfbaaa1c6808	git -C {repo} archive {git_commit} {git_source} | tar -x -C {experiment_root}/{root}/{parent_relative} --strip-components=1
v04-phase5-warehouse-compact-diagnostics-control-3x3-4r-20260613T092510Z-claw	rep03/full/campaign/champions/champion_v1	calibration	8192	0eca84f46f5e70d726d2d768e077a283f6114552	surrogate/calibration	3c7648f54a6456a5824cc7f18140d3b28226300a12bf3bb4196cde86d8453016	git -C {repo} archive {git_commit} {git_source} | tar -x -C {experiment_root}/{root}/{parent_relative} --strip-components=1
v04-phase5-warehouse-compact-diagnostics-control-3x3-4r-20260613T092510Z-claw	rep03/full/campaign/workspaces/556a481f-31a7-44ba-af91-ec74e6f371b2	data	9715712	0eca84f46f5e70d726d2d768e077a283f6114552	surrogate/data	e39d71899d6b96e6280b4ad0d8207960c6a393f0e0d6e35b5ad77e854d361ea3	git -C {repo} archive {git_commit} {git_source} | tar -x -C {experiment_root}/{root}/{parent_relative} --strip-components=1
v04-phase5-warehouse-compact-diagnostics-control-3x3-4r-20260613T092510Z-claw	rep03/full/campaign/workspaces/556a481f-31a7-44ba-af91-ec74e6f371b2	cplex-final-20260426	1015808	0eca84f46f5e70d726d2d768e077a283f6114552	surrogate/cplex-final-20260426	b992f1c84218d64eee1586a0dd33e47569195cac060659bc3fa7231b098fd29f	git -C {repo} archive {git_commit} {git_source} | tar -x -C {experiment_root}/{root}/{parent_relative} --strip-components=1
v04-phase5-warehouse-compact-diagnostics-control-3x3-4r-20260613T092510Z-claw	rep03/full/campaign/workspaces/556a481f-31a7-44ba-af91-ec74e6f371b2	sprint-f4-milp-results	466944	0eca84f46f5e70d726d2d768e077a283f6114552	surrogate/sprint-f4-milp-results	2a65d92d3876b297da8a70c215e29c02beb12888a6b0cf5782d5b959139ef521	git -C {repo} archive {git_commit} {git_source} | tar -x -C {experiment_root}/{root}/{parent_relative} --strip-components=1
v04-phase5-warehouse-compact-diagnostics-control-3x3-4r-20260613T092510Z-claw	rep03/full/campaign/workspaces/556a481f-31a7-44ba-af91-ec74e6f371b2	tests	372736	0eca84f46f5e70d726d2d768e077a283f6114552	surrogate/tests	6421b91de97dcff6251ebfc4a2c6fac826b3bf9e622f0f3a9a3b51adcbb561a5	git -C {repo} archive {git_commit} {git_source} | tar -x -C {experiment_root}/{root}/{parent_relative} --strip-components=1
v04-phase5-warehouse-compact-diagnostics-control-3x3-4r-20260613T092510Z-claw	rep03/full/campaign/workspaces/556a481f-31a7-44ba-af91-ec74e6f371b2	milp_bounds	327680	0eca84f46f5e70d726d2d768e077a283f6114552	surrogate/milp_bounds	c127bcd8e5778b4909edd75c31b2df601f40f512065c23108337dfbaaa1c6808	git -C {repo} archive {git_commit} {git_source} | tar -x -C {experiment_root}/{root}/{parent_relative} --strip-components=1
v04-phase5-warehouse-compact-diagnostics-control-3x3-4r-20260613T092510Z-claw	rep03/full/campaign/workspaces/556a481f-31a7-44ba-af91-ec74e6f371b2	calibration	8192	0eca84f46f5e70d726d2d768e077a283f6114552	surrogate/calibration	3c7648f54a6456a5824cc7f18140d3b28226300a12bf3bb4196cde86d8453016	git -C {repo} archive {git_commit} {git_source} | tar -x -C {experiment_root}/{root}/{parent_relative} --strip-components=1
v04-phase5-warehouse-compact-diagnostics-control-3x3-4r-20260613T092510Z-claw	rep03/full/campaign/workspaces/556a481f-31a7-44ba-af91-ec74e6f371b2.checkpoint.05ea0020	data	9715712	0eca84f46f5e70d726d2d768e077a283f6114552	surrogate/data	e39d71899d6b96e6280b4ad0d8207960c6a393f0e0d6e35b5ad77e854d361ea3	git -C {repo} archive {git_commit} {git_source} | tar -x -C {experiment_root}/{root}/{parent_relative} --strip-components=1
v04-phase5-warehouse-compact-diagnostics-control-3x3-4r-20260613T092510Z-claw	rep03/full/campaign/workspaces/556a481f-31a7-44ba-af91-ec74e6f371b2.checkpoint.05ea0020	cplex-final-20260426	1015808	0eca84f46f5e70d726d2d768e077a283f6114552	surrogate/cplex-final-20260426	b992f1c84218d64eee1586a0dd33e47569195cac060659bc3fa7231b098fd29f	git -C {repo} archive {git_commit} {git_source} | tar -x -C {experiment_root}/{root}/{parent_relative} --strip-components=1
v04-phase5-warehouse-compact-diagnostics-control-3x3-4r-20260613T092510Z-claw	rep03/full/campaign/workspaces/556a481f-31a7-44ba-af91-ec74e6f371b2.checkpoint.05ea0020	sprint-f4-milp-results	466944	0eca84f46f5e70d726d2d768e077a283f6114552	surrogate/sprint-f4-milp-results	2a65d92d3876b297da8a70c215e29c02beb12888a6b0cf5782d5b959139ef521	git -C {repo} archive {git_commit} {git_source} | tar -x -C {experiment_root}/{root}/{parent_relative} --strip-components=1
v04-phase5-warehouse-compact-diagnostics-control-3x3-4r-20260613T092510Z-claw	rep03/full/campaign/workspaces/556a481f-31a7-44ba-af91-ec74e6f371b2.checkpoint.05ea0020	tests	372736	0eca84f46f5e70d726d2d768e077a283f6114552	surrogate/tests	6421b91de97dcff6251ebfc4a2c6fac826b3bf9e622f0f3a9a3b51adcbb561a5	git -C {repo} archive {git_commit} {git_source} | tar -x -C {experiment_root}/{root}/{parent_relative} --strip-components=1
v04-phase5-warehouse-compact-diagnostics-control-3x3-4r-20260613T092510Z-claw	rep03/full/campaign/workspaces/556a481f-31a7-44ba-af91-ec74e6f371b2.checkpoint.05ea0020	milp_bounds	327680	0eca84f46f5e70d726d2d768e077a283f6114552	surrogate/milp_bounds	c127bcd8e5778b4909edd75c31b2df601f40f512065c23108337dfbaaa1c6808	git -C {repo} archive {git_commit} {git_source} | tar -x -C {experiment_root}/{root}/{parent_relative} --strip-components=1
v04-phase5-warehouse-compact-diagnostics-control-3x3-4r-20260613T092510Z-claw	rep03/full/campaign/workspaces/556a481f-31a7-44ba-af91-ec74e6f371b2.checkpoint.05ea0020	calibration	8192	0eca84f46f5e70d726d2d768e077a283f6114552	surrogate/calibration	3c7648f54a6456a5824cc7f18140d3b28226300a12bf3bb4196cde86d8453016	git -C {repo} archive {git_commit} {git_source} | tar -x -C {experiment_root}/{root}/{parent_relative} --strip-components=1
v04-phase5-warehouse-compact-diagnostics-control-3x3-4r-20260613T092510Z-claw	rep03/full/campaign/workspaces/556a481f-31a7-44ba-af91-ec74e6f371b2.checkpoint.f5b4c650	data	9715712	0eca84f46f5e70d726d2d768e077a283f6114552	surrogate/data	e39d71899d6b96e6280b4ad0d8207960c6a393f0e0d6e35b5ad77e854d361ea3	git -C {repo} archive {git_commit} {git_source} | tar -x -C {experiment_root}/{root}/{parent_relative} --strip-components=1
v04-phase5-warehouse-compact-diagnostics-control-3x3-4r-20260613T092510Z-claw	rep03/full/campaign/workspaces/556a481f-31a7-44ba-af91-ec74e6f371b2.checkpoint.f5b4c650	cplex-final-20260426	1015808	0eca84f46f5e70d726d2d768e077a283f6114552	surrogate/cplex-final-20260426	b992f1c84218d64eee1586a0dd33e47569195cac060659bc3fa7231b098fd29f	git -C {repo} archive {git_commit} {git_source} | tar -x -C {experiment_root}/{root}/{parent_relative} --strip-components=1
v04-phase5-warehouse-compact-diagnostics-control-3x3-4r-20260613T092510Z-claw	rep03/full/campaign/workspaces/556a481f-31a7-44ba-af91-ec74e6f371b2.checkpoint.f5b4c650	sprint-f4-milp-results	466944	0eca84f46f5e70d726d2d768e077a283f6114552	surrogate/sprint-f4-milp-results	2a65d92d3876b297da8a70c215e29c02beb12888a6b0cf5782d5b959139ef521	git -C {repo} archive {git_commit} {git_source} | tar -x -C {experiment_root}/{root}/{parent_relative} --strip-components=1
v04-phase5-warehouse-compact-diagnostics-control-3x3-4r-20260613T092510Z-claw	rep03/full/campaign/workspaces/556a481f-31a7-44ba-af91-ec74e6f371b2.checkpoint.f5b4c650	tests	372736	0eca84f46f5e70d726d2d768e077a283f6114552	surrogate/tests	6421b91de97dcff6251ebfc4a2c6fac826b3bf9e622f0f3a9a3b51adcbb561a5	git -C {repo} archive {git_commit} {git_source} | tar -x -C {experiment_root}/{root}/{parent_relative} --strip-components=1
v04-phase5-warehouse-compact-diagnostics-control-3x3-4r-20260613T092510Z-claw	rep03/full/campaign/workspaces/556a481f-31a7-44ba-af91-ec74e6f371b2.checkpoint.f5b4c650	milp_bounds	327680	0eca84f46f5e70d726d2d768e077a283f6114552	surrogate/milp_bounds	c127bcd8e5778b4909edd75c31b2df601f40f512065c23108337dfbaaa1c6808	git -C {repo} archive {git_commit} {git_source} | tar -x -C {experiment_root}/{root}/{parent_relative} --strip-components=1
v04-phase5-warehouse-compact-diagnostics-control-3x3-4r-20260613T092510Z-claw	rep03/full/campaign/workspaces/556a481f-31a7-44ba-af91-ec74e6f371b2.checkpoint.f5b4c650	calibration	8192	0eca84f46f5e70d726d2d768e077a283f6114552	surrogate/calibration	3c7648f54a6456a5824cc7f18140d3b28226300a12bf3bb4196cde86d8453016	git -C {repo} archive {git_commit} {git_source} | tar -x -C {experiment_root}/{root}/{parent_relative} --strip-components=1
v04-phase5-warehouse-compact-diagnostics-control-3x3-4r-20260613T092510Z-claw	rep03/no-measurement-diagnostics/campaign/champions/champion_v1	data	9715712	0eca84f46f5e70d726d2d768e077a283f6114552	surrogate/data	e39d71899d6b96e6280b4ad0d8207960c6a393f0e0d6e35b5ad77e854d361ea3	git -C {repo} archive {git_commit} {git_source} | tar -x -C {experiment_root}/{root}/{parent_relative} --strip-components=1
v04-phase5-warehouse-compact-diagnostics-control-3x3-4r-20260613T092510Z-claw	rep03/no-measurement-diagnostics/campaign/champions/champion_v1	cplex-final-20260426	1015808	0eca84f46f5e70d726d2d768e077a283f6114552	surrogate/cplex-final-20260426	b992f1c84218d64eee1586a0dd33e47569195cac060659bc3fa7231b098fd29f	git -C {repo} archive {git_commit} {git_source} | tar -x -C {experiment_root}/{root}/{parent_relative} --strip-components=1
v04-phase5-warehouse-compact-diagnostics-control-3x3-4r-20260613T092510Z-claw	rep03/no-measurement-diagnostics/campaign/champions/champion_v1	sprint-f4-milp-results	466944	0eca84f46f5e70d726d2d768e077a283f6114552	surrogate/sprint-f4-milp-results	2a65d92d3876b297da8a70c215e29c02beb12888a6b0cf5782d5b959139ef521	git -C {repo} archive {git_commit} {git_source} | tar -x -C {experiment_root}/{root}/{parent_relative} --strip-components=1
v04-phase5-warehouse-compact-diagnostics-control-3x3-4r-20260613T092510Z-claw	rep03/no-measurement-diagnostics/campaign/champions/champion_v1	tests	372736	0eca84f46f5e70d726d2d768e077a283f6114552	surrogate/tests	6421b91de97dcff6251ebfc4a2c6fac826b3bf9e622f0f3a9a3b51adcbb561a5	git -C {repo} archive {git_commit} {git_source} | tar -x -C {experiment_root}/{root}/{parent_relative} --strip-components=1
v04-phase5-warehouse-compact-diagnostics-control-3x3-4r-20260613T092510Z-claw	rep03/no-measurement-diagnostics/campaign/champions/champion_v1	milp_bounds	327680	0eca84f46f5e70d726d2d768e077a283f6114552	surrogate/milp_bounds	c127bcd8e5778b4909edd75c31b2df601f40f512065c23108337dfbaaa1c6808	git -C {repo} archive {git_commit} {git_source} | tar -x -C {experiment_root}/{root}/{parent_relative} --strip-components=1
v04-phase5-warehouse-compact-diagnostics-control-3x3-4r-20260613T092510Z-claw	rep03/no-measurement-diagnostics/campaign/champions/champion_v1	calibration	8192	0eca84f46f5e70d726d2d768e077a283f6114552	surrogate/calibration	3c7648f54a6456a5824cc7f18140d3b28226300a12bf3bb4196cde86d8453016	git -C {repo} archive {git_commit} {git_source} | tar -x -C {experiment_root}/{root}/{parent_relative} --strip-components=1
v04-phase5-warehouse-compact-diagnostics-shakedown-3arms-2r-20260613T084629Z-claw	rep01/compact-measurement-diagnostics/campaign/champions/champion_v1	data	9715712	5159249fc5312e14035ef1b1c0cf8be06765e992	surrogate/data	e39d71899d6b96e6280b4ad0d8207960c6a393f0e0d6e35b5ad77e854d361ea3	git -C {repo} archive {git_commit} {git_source} | tar -x -C {experiment_root}/{root}/{parent_relative} --strip-components=1
v04-phase5-warehouse-compact-diagnostics-shakedown-3arms-2r-20260613T084629Z-claw	rep01/compact-measurement-diagnostics/campaign/champions/champion_v1	cplex-final-20260426	1015808	5159249fc5312e14035ef1b1c0cf8be06765e992	surrogate/cplex-final-20260426	b992f1c84218d64eee1586a0dd33e47569195cac060659bc3fa7231b098fd29f	git -C {repo} archive {git_commit} {git_source} | tar -x -C {experiment_root}/{root}/{parent_relative} --strip-components=1
v04-phase5-warehouse-compact-diagnostics-shakedown-3arms-2r-20260613T084629Z-claw	rep01/compact-measurement-diagnostics/campaign/champions/champion_v1	sprint-f4-milp-results	466944	5159249fc5312e14035ef1b1c0cf8be06765e992	surrogate/sprint-f4-milp-results	2a65d92d3876b297da8a70c215e29c02beb12888a6b0cf5782d5b959139ef521	git -C {repo} archive {git_commit} {git_source} | tar -x -C {experiment_root}/{root}/{parent_relative} --strip-components=1
v04-phase5-warehouse-compact-diagnostics-shakedown-3arms-2r-20260613T084629Z-claw	rep01/compact-measurement-diagnostics/campaign/champions/champion_v1	tests	372736	5159249fc5312e14035ef1b1c0cf8be06765e992	surrogate/tests	6421b91de97dcff6251ebfc4a2c6fac826b3bf9e622f0f3a9a3b51adcbb561a5	git -C {repo} archive {git_commit} {git_source} | tar -x -C {experiment_root}/{root}/{parent_relative} --strip-components=1
v04-phase5-warehouse-compact-diagnostics-shakedown-3arms-2r-20260613T084629Z-claw	rep01/compact-measurement-diagnostics/campaign/champions/champion_v1	milp_bounds	327680	5159249fc5312e14035ef1b1c0cf8be06765e992	surrogate/milp_bounds	c127bcd8e5778b4909edd75c31b2df601f40f512065c23108337dfbaaa1c6808	git -C {repo} archive {git_commit} {git_source} | tar -x -C {experiment_root}/{root}/{parent_relative} --strip-components=1
v04-phase5-warehouse-compact-diagnostics-shakedown-3arms-2r-20260613T084629Z-claw	rep01/compact-measurement-diagnostics/campaign/champions/champion_v1	calibration	8192	5159249fc5312e14035ef1b1c0cf8be06765e992	surrogate/calibration	3c7648f54a6456a5824cc7f18140d3b28226300a12bf3bb4196cde86d8453016	git -C {repo} archive {git_commit} {git_source} | tar -x -C {experiment_root}/{root}/{parent_relative} --strip-components=1
v04-phase5-warehouse-compact-diagnostics-shakedown-3arms-2r-20260613T084629Z-claw	rep01/full/campaign/champions/champion_v1	data	9715712	5159249fc5312e14035ef1b1c0cf8be06765e992	surrogate/data	e39d71899d6b96e6280b4ad0d8207960c6a393f0e0d6e35b5ad77e854d361ea3	git -C {repo} archive {git_commit} {git_source} | tar -x -C {experiment_root}/{root}/{parent_relative} --strip-components=1
v04-phase5-warehouse-compact-diagnostics-shakedown-3arms-2r-20260613T084629Z-claw	rep01/full/campaign/champions/champion_v1	cplex-final-20260426	1015808	5159249fc5312e14035ef1b1c0cf8be06765e992	surrogate/cplex-final-20260426	b992f1c84218d64eee1586a0dd33e47569195cac060659bc3fa7231b098fd29f	git -C {repo} archive {git_commit} {git_source} | tar -x -C {experiment_root}/{root}/{parent_relative} --strip-components=1
v04-phase5-warehouse-compact-diagnostics-shakedown-3arms-2r-20260613T084629Z-claw	rep01/full/campaign/champions/champion_v1	sprint-f4-milp-results	466944	5159249fc5312e14035ef1b1c0cf8be06765e992	surrogate/sprint-f4-milp-results	2a65d92d3876b297da8a70c215e29c02beb12888a6b0cf5782d5b959139ef521	git -C {repo} archive {git_commit} {git_source} | tar -x -C {experiment_root}/{root}/{parent_relative} --strip-components=1
v04-phase5-warehouse-compact-diagnostics-shakedown-3arms-2r-20260613T084629Z-claw	rep01/full/campaign/champions/champion_v1	tests	372736	5159249fc5312e14035ef1b1c0cf8be06765e992	surrogate/tests	6421b91de97dcff6251ebfc4a2c6fac826b3bf9e622f0f3a9a3b51adcbb561a5	git -C {repo} archive {git_commit} {git_source} | tar -x -C {experiment_root}/{root}/{parent_relative} --strip-components=1
v04-phase5-warehouse-compact-diagnostics-shakedown-3arms-2r-20260613T084629Z-claw	rep01/full/campaign/champions/champion_v1	milp_bounds	327680	5159249fc5312e14035ef1b1c0cf8be06765e992	surrogate/milp_bounds	c127bcd8e5778b4909edd75c31b2df601f40f512065c23108337dfbaaa1c6808	git -C {repo} archive {git_commit} {git_source} | tar -x -C {experiment_root}/{root}/{parent_relative} --strip-components=1
v04-phase5-warehouse-compact-diagnostics-shakedown-3arms-2r-20260613T084629Z-claw	rep01/full/campaign/champions/champion_v1	calibration	8192	5159249fc5312e14035ef1b1c0cf8be06765e992	surrogate/calibration	3c7648f54a6456a5824cc7f18140d3b28226300a12bf3bb4196cde86d8453016	git -C {repo} archive {git_commit} {git_source} | tar -x -C {experiment_root}/{root}/{parent_relative} --strip-components=1
v04-phase5-warehouse-compact-diagnostics-shakedown-3arms-2r-20260613T084629Z-claw	rep01/full/campaign/workspaces/cc61a3bf-bc49-4f02-867a-f8f9b4cb8004	data	9715712	5159249fc5312e14035ef1b1c0cf8be06765e992	surrogate/data	e39d71899d6b96e6280b4ad0d8207960c6a393f0e0d6e35b5ad77e854d361ea3	git -C {repo} archive {git_commit} {git_source} | tar -x -C {experiment_root}/{root}/{parent_relative} --strip-components=1
v04-phase5-warehouse-compact-diagnostics-shakedown-3arms-2r-20260613T084629Z-claw	rep01/full/campaign/workspaces/cc61a3bf-bc49-4f02-867a-f8f9b4cb8004	cplex-final-20260426	1015808	5159249fc5312e14035ef1b1c0cf8be06765e992	surrogate/cplex-final-20260426	b992f1c84218d64eee1586a0dd33e47569195cac060659bc3fa7231b098fd29f	git -C {repo} archive {git_commit} {git_source} | tar -x -C {experiment_root}/{root}/{parent_relative} --strip-components=1
v04-phase5-warehouse-compact-diagnostics-shakedown-3arms-2r-20260613T084629Z-claw	rep01/full/campaign/workspaces/cc61a3bf-bc49-4f02-867a-f8f9b4cb8004	sprint-f4-milp-results	466944	5159249fc5312e14035ef1b1c0cf8be06765e992	surrogate/sprint-f4-milp-results	2a65d92d3876b297da8a70c215e29c02beb12888a6b0cf5782d5b959139ef521	git -C {repo} archive {git_commit} {git_source} | tar -x -C {experiment_root}/{root}/{parent_relative} --strip-components=1
v04-phase5-warehouse-compact-diagnostics-shakedown-3arms-2r-20260613T084629Z-claw	rep01/full/campaign/workspaces/cc61a3bf-bc49-4f02-867a-f8f9b4cb8004	tests	372736	5159249fc5312e14035ef1b1c0cf8be06765e992	surrogate/tests	6421b91de97dcff6251ebfc4a2c6fac826b3bf9e622f0f3a9a3b51adcbb561a5	git -C {repo} archive {git_commit} {git_source} | tar -x -C {experiment_root}/{root}/{parent_relative} --strip-components=1
v04-phase5-warehouse-compact-diagnostics-shakedown-3arms-2r-20260613T084629Z-claw	rep01/full/campaign/workspaces/cc61a3bf-bc49-4f02-867a-f8f9b4cb8004	milp_bounds	327680	5159249fc5312e14035ef1b1c0cf8be06765e992	surrogate/milp_bounds	c127bcd8e5778b4909edd75c31b2df601f40f512065c23108337dfbaaa1c6808	git -C {repo} archive {git_commit} {git_source} | tar -x -C {experiment_root}/{root}/{parent_relative} --strip-components=1
v04-phase5-warehouse-compact-diagnostics-shakedown-3arms-2r-20260613T084629Z-claw	rep01/full/campaign/workspaces/cc61a3bf-bc49-4f02-867a-f8f9b4cb8004	calibration	8192	5159249fc5312e14035ef1b1c0cf8be06765e992	surrogate/calibration	3c7648f54a6456a5824cc7f18140d3b28226300a12bf3bb4196cde86d8453016	git -C {repo} archive {git_commit} {git_source} | tar -x -C {experiment_root}/{root}/{parent_relative} --strip-components=1
v04-phase5-warehouse-compact-diagnostics-shakedown-3arms-2r-20260613T084629Z-claw	rep01/full/campaign/workspaces/cc61a3bf-bc49-4f02-867a-f8f9b4cb8004.checkpoint.99b331ab	data	9715712	5159249fc5312e14035ef1b1c0cf8be06765e992	surrogate/data	e39d71899d6b96e6280b4ad0d8207960c6a393f0e0d6e35b5ad77e854d361ea3	git -C {repo} archive {git_commit} {git_source} | tar -x -C {experiment_root}/{root}/{parent_relative} --strip-components=1
v04-phase5-warehouse-compact-diagnostics-shakedown-3arms-2r-20260613T084629Z-claw	rep01/full/campaign/workspaces/cc61a3bf-bc49-4f02-867a-f8f9b4cb8004.checkpoint.99b331ab	cplex-final-20260426	1015808	5159249fc5312e14035ef1b1c0cf8be06765e992	surrogate/cplex-final-20260426	b992f1c84218d64eee1586a0dd33e47569195cac060659bc3fa7231b098fd29f	git -C {repo} archive {git_commit} {git_source} | tar -x -C {experiment_root}/{root}/{parent_relative} --strip-components=1
v04-phase5-warehouse-compact-diagnostics-shakedown-3arms-2r-20260613T084629Z-claw	rep01/full/campaign/workspaces/cc61a3bf-bc49-4f02-867a-f8f9b4cb8004.checkpoint.99b331ab	sprint-f4-milp-results	466944	5159249fc5312e14035ef1b1c0cf8be06765e992	surrogate/sprint-f4-milp-results	2a65d92d3876b297da8a70c215e29c02beb12888a6b0cf5782d5b959139ef521	git -C {repo} archive {git_commit} {git_source} | tar -x -C {experiment_root}/{root}/{parent_relative} --strip-components=1
v04-phase5-warehouse-compact-diagnostics-shakedown-3arms-2r-20260613T084629Z-claw	rep01/full/campaign/workspaces/cc61a3bf-bc49-4f02-867a-f8f9b4cb8004.checkpoint.99b331ab	tests	372736	5159249fc5312e14035ef1b1c0cf8be06765e992	surrogate/tests	6421b91de97dcff6251ebfc4a2c6fac826b3bf9e622f0f3a9a3b51adcbb561a5	git -C {repo} archive {git_commit} {git_source} | tar -x -C {experiment_root}/{root}/{parent_relative} --strip-components=1
v04-phase5-warehouse-compact-diagnostics-shakedown-3arms-2r-20260613T084629Z-claw	rep01/full/campaign/workspaces/cc61a3bf-bc49-4f02-867a-f8f9b4cb8004.checkpoint.99b331ab	milp_bounds	327680	5159249fc5312e14035ef1b1c0cf8be06765e992	surrogate/milp_bounds	c127bcd8e5778b4909edd75c31b2df601f40f512065c23108337dfbaaa1c6808	git -C {repo} archive {git_commit} {git_source} | tar -x -C {experiment_root}/{root}/{parent_relative} --strip-components=1
v04-phase5-warehouse-compact-diagnostics-shakedown-3arms-2r-20260613T084629Z-claw	rep01/full/campaign/workspaces/cc61a3bf-bc49-4f02-867a-f8f9b4cb8004.checkpoint.99b331ab	calibration	8192	5159249fc5312e14035ef1b1c0cf8be06765e992	surrogate/calibration	3c7648f54a6456a5824cc7f18140d3b28226300a12bf3bb4196cde86d8453016	git -C {repo} archive {git_commit} {git_source} | tar -x -C {experiment_root}/{root}/{parent_relative} --strip-components=1
v04-phase5-warehouse-compact-diagnostics-shakedown-3arms-2r-20260613T084629Z-claw	rep01/full/campaign/workspaces/cc61a3bf-bc49-4f02-867a-f8f9b4cb8004.checkpoint.fc8a7572	data	9715712	5159249fc5312e14035ef1b1c0cf8be06765e992	surrogate/data	e39d71899d6b96e6280b4ad0d8207960c6a393f0e0d6e35b5ad77e854d361ea3	git -C {repo} archive {git_commit} {git_source} | tar -x -C {experiment_root}/{root}/{parent_relative} --strip-components=1
v04-phase5-warehouse-compact-diagnostics-shakedown-3arms-2r-20260613T084629Z-claw	rep01/full/campaign/workspaces/cc61a3bf-bc49-4f02-867a-f8f9b4cb8004.checkpoint.fc8a7572	cplex-final-20260426	1015808	5159249fc5312e14035ef1b1c0cf8be06765e992	surrogate/cplex-final-20260426	b992f1c84218d64eee1586a0dd33e47569195cac060659bc3fa7231b098fd29f	git -C {repo} archive {git_commit} {git_source} | tar -x -C {experiment_root}/{root}/{parent_relative} --strip-components=1
v04-phase5-warehouse-compact-diagnostics-shakedown-3arms-2r-20260613T084629Z-claw	rep01/full/campaign/workspaces/cc61a3bf-bc49-4f02-867a-f8f9b4cb8004.checkpoint.fc8a7572	sprint-f4-milp-results	466944	5159249fc5312e14035ef1b1c0cf8be06765e992	surrogate/sprint-f4-milp-results	2a65d92d3876b297da8a70c215e29c02beb12888a6b0cf5782d5b959139ef521	git -C {repo} archive {git_commit} {git_source} | tar -x -C {experiment_root}/{root}/{parent_relative} --strip-components=1
v04-phase5-warehouse-compact-diagnostics-shakedown-3arms-2r-20260613T084629Z-claw	rep01/full/campaign/workspaces/cc61a3bf-bc49-4f02-867a-f8f9b4cb8004.checkpoint.fc8a7572	tests	372736	5159249fc5312e14035ef1b1c0cf8be06765e992	surrogate/tests	6421b91de97dcff6251ebfc4a2c6fac826b3bf9e622f0f3a9a3b51adcbb561a5	git -C {repo} archive {git_commit} {git_source} | tar -x -C {experiment_root}/{root}/{parent_relative} --strip-components=1
v04-phase5-warehouse-compact-diagnostics-shakedown-3arms-2r-20260613T084629Z-claw	rep01/full/campaign/workspaces/cc61a3bf-bc49-4f02-867a-f8f9b4cb8004.checkpoint.fc8a7572	milp_bounds	327680	5159249fc5312e14035ef1b1c0cf8be06765e992	surrogate/milp_bounds	c127bcd8e5778b4909edd75c31b2df601f40f512065c23108337dfbaaa1c6808	git -C {repo} archive {git_commit} {git_source} | tar -x -C {experiment_root}/{root}/{parent_relative} --strip-components=1
v04-phase5-warehouse-compact-diagnostics-shakedown-3arms-2r-20260613T084629Z-claw	rep01/full/campaign/workspaces/cc61a3bf-bc49-4f02-867a-f8f9b4cb8004.checkpoint.fc8a7572	calibration	8192	5159249fc5312e14035ef1b1c0cf8be06765e992	surrogate/calibration	3c7648f54a6456a5824cc7f18140d3b28226300a12bf3bb4196cde86d8453016	git -C {repo} archive {git_commit} {git_source} | tar -x -C {experiment_root}/{root}/{parent_relative} --strip-components=1
v04-phase5-warehouse-compact-diagnostics-shakedown-3arms-2r-20260613T084629Z-claw	rep01/no-measurement-diagnostics/campaign/champions/champion_v1	data	9715712	5159249fc5312e14035ef1b1c0cf8be06765e992	surrogate/data	e39d71899d6b96e6280b4ad0d8207960c6a393f0e0d6e35b5ad77e854d361ea3	git -C {repo} archive {git_commit} {git_source} | tar -x -C {experiment_root}/{root}/{parent_relative} --strip-components=1
v04-phase5-warehouse-compact-diagnostics-shakedown-3arms-2r-20260613T084629Z-claw	rep01/no-measurement-diagnostics/campaign/champions/champion_v1	cplex-final-20260426	1015808	5159249fc5312e14035ef1b1c0cf8be06765e992	surrogate/cplex-final-20260426	b992f1c84218d64eee1586a0dd33e47569195cac060659bc3fa7231b098fd29f	git -C {repo} archive {git_commit} {git_source} | tar -x -C {experiment_root}/{root}/{parent_relative} --strip-components=1
v04-phase5-warehouse-compact-diagnostics-shakedown-3arms-2r-20260613T084629Z-claw	rep01/no-measurement-diagnostics/campaign/champions/champion_v1	sprint-f4-milp-results	466944	5159249fc5312e14035ef1b1c0cf8be06765e992	surrogate/sprint-f4-milp-results	2a65d92d3876b297da8a70c215e29c02beb12888a6b0cf5782d5b959139ef521	git -C {repo} archive {git_commit} {git_source} | tar -x -C {experiment_root}/{root}/{parent_relative} --strip-components=1
v04-phase5-warehouse-compact-diagnostics-shakedown-3arms-2r-20260613T084629Z-claw	rep01/no-measurement-diagnostics/campaign/champions/champion_v1	tests	372736	5159249fc5312e14035ef1b1c0cf8be06765e992	surrogate/tests	6421b91de97dcff6251ebfc4a2c6fac826b3bf9e622f0f3a9a3b51adcbb561a5	git -C {repo} archive {git_commit} {git_source} | tar -x -C {experiment_root}/{root}/{parent_relative} --strip-components=1
v04-phase5-warehouse-compact-diagnostics-shakedown-3arms-2r-20260613T084629Z-claw	rep01/no-measurement-diagnostics/campaign/champions/champion_v1	milp_bounds	327680	5159249fc5312e14035ef1b1c0cf8be06765e992	surrogate/milp_bounds	c127bcd8e5778b4909edd75c31b2df601f40f512065c23108337dfbaaa1c6808	git -C {repo} archive {git_commit} {git_source} | tar -x -C {experiment_root}/{root}/{parent_relative} --strip-components=1
v04-phase5-warehouse-compact-diagnostics-shakedown-3arms-2r-20260613T084629Z-claw	rep01/no-measurement-diagnostics/campaign/champions/champion_v1	calibration	8192	5159249fc5312e14035ef1b1c0cf8be06765e992	surrogate/calibration	3c7648f54a6456a5824cc7f18140d3b28226300a12bf3bb4196cde86d8453016	git -C {repo} archive {git_commit} {git_source} | tar -x -C {experiment_root}/{root}/{parent_relative} --strip-components=1
v04-phase5-warehouse-compact-diagnostics-shakedown-3arms-2r-20260613T084629Z-claw	rep01/no-measurement-diagnostics/campaign/workspaces/6cdf0a70-7216-493d-8e42-2d70b437ce73	data	9715712	5159249fc5312e14035ef1b1c0cf8be06765e992	surrogate/data	e39d71899d6b96e6280b4ad0d8207960c6a393f0e0d6e35b5ad77e854d361ea3	git -C {repo} archive {git_commit} {git_source} | tar -x -C {experiment_root}/{root}/{parent_relative} --strip-components=1
v04-phase5-warehouse-compact-diagnostics-shakedown-3arms-2r-20260613T084629Z-claw	rep01/no-measurement-diagnostics/campaign/workspaces/6cdf0a70-7216-493d-8e42-2d70b437ce73	cplex-final-20260426	1015808	5159249fc5312e14035ef1b1c0cf8be06765e992	surrogate/cplex-final-20260426	b992f1c84218d64eee1586a0dd33e47569195cac060659bc3fa7231b098fd29f	git -C {repo} archive {git_commit} {git_source} | tar -x -C {experiment_root}/{root}/{parent_relative} --strip-components=1
v04-phase5-warehouse-compact-diagnostics-shakedown-3arms-2r-20260613T084629Z-claw	rep01/no-measurement-diagnostics/campaign/workspaces/6cdf0a70-7216-493d-8e42-2d70b437ce73	sprint-f4-milp-results	466944	5159249fc5312e14035ef1b1c0cf8be06765e992	surrogate/sprint-f4-milp-results	2a65d92d3876b297da8a70c215e29c02beb12888a6b0cf5782d5b959139ef521	git -C {repo} archive {git_commit} {git_source} | tar -x -C {experiment_root}/{root}/{parent_relative} --strip-components=1
v04-phase5-warehouse-compact-diagnostics-shakedown-3arms-2r-20260613T084629Z-claw	rep01/no-measurement-diagnostics/campaign/workspaces/6cdf0a70-7216-493d-8e42-2d70b437ce73	tests	372736	5159249fc5312e14035ef1b1c0cf8be06765e992	surrogate/tests	6421b91de97dcff6251ebfc4a2c6fac826b3bf9e622f0f3a9a3b51adcbb561a5	git -C {repo} archive {git_commit} {git_source} | tar -x -C {experiment_root}/{root}/{parent_relative} --strip-components=1
v04-phase5-warehouse-compact-diagnostics-shakedown-3arms-2r-20260613T084629Z-claw	rep01/no-measurement-diagnostics/campaign/workspaces/6cdf0a70-7216-493d-8e42-2d70b437ce73	milp_bounds	327680	5159249fc5312e14035ef1b1c0cf8be06765e992	surrogate/milp_bounds	c127bcd8e5778b4909edd75c31b2df601f40f512065c23108337dfbaaa1c6808	git -C {repo} archive {git_commit} {git_source} | tar -x -C {experiment_root}/{root}/{parent_relative} --strip-components=1
v04-phase5-warehouse-compact-diagnostics-shakedown-3arms-2r-20260613T084629Z-claw	rep01/no-measurement-diagnostics/campaign/workspaces/6cdf0a70-7216-493d-8e42-2d70b437ce73	calibration	8192	5159249fc5312e14035ef1b1c0cf8be06765e992	surrogate/calibration	3c7648f54a6456a5824cc7f18140d3b28226300a12bf3bb4196cde86d8453016	git -C {repo} archive {git_commit} {git_source} | tar -x -C {experiment_root}/{root}/{parent_relative} --strip-components=1
v04-phase5-warehouse-compact-diagnostics-shakedown-3arms-2r-20260613T084629Z-claw	rep01/no-measurement-diagnostics/campaign/workspaces/6cdf0a70-7216-493d-8e42-2d70b437ce73.checkpoint.a0237c95	data	9715712	5159249fc5312e14035ef1b1c0cf8be06765e992	surrogate/data	e39d71899d6b96e6280b4ad0d8207960c6a393f0e0d6e35b5ad77e854d361ea3	git -C {repo} archive {git_commit} {git_source} | tar -x -C {experiment_root}/{root}/{parent_relative} --strip-components=1
v04-phase5-warehouse-compact-diagnostics-shakedown-3arms-2r-20260613T084629Z-claw	rep01/no-measurement-diagnostics/campaign/workspaces/6cdf0a70-7216-493d-8e42-2d70b437ce73.checkpoint.a0237c95	cplex-final-20260426	1015808	5159249fc5312e14035ef1b1c0cf8be06765e992	surrogate/cplex-final-20260426	b992f1c84218d64eee1586a0dd33e47569195cac060659bc3fa7231b098fd29f	git -C {repo} archive {git_commit} {git_source} | tar -x -C {experiment_root}/{root}/{parent_relative} --strip-components=1
v04-phase5-warehouse-compact-diagnostics-shakedown-3arms-2r-20260613T084629Z-claw	rep01/no-measurement-diagnostics/campaign/workspaces/6cdf0a70-7216-493d-8e42-2d70b437ce73.checkpoint.a0237c95	sprint-f4-milp-results	466944	5159249fc5312e14035ef1b1c0cf8be06765e992	surrogate/sprint-f4-milp-results	2a65d92d3876b297da8a70c215e29c02beb12888a6b0cf5782d5b959139ef521	git -C {repo} archive {git_commit} {git_source} | tar -x -C {experiment_root}/{root}/{parent_relative} --strip-components=1
v04-phase5-warehouse-compact-diagnostics-shakedown-3arms-2r-20260613T084629Z-claw	rep01/no-measurement-diagnostics/campaign/workspaces/6cdf0a70-7216-493d-8e42-2d70b437ce73.checkpoint.a0237c95	tests	372736	5159249fc5312e14035ef1b1c0cf8be06765e992	surrogate/tests	6421b91de97dcff6251ebfc4a2c6fac826b3bf9e622f0f3a9a3b51adcbb561a5	git -C {repo} archive {git_commit} {git_source} | tar -x -C {experiment_root}/{root}/{parent_relative} --strip-components=1
v04-phase5-warehouse-compact-diagnostics-shakedown-3arms-2r-20260613T084629Z-claw	rep01/no-measurement-diagnostics/campaign/workspaces/6cdf0a70-7216-493d-8e42-2d70b437ce73.checkpoint.a0237c95	milp_bounds	327680	5159249fc5312e14035ef1b1c0cf8be06765e992	surrogate/milp_bounds	c127bcd8e5778b4909edd75c31b2df601f40f512065c23108337dfbaaa1c6808	git -C {repo} archive {git_commit} {git_source} | tar -x -C {experiment_root}/{root}/{parent_relative} --strip-components=1
v04-phase5-warehouse-compact-diagnostics-shakedown-3arms-2r-20260613T084629Z-claw	rep01/no-measurement-diagnostics/campaign/workspaces/6cdf0a70-7216-493d-8e42-2d70b437ce73.checkpoint.a0237c95	calibration	8192	5159249fc5312e14035ef1b1c0cf8be06765e992	surrogate/calibration	3c7648f54a6456a5824cc7f18140d3b28226300a12bf3bb4196cde86d8453016	git -C {repo} archive {git_commit} {git_source} | tar -x -C {experiment_root}/{root}/{parent_relative} --strip-components=1
v04-phase5-warehouse-promoted-patch-fixed-replay-20260613T074315Z-claw	rep01_no_measurement/materialized/36160e4110f232b1/on	data	9715712	bd8bfd8e020be2a51d1268070870c7ee2ff6b2ce	surrogate/data	e39d71899d6b96e6280b4ad0d8207960c6a393f0e0d6e35b5ad77e854d361ea3	git -C {repo} archive {git_commit} {git_source} | tar -x -C {experiment_root}/{root}/{parent_relative} --strip-components=1
v04-phase5-warehouse-promoted-patch-fixed-replay-20260613T074315Z-claw	rep01_no_measurement/materialized/36160e4110f232b1/on	cplex-final-20260426	1015808	bd8bfd8e020be2a51d1268070870c7ee2ff6b2ce	surrogate/cplex-final-20260426	b992f1c84218d64eee1586a0dd33e47569195cac060659bc3fa7231b098fd29f	git -C {repo} archive {git_commit} {git_source} | tar -x -C {experiment_root}/{root}/{parent_relative} --strip-components=1
v04-phase5-warehouse-promoted-patch-fixed-replay-20260613T074315Z-claw	rep01_no_measurement/materialized/36160e4110f232b1/on	sprint-f4-milp-results	466944	bd8bfd8e020be2a51d1268070870c7ee2ff6b2ce	surrogate/sprint-f4-milp-results	2a65d92d3876b297da8a70c215e29c02beb12888a6b0cf5782d5b959139ef521	git -C {repo} archive {git_commit} {git_source} | tar -x -C {experiment_root}/{root}/{parent_relative} --strip-components=1
v04-phase5-warehouse-promoted-patch-fixed-replay-20260613T074315Z-claw	rep01_no_measurement/materialized/36160e4110f232b1/on	tests	372736	bd8bfd8e020be2a51d1268070870c7ee2ff6b2ce	surrogate/tests	6421b91de97dcff6251ebfc4a2c6fac826b3bf9e622f0f3a9a3b51adcbb561a5	git -C {repo} archive {git_commit} {git_source} | tar -x -C {experiment_root}/{root}/{parent_relative} --strip-components=1
v04-phase5-warehouse-promoted-patch-fixed-replay-20260613T074315Z-claw	rep01_no_measurement/materialized/36160e4110f232b1/on	milp_bounds	327680	bd8bfd8e020be2a51d1268070870c7ee2ff6b2ce	surrogate/milp_bounds	c127bcd8e5778b4909edd75c31b2df601f40f512065c23108337dfbaaa1c6808	git -C {repo} archive {git_commit} {git_source} | tar -x -C {experiment_root}/{root}/{parent_relative} --strip-components=1
v04-phase5-warehouse-promoted-patch-fixed-replay-20260613T074315Z-claw	rep01_no_measurement/materialized/36160e4110f232b1/on	calibration	8192	bd8bfd8e020be2a51d1268070870c7ee2ff6b2ce	surrogate/calibration	3c7648f54a6456a5824cc7f18140d3b28226300a12bf3bb4196cde86d8453016	git -C {repo} archive {git_commit} {git_source} | tar -x -C {experiment_root}/{root}/{parent_relative} --strip-components=1
v04-phase5-warehouse-promoted-patch-fixed-replay-20260613T074315Z-claw	rep01_no_measurement/materialized/36e03941cb7595d1/on	data	9715712	bd8bfd8e020be2a51d1268070870c7ee2ff6b2ce	surrogate/data	e39d71899d6b96e6280b4ad0d8207960c6a393f0e0d6e35b5ad77e854d361ea3	git -C {repo} archive {git_commit} {git_source} | tar -x -C {experiment_root}/{root}/{parent_relative} --strip-components=1
v04-phase5-warehouse-promoted-patch-fixed-replay-20260613T074315Z-claw	rep01_no_measurement/materialized/36e03941cb7595d1/on	cplex-final-20260426	1015808	bd8bfd8e020be2a51d1268070870c7ee2ff6b2ce	surrogate/cplex-final-20260426	b992f1c84218d64eee1586a0dd33e47569195cac060659bc3fa7231b098fd29f	git -C {repo} archive {git_commit} {git_source} | tar -x -C {experiment_root}/{root}/{parent_relative} --strip-components=1
v04-phase5-warehouse-promoted-patch-fixed-replay-20260613T074315Z-claw	rep01_no_measurement/materialized/36e03941cb7595d1/on	sprint-f4-milp-results	466944	bd8bfd8e020be2a51d1268070870c7ee2ff6b2ce	surrogate/sprint-f4-milp-results	2a65d92d3876b297da8a70c215e29c02beb12888a6b0cf5782d5b959139ef521	git -C {repo} archive {git_commit} {git_source} | tar -x -C {experiment_root}/{root}/{parent_relative} --strip-components=1
v04-phase5-warehouse-promoted-patch-fixed-replay-20260613T074315Z-claw	rep01_no_measurement/materialized/36e03941cb7595d1/on	tests	372736	bd8bfd8e020be2a51d1268070870c7ee2ff6b2ce	surrogate/tests	6421b91de97dcff6251ebfc4a2c6fac826b3bf9e622f0f3a9a3b51adcbb561a5	git -C {repo} archive {git_commit} {git_source} | tar -x -C {experiment_root}/{root}/{parent_relative} --strip-components=1
v04-phase5-warehouse-promoted-patch-fixed-replay-20260613T074315Z-claw	rep01_no_measurement/materialized/36e03941cb7595d1/on	milp_bounds	327680	bd8bfd8e020be2a51d1268070870c7ee2ff6b2ce	surrogate/milp_bounds	c127bcd8e5778b4909edd75c31b2df601f40f512065c23108337dfbaaa1c6808	git -C {repo} archive {git_commit} {git_source} | tar -x -C {experiment_root}/{root}/{parent_relative} --strip-components=1
v04-phase5-warehouse-promoted-patch-fixed-replay-20260613T074315Z-claw	rep01_no_measurement/materialized/36e03941cb7595d1/on	calibration	8192	bd8bfd8e020be2a51d1268070870c7ee2ff6b2ce	surrogate/calibration	3c7648f54a6456a5824cc7f18140d3b28226300a12bf3bb4196cde86d8453016	git -C {repo} archive {git_commit} {git_source} | tar -x -C {experiment_root}/{root}/{parent_relative} --strip-components=1
v04-phase5-warehouse-promoted-patch-fixed-replay-20260613T074315Z-claw	rep01_no_measurement/materialized/36e03941cb7595d1/record_only	data	9715712	bd8bfd8e020be2a51d1268070870c7ee2ff6b2ce	surrogate/data	e39d71899d6b96e6280b4ad0d8207960c6a393f0e0d6e35b5ad77e854d361ea3	git -C {repo} archive {git_commit} {git_source} | tar -x -C {experiment_root}/{root}/{parent_relative} --strip-components=1
v04-phase5-warehouse-promoted-patch-fixed-replay-20260613T074315Z-claw	rep01_no_measurement/materialized/36e03941cb7595d1/record_only	cplex-final-20260426	1015808	bd8bfd8e020be2a51d1268070870c7ee2ff6b2ce	surrogate/cplex-final-20260426	b992f1c84218d64eee1586a0dd33e47569195cac060659bc3fa7231b098fd29f	git -C {repo} archive {git_commit} {git_source} | tar -x -C {experiment_root}/{root}/{parent_relative} --strip-components=1
v04-phase5-warehouse-promoted-patch-fixed-replay-20260613T074315Z-claw	rep01_no_measurement/materialized/36e03941cb7595d1/record_only	sprint-f4-milp-results	466944	bd8bfd8e020be2a51d1268070870c7ee2ff6b2ce	surrogate/sprint-f4-milp-results	2a65d92d3876b297da8a70c215e29c02beb12888a6b0cf5782d5b959139ef521	git -C {repo} archive {git_commit} {git_source} | tar -x -C {experiment_root}/{root}/{parent_relative} --strip-components=1
v04-phase5-warehouse-promoted-patch-fixed-replay-20260613T074315Z-claw	rep01_no_measurement/materialized/36e03941cb7595d1/record_only	tests	372736	bd8bfd8e020be2a51d1268070870c7ee2ff6b2ce	surrogate/tests	6421b91de97dcff6251ebfc4a2c6fac826b3bf9e622f0f3a9a3b51adcbb561a5	git -C {repo} archive {git_commit} {git_source} | tar -x -C {experiment_root}/{root}/{parent_relative} --strip-components=1
v04-phase5-warehouse-promoted-patch-fixed-replay-20260613T074315Z-claw	rep01_no_measurement/materialized/36e03941cb7595d1/record_only	milp_bounds	327680	bd8bfd8e020be2a51d1268070870c7ee2ff6b2ce	surrogate/milp_bounds	c127bcd8e5778b4909edd75c31b2df601f40f512065c23108337dfbaaa1c6808	git -C {repo} archive {git_commit} {git_source} | tar -x -C {experiment_root}/{root}/{parent_relative} --strip-components=1
v04-phase5-warehouse-promoted-patch-fixed-replay-20260613T074315Z-claw	rep01_no_measurement/materialized/36e03941cb7595d1/record_only	calibration	8192	bd8bfd8e020be2a51d1268070870c7ee2ff6b2ce	surrogate/calibration	3c7648f54a6456a5824cc7f18140d3b28226300a12bf3bb4196cde86d8453016	git -C {repo} archive {git_commit} {git_source} | tar -x -C {experiment_root}/{root}/{parent_relative} --strip-components=1
v04-phase5-warehouse-promoted-patch-fixed-replay-20260613T074315Z-claw	rep01_no_measurement/materialized/51d8b022d3cacbd7/on	data	9715712	bd8bfd8e020be2a51d1268070870c7ee2ff6b2ce	surrogate/data	e39d71899d6b96e6280b4ad0d8207960c6a393f0e0d6e35b5ad77e854d361ea3	git -C {repo} archive {git_commit} {git_source} | tar -x -C {experiment_root}/{root}/{parent_relative} --strip-components=1
v04-phase5-warehouse-promoted-patch-fixed-replay-20260613T074315Z-claw	rep01_no_measurement/materialized/51d8b022d3cacbd7/on	cplex-final-20260426	1015808	bd8bfd8e020be2a51d1268070870c7ee2ff6b2ce	surrogate/cplex-final-20260426	b992f1c84218d64eee1586a0dd33e47569195cac060659bc3fa7231b098fd29f	git -C {repo} archive {git_commit} {git_source} | tar -x -C {experiment_root}/{root}/{parent_relative} --strip-components=1
v04-phase5-warehouse-promoted-patch-fixed-replay-20260613T074315Z-claw	rep01_no_measurement/materialized/51d8b022d3cacbd7/on	sprint-f4-milp-results	466944	bd8bfd8e020be2a51d1268070870c7ee2ff6b2ce	surrogate/sprint-f4-milp-results	2a65d92d3876b297da8a70c215e29c02beb12888a6b0cf5782d5b959139ef521	git -C {repo} archive {git_commit} {git_source} | tar -x -C {experiment_root}/{root}/{parent_relative} --strip-components=1
v04-phase5-warehouse-promoted-patch-fixed-replay-20260613T074315Z-claw	rep01_no_measurement/materialized/51d8b022d3cacbd7/on	tests	372736	bd8bfd8e020be2a51d1268070870c7ee2ff6b2ce	surrogate/tests	6421b91de97dcff6251ebfc4a2c6fac826b3bf9e622f0f3a9a3b51adcbb561a5	git -C {repo} archive {git_commit} {git_source} | tar -x -C {experiment_root}/{root}/{parent_relative} --strip-components=1
v04-phase5-warehouse-promoted-patch-fixed-replay-20260613T074315Z-claw	rep01_no_measurement/materialized/51d8b022d3cacbd7/on	milp_bounds	327680	bd8bfd8e020be2a51d1268070870c7ee2ff6b2ce	surrogate/milp_bounds	c127bcd8e5778b4909edd75c31b2df601f40f512065c23108337dfbaaa1c6808	git -C {repo} archive {git_commit} {git_source} | tar -x -C {experiment_root}/{root}/{parent_relative} --strip-components=1
v04-phase5-warehouse-promoted-patch-fixed-replay-20260613T074315Z-claw	rep01_no_measurement/materialized/51d8b022d3cacbd7/on	calibration	8192	bd8bfd8e020be2a51d1268070870c7ee2ff6b2ce	surrogate/calibration	3c7648f54a6456a5824cc7f18140d3b28226300a12bf3bb4196cde86d8453016	git -C {repo} archive {git_commit} {git_source} | tar -x -C {experiment_root}/{root}/{parent_relative} --strip-components=1
v04-phase5-warehouse-promoted-patch-fixed-replay-20260613T074315Z-claw	rep01_no_measurement/materialized/51d8b022d3cacbd7/record_only	data	9715712	bd8bfd8e020be2a51d1268070870c7ee2ff6b2ce	surrogate/data	e39d71899d6b96e6280b4ad0d8207960c6a393f0e0d6e35b5ad77e854d361ea3	git -C {repo} archive {git_commit} {git_source} | tar -x -C {experiment_root}/{root}/{parent_relative} --strip-components=1
v04-phase5-warehouse-promoted-patch-fixed-replay-20260613T074315Z-claw	rep01_no_measurement/materialized/51d8b022d3cacbd7/record_only	cplex-final-20260426	1015808	bd8bfd8e020be2a51d1268070870c7ee2ff6b2ce	surrogate/cplex-final-20260426	b992f1c84218d64eee1586a0dd33e47569195cac060659bc3fa7231b098fd29f	git -C {repo} archive {git_commit} {git_source} | tar -x -C {experiment_root}/{root}/{parent_relative} --strip-components=1
v04-phase5-warehouse-promoted-patch-fixed-replay-20260613T074315Z-claw	rep01_no_measurement/materialized/51d8b022d3cacbd7/record_only	sprint-f4-milp-results	466944	bd8bfd8e020be2a51d1268070870c7ee2ff6b2ce	surrogate/sprint-f4-milp-results	2a65d92d3876b297da8a70c215e29c02beb12888a6b0cf5782d5b959139ef521	git -C {repo} archive {git_commit} {git_source} | tar -x -C {experiment_root}/{root}/{parent_relative} --strip-components=1
v04-phase5-warehouse-promoted-patch-fixed-replay-20260613T074315Z-claw	rep01_no_measurement/materialized/51d8b022d3cacbd7/record_only	tests	372736	bd8bfd8e020be2a51d1268070870c7ee2ff6b2ce	surrogate/tests	6421b91de97dcff6251ebfc4a2c6fac826b3bf9e622f0f3a9a3b51adcbb561a5	git -C {repo} archive {git_commit} {git_source} | tar -x -C {experiment_root}/{root}/{parent_relative} --strip-components=1
v04-phase5-warehouse-promoted-patch-fixed-replay-20260613T074315Z-claw	rep01_no_measurement/materialized/51d8b022d3cacbd7/record_only	milp_bounds	327680	bd8bfd8e020be2a51d1268070870c7ee2ff6b2ce	surrogate/milp_bounds	c127bcd8e5778b4909edd75c31b2df601f40f512065c23108337dfbaaa1c6808	git -C {repo} archive {git_commit} {git_source} | tar -x -C {experiment_root}/{root}/{parent_relative} --strip-components=1
v04-phase5-warehouse-promoted-patch-fixed-replay-20260613T074315Z-claw	rep01_no_measurement/materialized/51d8b022d3cacbd7/record_only	calibration	8192	bd8bfd8e020be2a51d1268070870c7ee2ff6b2ce	surrogate/calibration	3c7648f54a6456a5824cc7f18140d3b28226300a12bf3bb4196cde86d8453016	git -C {repo} archive {git_commit} {git_source} | tar -x -C {experiment_root}/{root}/{parent_relative} --strip-components=1
v04-phase5-warehouse-promoted-patch-fixed-replay-20260613T074315Z-claw	rep01_no_measurement/materialized/e509f96296bd33d2/on	data	9715712	bd8bfd8e020be2a51d1268070870c7ee2ff6b2ce	surrogate/data	e39d71899d6b96e6280b4ad0d8207960c6a393f0e0d6e35b5ad77e854d361ea3	git -C {repo} archive {git_commit} {git_source} | tar -x -C {experiment_root}/{root}/{parent_relative} --strip-components=1
v04-phase5-warehouse-promoted-patch-fixed-replay-20260613T074315Z-claw	rep01_no_measurement/materialized/e509f96296bd33d2/on	cplex-final-20260426	1015808	bd8bfd8e020be2a51d1268070870c7ee2ff6b2ce	surrogate/cplex-final-20260426	b992f1c84218d64eee1586a0dd33e47569195cac060659bc3fa7231b098fd29f	git -C {repo} archive {git_commit} {git_source} | tar -x -C {experiment_root}/{root}/{parent_relative} --strip-components=1
v04-phase5-warehouse-promoted-patch-fixed-replay-20260613T074315Z-claw	rep01_no_measurement/materialized/e509f96296bd33d2/on	sprint-f4-milp-results	466944	bd8bfd8e020be2a51d1268070870c7ee2ff6b2ce	surrogate/sprint-f4-milp-results	2a65d92d3876b297da8a70c215e29c02beb12888a6b0cf5782d5b959139ef521	git -C {repo} archive {git_commit} {git_source} | tar -x -C {experiment_root}/{root}/{parent_relative} --strip-components=1
v04-phase5-warehouse-promoted-patch-fixed-replay-20260613T074315Z-claw	rep01_no_measurement/materialized/e509f96296bd33d2/on	tests	372736	bd8bfd8e020be2a51d1268070870c7ee2ff6b2ce	surrogate/tests	6421b91de97dcff6251ebfc4a2c6fac826b3bf9e622f0f3a9a3b51adcbb561a5	git -C {repo} archive {git_commit} {git_source} | tar -x -C {experiment_root}/{root}/{parent_relative} --strip-components=1
v04-phase5-warehouse-promoted-patch-fixed-replay-20260613T074315Z-claw	rep01_no_measurement/materialized/e509f96296bd33d2/on	milp_bounds	327680	bd8bfd8e020be2a51d1268070870c7ee2ff6b2ce	surrogate/milp_bounds	c127bcd8e5778b4909edd75c31b2df601f40f512065c23108337dfbaaa1c6808	git -C {repo} archive {git_commit} {git_source} | tar -x -C {experiment_root}/{root}/{parent_relative} --strip-components=1
v04-phase5-warehouse-promoted-patch-fixed-replay-20260613T074315Z-claw	rep01_no_measurement/materialized/e509f96296bd33d2/on	calibration	8192	bd8bfd8e020be2a51d1268070870c7ee2ff6b2ce	surrogate/calibration	3c7648f54a6456a5824cc7f18140d3b28226300a12bf3bb4196cde86d8453016	git -C {repo} archive {git_commit} {git_source} | tar -x -C {experiment_root}/{root}/{parent_relative} --strip-components=1
v04-phase5-warehouse-promoted-patch-fixed-replay-20260613T074315Z-claw	rep01_no_measurement/materialized/e509f96296bd33d2/record_only	data	9715712	bd8bfd8e020be2a51d1268070870c7ee2ff6b2ce	surrogate/data	e39d71899d6b96e6280b4ad0d8207960c6a393f0e0d6e35b5ad77e854d361ea3	git -C {repo} archive {git_commit} {git_source} | tar -x -C {experiment_root}/{root}/{parent_relative} --strip-components=1
v04-phase5-warehouse-promoted-patch-fixed-replay-20260613T074315Z-claw	rep01_no_measurement/materialized/e509f96296bd33d2/record_only	cplex-final-20260426	1015808	bd8bfd8e020be2a51d1268070870c7ee2ff6b2ce	surrogate/cplex-final-20260426	b992f1c84218d64eee1586a0dd33e47569195cac060659bc3fa7231b098fd29f	git -C {repo} archive {git_commit} {git_source} | tar -x -C {experiment_root}/{root}/{parent_relative} --strip-components=1
v04-phase5-warehouse-promoted-patch-fixed-replay-20260613T074315Z-claw	rep01_no_measurement/materialized/e509f96296bd33d2/record_only	sprint-f4-milp-results	466944	bd8bfd8e020be2a51d1268070870c7ee2ff6b2ce	surrogate/sprint-f4-milp-results	2a65d92d3876b297da8a70c215e29c02beb12888a6b0cf5782d5b959139ef521	git -C {repo} archive {git_commit} {git_source} | tar -x -C {experiment_root}/{root}/{parent_relative} --strip-components=1
v04-phase5-warehouse-promoted-patch-fixed-replay-20260613T074315Z-claw	rep01_no_measurement/materialized/e509f96296bd33d2/record_only	tests	372736	bd8bfd8e020be2a51d1268070870c7ee2ff6b2ce	surrogate/tests	6421b91de97dcff6251ebfc4a2c6fac826b3bf9e622f0f3a9a3b51adcbb561a5	git -C {repo} archive {git_commit} {git_source} | tar -x -C {experiment_root}/{root}/{parent_relative} --strip-components=1
v04-phase5-warehouse-promoted-patch-fixed-replay-20260613T074315Z-claw	rep01_no_measurement/materialized/e509f96296bd33d2/record_only	milp_bounds	327680	bd8bfd8e020be2a51d1268070870c7ee2ff6b2ce	surrogate/milp_bounds	c127bcd8e5778b4909edd75c31b2df601f40f512065c23108337dfbaaa1c6808	git -C {repo} archive {git_commit} {git_source} | tar -x -C {experiment_root}/{root}/{parent_relative} --strip-components=1
v04-phase5-warehouse-promoted-patch-fixed-replay-20260613T074315Z-claw	rep01_no_measurement/materialized/e509f96296bd33d2/record_only	calibration	8192	bd8bfd8e020be2a51d1268070870c7ee2ff6b2ce	surrogate/calibration	3c7648f54a6456a5824cc7f18140d3b28226300a12bf3bb4196cde86d8453016	git -C {repo} archive {git_commit} {git_source} | tar -x -C {experiment_root}/{root}/{parent_relative} --strip-components=1
v04-phase5-warehouse-reconstructed-rep04-fixed-replay-20260613T081722Z-claw	artifact:champion_v1#051472acf47c	data	9715712	bd8bfd8e020be2a51d1268070870c7ee2ff6b2ce	surrogate/data	e39d71899d6b96e6280b4ad0d8207960c6a393f0e0d6e35b5ad77e854d361ea3	git -C {repo} archive {git_commit} {git_source} | tar -x -C {experiment_root}/{root}/{parent_relative} --strip-components=1
v04-phase5-warehouse-reconstructed-rep04-fixed-replay-20260613T081722Z-claw	artifact:champion_v1#051472acf47c	cplex-final-20260426	1015808	bd8bfd8e020be2a51d1268070870c7ee2ff6b2ce	surrogate/cplex-final-20260426	b992f1c84218d64eee1586a0dd33e47569195cac060659bc3fa7231b098fd29f	git -C {repo} archive {git_commit} {git_source} | tar -x -C {experiment_root}/{root}/{parent_relative} --strip-components=1
v04-phase5-warehouse-reconstructed-rep04-fixed-replay-20260613T081722Z-claw	artifact:champion_v1#051472acf47c	sprint-f4-milp-results	466944	bd8bfd8e020be2a51d1268070870c7ee2ff6b2ce	surrogate/sprint-f4-milp-results	2a65d92d3876b297da8a70c215e29c02beb12888a6b0cf5782d5b959139ef521	git -C {repo} archive {git_commit} {git_source} | tar -x -C {experiment_root}/{root}/{parent_relative} --strip-components=1
v04-phase5-warehouse-reconstructed-rep04-fixed-replay-20260613T081722Z-claw	artifact:champion_v1#051472acf47c	tests	372736	bd8bfd8e020be2a51d1268070870c7ee2ff6b2ce	surrogate/tests	6421b91de97dcff6251ebfc4a2c6fac826b3bf9e622f0f3a9a3b51adcbb561a5	git -C {repo} archive {git_commit} {git_source} | tar -x -C {experiment_root}/{root}/{parent_relative} --strip-components=1
v04-phase5-warehouse-reconstructed-rep04-fixed-replay-20260613T081722Z-claw	artifact:champion_v1#051472acf47c	milp_bounds	327680	bd8bfd8e020be2a51d1268070870c7ee2ff6b2ce	surrogate/milp_bounds	c127bcd8e5778b4909edd75c31b2df601f40f512065c23108337dfbaaa1c6808	git -C {repo} archive {git_commit} {git_source} | tar -x -C {experiment_root}/{root}/{parent_relative} --strip-components=1
v04-phase5-warehouse-reconstructed-rep04-fixed-replay-20260613T081722Z-claw	artifact:champion_v1#051472acf47c	calibration	8192	bd8bfd8e020be2a51d1268070870c7ee2ff6b2ce	surrogate/calibration	3c7648f54a6456a5824cc7f18140d3b28226300a12bf3bb4196cde86d8453016	git -C {repo} archive {git_commit} {git_source} | tar -x -C {experiment_root}/{root}/{parent_relative} --strip-components=1
v04-phase5-warehouse-reconstructed-rep04-fixed-replay-20260613T081722Z-claw	replay_corrected/materialized/2acf36e8e8709eb6/on	data	9715712	bd8bfd8e020be2a51d1268070870c7ee2ff6b2ce	surrogate/data	e39d71899d6b96e6280b4ad0d8207960c6a393f0e0d6e35b5ad77e854d361ea3	git -C {repo} archive {git_commit} {git_source} | tar -x -C {experiment_root}/{root}/{parent_relative} --strip-components=1
v04-phase5-warehouse-reconstructed-rep04-fixed-replay-20260613T081722Z-claw	replay_corrected/materialized/2acf36e8e8709eb6/on	cplex-final-20260426	1015808	bd8bfd8e020be2a51d1268070870c7ee2ff6b2ce	surrogate/cplex-final-20260426	b992f1c84218d64eee1586a0dd33e47569195cac060659bc3fa7231b098fd29f	git -C {repo} archive {git_commit} {git_source} | tar -x -C {experiment_root}/{root}/{parent_relative} --strip-components=1
v04-phase5-warehouse-reconstructed-rep04-fixed-replay-20260613T081722Z-claw	replay_corrected/materialized/2acf36e8e8709eb6/on	sprint-f4-milp-results	466944	bd8bfd8e020be2a51d1268070870c7ee2ff6b2ce	surrogate/sprint-f4-milp-results	2a65d92d3876b297da8a70c215e29c02beb12888a6b0cf5782d5b959139ef521	git -C {repo} archive {git_commit} {git_source} | tar -x -C {experiment_root}/{root}/{parent_relative} --strip-components=1
v04-phase5-warehouse-reconstructed-rep04-fixed-replay-20260613T081722Z-claw	replay_corrected/materialized/2acf36e8e8709eb6/on	tests	372736	bd8bfd8e020be2a51d1268070870c7ee2ff6b2ce	surrogate/tests	6421b91de97dcff6251ebfc4a2c6fac826b3bf9e622f0f3a9a3b51adcbb561a5	git -C {repo} archive {git_commit} {git_source} | tar -x -C {experiment_root}/{root}/{parent_relative} --strip-components=1
v04-phase5-warehouse-reconstructed-rep04-fixed-replay-20260613T081722Z-claw	replay_corrected/materialized/2acf36e8e8709eb6/on	milp_bounds	327680	bd8bfd8e020be2a51d1268070870c7ee2ff6b2ce	surrogate/milp_bounds	c127bcd8e5778b4909edd75c31b2df601f40f512065c23108337dfbaaa1c6808	git -C {repo} archive {git_commit} {git_source} | tar -x -C {experiment_root}/{root}/{parent_relative} --strip-components=1
v04-phase5-warehouse-reconstructed-rep04-fixed-replay-20260613T081722Z-claw	replay_corrected/materialized/2acf36e8e8709eb6/on	calibration	8192	bd8bfd8e020be2a51d1268070870c7ee2ff6b2ce	surrogate/calibration	3c7648f54a6456a5824cc7f18140d3b28226300a12bf3bb4196cde86d8453016	git -C {repo} archive {git_commit} {git_source} | tar -x -C {experiment_root}/{root}/{parent_relative} --strip-components=1
v04-phase5-warehouse-reconstructed-rep04-fixed-replay-20260613T081722Z-claw	replay_corrected/materialized/2acf36e8e8709eb6/record_only	data	9715712	bd8bfd8e020be2a51d1268070870c7ee2ff6b2ce	surrogate/data	e39d71899d6b96e6280b4ad0d8207960c6a393f0e0d6e35b5ad77e854d361ea3	git -C {repo} archive {git_commit} {git_source} | tar -x -C {experiment_root}/{root}/{parent_relative} --strip-components=1
v04-phase5-warehouse-reconstructed-rep04-fixed-replay-20260613T081722Z-claw	replay_corrected/materialized/2acf36e8e8709eb6/record_only	cplex-final-20260426	1015808	bd8bfd8e020be2a51d1268070870c7ee2ff6b2ce	surrogate/cplex-final-20260426	b992f1c84218d64eee1586a0dd33e47569195cac060659bc3fa7231b098fd29f	git -C {repo} archive {git_commit} {git_source} | tar -x -C {experiment_root}/{root}/{parent_relative} --strip-components=1
v04-phase5-warehouse-reconstructed-rep04-fixed-replay-20260613T081722Z-claw	replay_corrected/materialized/2acf36e8e8709eb6/record_only	sprint-f4-milp-results	466944	bd8bfd8e020be2a51d1268070870c7ee2ff6b2ce	surrogate/sprint-f4-milp-results	2a65d92d3876b297da8a70c215e29c02beb12888a6b0cf5782d5b959139ef521	git -C {repo} archive {git_commit} {git_source} | tar -x -C {experiment_root}/{root}/{parent_relative} --strip-components=1
v04-phase5-warehouse-reconstructed-rep04-fixed-replay-20260613T081722Z-claw	replay_corrected/materialized/2acf36e8e8709eb6/record_only	tests	372736	bd8bfd8e020be2a51d1268070870c7ee2ff6b2ce	surrogate/tests	6421b91de97dcff6251ebfc4a2c6fac826b3bf9e622f0f3a9a3b51adcbb561a5	git -C {repo} archive {git_commit} {git_source} | tar -x -C {experiment_root}/{root}/{parent_relative} --strip-components=1
v04-phase5-warehouse-reconstructed-rep04-fixed-replay-20260613T081722Z-claw	replay_corrected/materialized/2acf36e8e8709eb6/record_only	milp_bounds	327680	bd8bfd8e020be2a51d1268070870c7ee2ff6b2ce	surrogate/milp_bounds	c127bcd8e5778b4909edd75c31b2df601f40f512065c23108337dfbaaa1c6808	git -C {repo} archive {git_commit} {git_source} | tar -x -C {experiment_root}/{root}/{parent_relative} --strip-components=1
v04-phase5-warehouse-reconstructed-rep04-fixed-replay-20260613T081722Z-claw	replay_corrected/materialized/2acf36e8e8709eb6/record_only	calibration	8192	bd8bfd8e020be2a51d1268070870c7ee2ff6b2ce	surrogate/calibration	3c7648f54a6456a5824cc7f18140d3b28226300a12bf3bb4196cde86d8453016	git -C {repo} archive {git_commit} {git_source} | tar -x -C {experiment_root}/{root}/{parent_relative} --strip-components=1
v04-phase5-warehouse-reconstructed-rep04-fixed-replay-20260613T081722Z-claw	replay_corrected_prod/materialized/2acf36e8e8709eb6/on	data	9715712	bd8bfd8e020be2a51d1268070870c7ee2ff6b2ce	surrogate/data	e39d71899d6b96e6280b4ad0d8207960c6a393f0e0d6e35b5ad77e854d361ea3	git -C {repo} archive {git_commit} {git_source} | tar -x -C {experiment_root}/{root}/{parent_relative} --strip-components=1
v04-phase5-warehouse-reconstructed-rep04-fixed-replay-20260613T081722Z-claw	replay_corrected_prod/materialized/2acf36e8e8709eb6/on	cplex-final-20260426	1015808	bd8bfd8e020be2a51d1268070870c7ee2ff6b2ce	surrogate/cplex-final-20260426	b992f1c84218d64eee1586a0dd33e47569195cac060659bc3fa7231b098fd29f	git -C {repo} archive {git_commit} {git_source} | tar -x -C {experiment_root}/{root}/{parent_relative} --strip-components=1
v04-phase5-warehouse-reconstructed-rep04-fixed-replay-20260613T081722Z-claw	replay_corrected_prod/materialized/2acf36e8e8709eb6/on	sprint-f4-milp-results	466944	bd8bfd8e020be2a51d1268070870c7ee2ff6b2ce	surrogate/sprint-f4-milp-results	2a65d92d3876b297da8a70c215e29c02beb12888a6b0cf5782d5b959139ef521	git -C {repo} archive {git_commit} {git_source} | tar -x -C {experiment_root}/{root}/{parent_relative} --strip-components=1
v04-phase5-warehouse-reconstructed-rep04-fixed-replay-20260613T081722Z-claw	replay_corrected_prod/materialized/2acf36e8e8709eb6/on	tests	372736	bd8bfd8e020be2a51d1268070870c7ee2ff6b2ce	surrogate/tests	6421b91de97dcff6251ebfc4a2c6fac826b3bf9e622f0f3a9a3b51adcbb561a5	git -C {repo} archive {git_commit} {git_source} | tar -x -C {experiment_root}/{root}/{parent_relative} --strip-components=1
v04-phase5-warehouse-reconstructed-rep04-fixed-replay-20260613T081722Z-claw	replay_corrected_prod/materialized/2acf36e8e8709eb6/on	milp_bounds	327680	bd8bfd8e020be2a51d1268070870c7ee2ff6b2ce	surrogate/milp_bounds	c127bcd8e5778b4909edd75c31b2df601f40f512065c23108337dfbaaa1c6808	git -C {repo} archive {git_commit} {git_source} | tar -x -C {experiment_root}/{root}/{parent_relative} --strip-components=1
v04-phase5-warehouse-reconstructed-rep04-fixed-replay-20260613T081722Z-claw	replay_corrected_prod/materialized/2acf36e8e8709eb6/on	calibration	8192	bd8bfd8e020be2a51d1268070870c7ee2ff6b2ce	surrogate/calibration	3c7648f54a6456a5824cc7f18140d3b28226300a12bf3bb4196cde86d8453016	git -C {repo} archive {git_commit} {git_source} | tar -x -C {experiment_root}/{root}/{parent_relative} --strip-components=1
v04-phase5-warehouse-reconstructed-rep04-fixed-replay-20260613T081722Z-claw	replay_corrected_prod/materialized/2acf36e8e8709eb6/record_only	data	9715712	bd8bfd8e020be2a51d1268070870c7ee2ff6b2ce	surrogate/data	e39d71899d6b96e6280b4ad0d8207960c6a393f0e0d6e35b5ad77e854d361ea3	git -C {repo} archive {git_commit} {git_source} | tar -x -C {experiment_root}/{root}/{parent_relative} --strip-components=1
v04-phase5-warehouse-reconstructed-rep04-fixed-replay-20260613T081722Z-claw	replay_corrected_prod/materialized/2acf36e8e8709eb6/record_only	cplex-final-20260426	1015808	bd8bfd8e020be2a51d1268070870c7ee2ff6b2ce	surrogate/cplex-final-20260426	b992f1c84218d64eee1586a0dd33e47569195cac060659bc3fa7231b098fd29f	git -C {repo} archive {git_commit} {git_source} | tar -x -C {experiment_root}/{root}/{parent_relative} --strip-components=1
v04-phase5-warehouse-reconstructed-rep04-fixed-replay-20260613T081722Z-claw	replay_corrected_prod/materialized/2acf36e8e8709eb6/record_only	sprint-f4-milp-results	466944	bd8bfd8e020be2a51d1268070870c7ee2ff6b2ce	surrogate/sprint-f4-milp-results	2a65d92d3876b297da8a70c215e29c02beb12888a6b0cf5782d5b959139ef521	git -C {repo} archive {git_commit} {git_source} | tar -x -C {experiment_root}/{root}/{parent_relative} --strip-components=1
v04-phase5-warehouse-reconstructed-rep04-fixed-replay-20260613T081722Z-claw	replay_corrected_prod/materialized/2acf36e8e8709eb6/record_only	tests	372736	bd8bfd8e020be2a51d1268070870c7ee2ff6b2ce	surrogate/tests	6421b91de97dcff6251ebfc4a2c6fac826b3bf9e622f0f3a9a3b51adcbb561a5	git -C {repo} archive {git_commit} {git_source} | tar -x -C {experiment_root}/{root}/{parent_relative} --strip-components=1
v04-phase5-warehouse-reconstructed-rep04-fixed-replay-20260613T081722Z-claw	replay_corrected_prod/materialized/2acf36e8e8709eb6/record_only	milp_bounds	327680	bd8bfd8e020be2a51d1268070870c7ee2ff6b2ce	surrogate/milp_bounds	c127bcd8e5778b4909edd75c31b2df601f40f512065c23108337dfbaaa1c6808	git -C {repo} archive {git_commit} {git_source} | tar -x -C {experiment_root}/{root}/{parent_relative} --strip-components=1
v04-phase5-warehouse-reconstructed-rep04-fixed-replay-20260613T081722Z-claw	replay_corrected_prod/materialized/2acf36e8e8709eb6/record_only	calibration	8192	bd8bfd8e020be2a51d1268070870c7ee2ff6b2ce	surrogate/calibration	3c7648f54a6456a5824cc7f18140d3b28226300a12bf3bb4196cde86d8453016	git -C {repo} archive {git_commit} {git_source} | tar -x -C {experiment_root}/{root}/{parent_relative} --strip-components=1
v04-phase5-warehouse-reconstructed-rep04-fixed-replay-20260613T081722Z-claw	replay_corrected_v1/materialized/2acf36e8e8709eb6/on	data	9715712	bd8bfd8e020be2a51d1268070870c7ee2ff6b2ce	surrogate/data	e39d71899d6b96e6280b4ad0d8207960c6a393f0e0d6e35b5ad77e854d361ea3	git -C {repo} archive {git_commit} {git_source} | tar -x -C {experiment_root}/{root}/{parent_relative} --strip-components=1
v04-phase5-warehouse-reconstructed-rep04-fixed-replay-20260613T081722Z-claw	replay_corrected_v1/materialized/2acf36e8e8709eb6/on	cplex-final-20260426	1015808	bd8bfd8e020be2a51d1268070870c7ee2ff6b2ce	surrogate/cplex-final-20260426	b992f1c84218d64eee1586a0dd33e47569195cac060659bc3fa7231b098fd29f	git -C {repo} archive {git_commit} {git_source} | tar -x -C {experiment_root}/{root}/{parent_relative} --strip-components=1
v04-phase5-warehouse-reconstructed-rep04-fixed-replay-20260613T081722Z-claw	replay_corrected_v1/materialized/2acf36e8e8709eb6/on	sprint-f4-milp-results	466944	bd8bfd8e020be2a51d1268070870c7ee2ff6b2ce	surrogate/sprint-f4-milp-results	2a65d92d3876b297da8a70c215e29c02beb12888a6b0cf5782d5b959139ef521	git -C {repo} archive {git_commit} {git_source} | tar -x -C {experiment_root}/{root}/{parent_relative} --strip-components=1
v04-phase5-warehouse-reconstructed-rep04-fixed-replay-20260613T081722Z-claw	replay_corrected_v1/materialized/2acf36e8e8709eb6/on	tests	372736	bd8bfd8e020be2a51d1268070870c7ee2ff6b2ce	surrogate/tests	6421b91de97dcff6251ebfc4a2c6fac826b3bf9e622f0f3a9a3b51adcbb561a5	git -C {repo} archive {git_commit} {git_source} | tar -x -C {experiment_root}/{root}/{parent_relative} --strip-components=1
v04-phase5-warehouse-reconstructed-rep04-fixed-replay-20260613T081722Z-claw	replay_corrected_v1/materialized/2acf36e8e8709eb6/on	milp_bounds	327680	bd8bfd8e020be2a51d1268070870c7ee2ff6b2ce	surrogate/milp_bounds	c127bcd8e5778b4909edd75c31b2df601f40f512065c23108337dfbaaa1c6808	git -C {repo} archive {git_commit} {git_source} | tar -x -C {experiment_root}/{root}/{parent_relative} --strip-components=1
v04-phase5-warehouse-reconstructed-rep04-fixed-replay-20260613T081722Z-claw	replay_corrected_v1/materialized/2acf36e8e8709eb6/on	calibration	8192	bd8bfd8e020be2a51d1268070870c7ee2ff6b2ce	surrogate/calibration	3c7648f54a6456a5824cc7f18140d3b28226300a12bf3bb4196cde86d8453016	git -C {repo} archive {git_commit} {git_source} | tar -x -C {experiment_root}/{root}/{parent_relative} --strip-components=1
v04-phase5-warehouse-reconstructed-rep04-fixed-replay-20260613T081722Z-claw	replay_corrected_v1/materialized/2acf36e8e8709eb6/record_only	data	9715712	bd8bfd8e020be2a51d1268070870c7ee2ff6b2ce	surrogate/data	e39d71899d6b96e6280b4ad0d8207960c6a393f0e0d6e35b5ad77e854d361ea3	git -C {repo} archive {git_commit} {git_source} | tar -x -C {experiment_root}/{root}/{parent_relative} --strip-components=1
v04-phase5-warehouse-reconstructed-rep04-fixed-replay-20260613T081722Z-claw	replay_corrected_v1/materialized/2acf36e8e8709eb6/record_only	cplex-final-20260426	1015808	bd8bfd8e020be2a51d1268070870c7ee2ff6b2ce	surrogate/cplex-final-20260426	b992f1c84218d64eee1586a0dd33e47569195cac060659bc3fa7231b098fd29f	git -C {repo} archive {git_commit} {git_source} | tar -x -C {experiment_root}/{root}/{parent_relative} --strip-components=1
v04-phase5-warehouse-reconstructed-rep04-fixed-replay-20260613T081722Z-claw	replay_corrected_v1/materialized/2acf36e8e8709eb6/record_only	sprint-f4-milp-results	466944	bd8bfd8e020be2a51d1268070870c7ee2ff6b2ce	surrogate/sprint-f4-milp-results	2a65d92d3876b297da8a70c215e29c02beb12888a6b0cf5782d5b959139ef521	git -C {repo} archive {git_commit} {git_source} | tar -x -C {experiment_root}/{root}/{parent_relative} --strip-components=1
v04-phase5-warehouse-reconstructed-rep04-fixed-replay-20260613T081722Z-claw	replay_corrected_v1/materialized/2acf36e8e8709eb6/record_only	tests	372736	bd8bfd8e020be2a51d1268070870c7ee2ff6b2ce	surrogate/tests	6421b91de97dcff6251ebfc4a2c6fac826b3bf9e622f0f3a9a3b51adcbb561a5	git -C {repo} archive {git_commit} {git_source} | tar -x -C {experiment_root}/{root}/{parent_relative} --strip-components=1
v04-phase5-warehouse-reconstructed-rep04-fixed-replay-20260613T081722Z-claw	replay_corrected_v1/materialized/2acf36e8e8709eb6/record_only	milp_bounds	327680	bd8bfd8e020be2a51d1268070870c7ee2ff6b2ce	surrogate/milp_bounds	c127bcd8e5778b4909edd75c31b2df601f40f512065c23108337dfbaaa1c6808	git -C {repo} archive {git_commit} {git_source} | tar -x -C {experiment_root}/{root}/{parent_relative} --strip-components=1
v04-phase5-warehouse-reconstructed-rep04-fixed-replay-20260613T081722Z-claw	replay_corrected_v1/materialized/2acf36e8e8709eb6/record_only	calibration	8192	bd8bfd8e020be2a51d1268070870c7ee2ff6b2ce	surrogate/calibration	3c7648f54a6456a5824cc7f18140d3b28226300a12bf3bb4196cde86d8453016	git -C {repo} archive {git_commit} {git_source} | tar -x -C {experiment_root}/{root}/{parent_relative} --strip-components=1
v04-phase5-warehouse-promoted-only-fixed-replay-20260613T075754Z-claw	rep01_no_measurement/materialized/e509f96296bd33d2/on	data	9715712	bd8bfd8e020be2a51d1268070870c7ee2ff6b2ce	surrogate/data	e39d71899d6b96e6280b4ad0d8207960c6a393f0e0d6e35b5ad77e854d361ea3	git -C {repo} archive {git_commit} {git_source} | tar -x -C {experiment_root}/{root}/{parent_relative} --strip-components=1
v04-phase5-warehouse-promoted-only-fixed-replay-20260613T075754Z-claw	rep01_no_measurement/materialized/e509f96296bd33d2/on	cplex-final-20260426	1015808	bd8bfd8e020be2a51d1268070870c7ee2ff6b2ce	surrogate/cplex-final-20260426	b992f1c84218d64eee1586a0dd33e47569195cac060659bc3fa7231b098fd29f	git -C {repo} archive {git_commit} {git_source} | tar -x -C {experiment_root}/{root}/{parent_relative} --strip-components=1
v04-phase5-warehouse-promoted-only-fixed-replay-20260613T075754Z-claw	rep01_no_measurement/materialized/e509f96296bd33d2/on	sprint-f4-milp-results	466944	bd8bfd8e020be2a51d1268070870c7ee2ff6b2ce	surrogate/sprint-f4-milp-results	2a65d92d3876b297da8a70c215e29c02beb12888a6b0cf5782d5b959139ef521	git -C {repo} archive {git_commit} {git_source} | tar -x -C {experiment_root}/{root}/{parent_relative} --strip-components=1
v04-phase5-warehouse-promoted-only-fixed-replay-20260613T075754Z-claw	rep01_no_measurement/materialized/e509f96296bd33d2/on	tests	372736	bd8bfd8e020be2a51d1268070870c7ee2ff6b2ce	surrogate/tests	6421b91de97dcff6251ebfc4a2c6fac826b3bf9e622f0f3a9a3b51adcbb561a5	git -C {repo} archive {git_commit} {git_source} | tar -x -C {experiment_root}/{root}/{parent_relative} --strip-components=1
v04-phase5-warehouse-promoted-only-fixed-replay-20260613T075754Z-claw	rep01_no_measurement/materialized/e509f96296bd33d2/on	milp_bounds	327680	bd8bfd8e020be2a51d1268070870c7ee2ff6b2ce	surrogate/milp_bounds	c127bcd8e5778b4909edd75c31b2df601f40f512065c23108337dfbaaa1c6808	git -C {repo} archive {git_commit} {git_source} | tar -x -C {experiment_root}/{root}/{parent_relative} --strip-components=1
v04-phase5-warehouse-promoted-only-fixed-replay-20260613T075754Z-claw	rep01_no_measurement/materialized/e509f96296bd33d2/on	calibration	8192	bd8bfd8e020be2a51d1268070870c7ee2ff6b2ce	surrogate/calibration	3c7648f54a6456a5824cc7f18140d3b28226300a12bf3bb4196cde86d8453016	git -C {repo} archive {git_commit} {git_source} | tar -x -C {experiment_root}/{root}/{parent_relative} --strip-components=1
v04-phase5-warehouse-promoted-only-fixed-replay-20260613T075754Z-claw	rep01_no_measurement/materialized/e509f96296bd33d2/record_only	data	9715712	bd8bfd8e020be2a51d1268070870c7ee2ff6b2ce	surrogate/data	e39d71899d6b96e6280b4ad0d8207960c6a393f0e0d6e35b5ad77e854d361ea3	git -C {repo} archive {git_commit} {git_source} | tar -x -C {experiment_root}/{root}/{parent_relative} --strip-components=1
v04-phase5-warehouse-promoted-only-fixed-replay-20260613T075754Z-claw	rep01_no_measurement/materialized/e509f96296bd33d2/record_only	cplex-final-20260426	1015808	bd8bfd8e020be2a51d1268070870c7ee2ff6b2ce	surrogate/cplex-final-20260426	b992f1c84218d64eee1586a0dd33e47569195cac060659bc3fa7231b098fd29f	git -C {repo} archive {git_commit} {git_source} | tar -x -C {experiment_root}/{root}/{parent_relative} --strip-components=1
v04-phase5-warehouse-promoted-only-fixed-replay-20260613T075754Z-claw	rep01_no_measurement/materialized/e509f96296bd33d2/record_only	sprint-f4-milp-results	466944	bd8bfd8e020be2a51d1268070870c7ee2ff6b2ce	surrogate/sprint-f4-milp-results	2a65d92d3876b297da8a70c215e29c02beb12888a6b0cf5782d5b959139ef521	git -C {repo} archive {git_commit} {git_source} | tar -x -C {experiment_root}/{root}/{parent_relative} --strip-components=1
v04-phase5-warehouse-promoted-only-fixed-replay-20260613T075754Z-claw	rep01_no_measurement/materialized/e509f96296bd33d2/record_only	tests	372736	bd8bfd8e020be2a51d1268070870c7ee2ff6b2ce	surrogate/tests	6421b91de97dcff6251ebfc4a2c6fac826b3bf9e622f0f3a9a3b51adcbb561a5	git -C {repo} archive {git_commit} {git_source} | tar -x -C {experiment_root}/{root}/{parent_relative} --strip-components=1
v04-phase5-warehouse-promoted-only-fixed-replay-20260613T075754Z-claw	rep01_no_measurement/materialized/e509f96296bd33d2/record_only	milp_bounds	327680	bd8bfd8e020be2a51d1268070870c7ee2ff6b2ce	surrogate/milp_bounds	c127bcd8e5778b4909edd75c31b2df601f40f512065c23108337dfbaaa1c6808	git -C {repo} archive {git_commit} {git_source} | tar -x -C {experiment_root}/{root}/{parent_relative} --strip-components=1
v04-phase5-warehouse-promoted-only-fixed-replay-20260613T075754Z-claw	rep01_no_measurement/materialized/e509f96296bd33d2/record_only	calibration	8192	bd8bfd8e020be2a51d1268070870c7ee2ff6b2ce	surrogate/calibration	3c7648f54a6456a5824cc7f18140d3b28226300a12bf3bb4196cde86d8453016	git -C {repo} archive {git_commit} {git_source} | tar -x -C {experiment_root}/{root}/{parent_relative} --strip-components=1
v04-phase5-warehouse-promoted-only-fixed-replay-20260613T075754Z-claw	rep04_no_measurement/materialized/d27b539b2b540a74/on	data	9715712	bd8bfd8e020be2a51d1268070870c7ee2ff6b2ce	surrogate/data	e39d71899d6b96e6280b4ad0d8207960c6a393f0e0d6e35b5ad77e854d361ea3	git -C {repo} archive {git_commit} {git_source} | tar -x -C {experiment_root}/{root}/{parent_relative} --strip-components=1
v04-phase5-warehouse-promoted-only-fixed-replay-20260613T075754Z-claw	rep04_no_measurement/materialized/d27b539b2b540a74/on	cplex-final-20260426	1015808	bd8bfd8e020be2a51d1268070870c7ee2ff6b2ce	surrogate/cplex-final-20260426	b992f1c84218d64eee1586a0dd33e47569195cac060659bc3fa7231b098fd29f	git -C {repo} archive {git_commit} {git_source} | tar -x -C {experiment_root}/{root}/{parent_relative} --strip-components=1
v04-phase5-warehouse-promoted-only-fixed-replay-20260613T075754Z-claw	rep04_no_measurement/materialized/d27b539b2b540a74/on	sprint-f4-milp-results	466944	bd8bfd8e020be2a51d1268070870c7ee2ff6b2ce	surrogate/sprint-f4-milp-results	2a65d92d3876b297da8a70c215e29c02beb12888a6b0cf5782d5b959139ef521	git -C {repo} archive {git_commit} {git_source} | tar -x -C {experiment_root}/{root}/{parent_relative} --strip-components=1
v04-phase5-warehouse-promoted-only-fixed-replay-20260613T075754Z-claw	rep04_no_measurement/materialized/d27b539b2b540a74/on	tests	372736	bd8bfd8e020be2a51d1268070870c7ee2ff6b2ce	surrogate/tests	6421b91de97dcff6251ebfc4a2c6fac826b3bf9e622f0f3a9a3b51adcbb561a5	git -C {repo} archive {git_commit} {git_source} | tar -x -C {experiment_root}/{root}/{parent_relative} --strip-components=1
v04-phase5-warehouse-promoted-only-fixed-replay-20260613T075754Z-claw	rep04_no_measurement/materialized/d27b539b2b540a74/on	milp_bounds	327680	bd8bfd8e020be2a51d1268070870c7ee2ff6b2ce	surrogate/milp_bounds	c127bcd8e5778b4909edd75c31b2df601f40f512065c23108337dfbaaa1c6808	git -C {repo} archive {git_commit} {git_source} | tar -x -C {experiment_root}/{root}/{parent_relative} --strip-components=1
v04-phase5-warehouse-promoted-only-fixed-replay-20260613T075754Z-claw	rep04_no_measurement/materialized/d27b539b2b540a74/on	calibration	8192	bd8bfd8e020be2a51d1268070870c7ee2ff6b2ce	surrogate/calibration	3c7648f54a6456a5824cc7f18140d3b28226300a12bf3bb4196cde86d8453016	git -C {repo} archive {git_commit} {git_source} | tar -x -C {experiment_root}/{root}/{parent_relative} --strip-components=1
v04-phase5-warehouse-promoted-only-fixed-replay-20260613T075754Z-claw	rep04_no_measurement/materialized/d27b539b2b540a74/record_only	data	9715712	bd8bfd8e020be2a51d1268070870c7ee2ff6b2ce	surrogate/data	e39d71899d6b96e6280b4ad0d8207960c6a393f0e0d6e35b5ad77e854d361ea3	git -C {repo} archive {git_commit} {git_source} | tar -x -C {experiment_root}/{root}/{parent_relative} --strip-components=1
v04-phase5-warehouse-promoted-only-fixed-replay-20260613T075754Z-claw	rep04_no_measurement/materialized/d27b539b2b540a74/record_only	cplex-final-20260426	1015808	bd8bfd8e020be2a51d1268070870c7ee2ff6b2ce	surrogate/cplex-final-20260426	b992f1c84218d64eee1586a0dd33e47569195cac060659bc3fa7231b098fd29f	git -C {repo} archive {git_commit} {git_source} | tar -x -C {experiment_root}/{root}/{parent_relative} --strip-components=1
v04-phase5-warehouse-promoted-only-fixed-replay-20260613T075754Z-claw	rep04_no_measurement/materialized/d27b539b2b540a74/record_only	sprint-f4-milp-results	466944	bd8bfd8e020be2a51d1268070870c7ee2ff6b2ce	surrogate/sprint-f4-milp-results	2a65d92d3876b297da8a70c215e29c02beb12888a6b0cf5782d5b959139ef521	git -C {repo} archive {git_commit} {git_source} | tar -x -C {experiment_root}/{root}/{parent_relative} --strip-components=1
v04-phase5-warehouse-promoted-only-fixed-replay-20260613T075754Z-claw	rep04_no_measurement/materialized/d27b539b2b540a74/record_only	tests	372736	bd8bfd8e020be2a51d1268070870c7ee2ff6b2ce	surrogate/tests	6421b91de97dcff6251ebfc4a2c6fac826b3bf9e622f0f3a9a3b51adcbb561a5	git -C {repo} archive {git_commit} {git_source} | tar -x -C {experiment_root}/{root}/{parent_relative} --strip-components=1
v04-phase5-warehouse-promoted-only-fixed-replay-20260613T075754Z-claw	rep04_no_measurement/materialized/d27b539b2b540a74/record_only	milp_bounds	327680	bd8bfd8e020be2a51d1268070870c7ee2ff6b2ce	surrogate/milp_bounds	c127bcd8e5778b4909edd75c31b2df601f40f512065c23108337dfbaaa1c6808	git -C {repo} archive {git_commit} {git_source} | tar -x -C {experiment_root}/{root}/{parent_relative} --strip-components=1
v04-phase5-warehouse-promoted-only-fixed-replay-20260613T075754Z-claw	rep04_no_measurement/materialized/d27b539b2b540a74/record_only	calibration	8192	bd8bfd8e020be2a51d1268070870c7ee2ff6b2ce	surrogate/calibration	3c7648f54a6456a5824cc7f18140d3b28226300a12bf3bb4196cde86d8453016	git -C {repo} archive {git_commit} {git_source} | tar -x -C {experiment_root}/{root}/{parent_relative} --strip-components=1
